Ranking,Flat_Index,Is_Pareto,TOPSIS_Score,objective_1_Huippukuorma_max_F_N,objective_2_Kokonaiskuorma_sum_F_N,objective_3_Takajousien_kuormajaon_hajonta_std_F_d_F_f,objective_4_Rakennemassa_A_kg_m_G_kg_m_kg,M_x_1_F_a,M_x_2_F_b,M_x_3_F_c,M_x_4_F_d,M_x_5_F_e,M_x_6_F_f,A,B,G,dynamic_Fg_1,dynamic_Fg_2,static_H,static_K,static_F_1,static_g,static_frame_mass_per_m,static_drawbar_mass_per_m,static_Fg_1,static_Fg_2,static_J
1.00000000,2191.00000000,1.00000000,0.93053191,34518.68804598,123394.38172414,9964.68691771,867.00000000,13964.48390805,26428.03781609,13964.48390805,17259.34402299,34518.68804598,17259.34402299,7.00000000,2.28571429,3.00000000,7004.34000000,1500.93000000,1.50000000,0.80000000,80000.00000000,9.81000000,102.00000000,51.00000000,7004.34000000,1500.93000000,8.50000000
2.00000000,2201.00000000,1.00000000,0.92983726,35330.89247059,118521.15517647,10199.15013930,867.00000000,12340.07505882,23179.22011765,12340.07505882,17665.44623529,35330.89247059,17665.44623529,7.00000000,2.42857143,3.00000000,7004.34000000,1500.93000000,1.50000000,0.80000000,80000.00000000,9.81000000,102.00000000,51.00000000,7004.34000000,1500.93000000,8.50000000
3.00000000,2192.00000000,1.00000000,0.92969662,34325.66154329,124552.54074028,9908.96496606,878.33333333,14350.53691343,27200.14382685,14350.53691343,17162.83077164,34325.66154329,17162.83077164,7.11111111,2.28571429,3.00000000,7115.52000000,1500.93000000,1.50000000,0.80000000,80000.00000000,9.81000000,102.00000000,51.00000000,7115.52000000,1500.93000000,8.61111111
4.00000000,2181.00000000,1.00000000,0.92951643,33742.98719101,128048.58685393,9740.76136900,867.00000000,15515.88561798,29530.84123596,15515.88561798,16871.49359551,33742.98719101,16871.49359551,7.00000000,2.14285714,3.00000000,7004.34000000,1500.93000000,1.50000000,0.80000000,80000.00000000,9.81000000,102.00000000,51.00000000,7004.34000000,1500.93000000,8.50000000
5.00000000,2202.00000000,1.00000000,0.92945864,35118.80905006,119793.65569961,10137.92692934,878.33333333,12764.24189987,24027.55379974,12764.24189987,17559.40452503,35118.80905006,17559.40452503,7.11111111,2.42857143,3.00000000,7115.52000000,1500.93000000,1.50000000,0.80000000,80000.00000000,9.81000000,102.00000000,51.00000000,7115.52000000,1500.93000000,8.61111111
6.00000000,2041.00000000,1.00000000,0.92934360,34503.30905878,124784.10010923,9960.24738651,862.62857143,13909.47445386,27159.71785297,14708.28968483,17251.65452939,34503.30905878,17251.65452939,7.00000000,2.28571429,2.91428571,7004.34000000,1458.04628571,1.50000000,0.80000000,80000.00000000,9.81000000,102.00000000,51.00000000,7004.34000000,1458.04628571,8.50000000
7.00000000,2051.00000000,1.00000000,0.92911122,35315.15162487,119716.23439364,10194.60614855,862.62857143,12285.78932168,23813.94242909,12986.19939312,17657.57581244,35315.15162487,17657.57581244,7.00000000,2.42857143,2.91428571,7004.34000000,1458.04628571,1.50000000,0.80000000,80000.00000000,9.81000000,102.00000000,51.00000000,7004.34000000,1458.04628571,8.50000000
8.00000000,2203.00000000,1.00000000,0.92883493,34915.19548550,121015.33708701,10079.14875618,889.66666667,13171.46902900,24842.00805801,13171.46902900,17457.59774275,34915.19548550,17457.59774275,7.22222222,2.42857143,3.00000000,7226.70000000,1500.93000000,1.50000000,0.80000000,80000.00000000,9.81000000,102.00000000,51.00000000,7226.70000000,1500.93000000,8.72222222
9.00000000,2052.00000000,1.00000000,0.92867243,35103.35109503,121038.38315570,10133.46460209,873.96190476,12709.39038137,24686.81733996,13435.47324431,17551.67554752,35103.35109503,17551.67554752,7.11111111,2.42857143,2.91428571,7115.52000000,1458.04628571,1.50000000,0.80000000,80000.00000000,9.81000000,102.00000000,51.00000000,7115.52000000,1458.04628571,8.61111111
10.00000000,2193.00000000,1.00000000,0.92866501,34140.25896424,125664.95621455,9855.44385160,889.66666667,14721.34207152,27941.75414303,14721.34207152,17070.12948212,34140.25896424,17070.12948212,7.22222222,2.28571429,3.00000000,7226.70000000,1500.93000000,1.50000000,0.80000000,80000.00000000,9.81000000,102.00000000,51.00000000,7226.70000000,1500.93000000,8.72222222
11.00000000,2042.00000000,1.00000000,0.92845391,34310.55270142,125987.36706735,9904.60341910,873.96190476,14294.98716860,27954.10768940,15117.16680652,17155.27635071,34310.55270142,17155.27635071,7.11111111,2.28571429,2.91428571,7115.52000000,1458.04628571,1.50000000,0.80000000,80000.00000000,9.81000000,102.00000000,51.00000000,7115.52000000,1458.04628571,8.61111111
12.00000000,2182.00000000,1.00000000,0.92835252,33567.54877301,129101.21736196,9690.11666007,878.33333333,15866.76245399,30232.59490798,15866.76245399,16783.77438650,33567.54877301,16783.77438650,7.11111111,2.14285714,3.00000000,7115.52000000,1500.93000000,1.50000000,0.80000000,80000.00000000,9.81000000,102.00000000,51.00000000,7115.52000000,1500.93000000,8.61111111
13.00000000,1901.00000000,1.00000000,0.92815394,35299.71348773,121081.61626889,10190.14954223,858.25714286,12230.89816739,24533.51336100,13717.77776503,17649.85674387,35299.71348773,17649.85674387,7.00000000,2.42857143,2.82857143,7004.34000000,1415.16257143,1.50000000,0.80000000,80000.00000000,9.81000000,102.00000000,51.00000000,7004.34000000,1415.16257143,8.50000000
14.00000000,2053.00000000,1.00000000,0.92799262,34900.01043257,122307.72183651,10074.76520898,885.29523810,13116.07170629,25524.82734283,13866.80192225,17450.00521629,34900.01043257,17450.00521629,7.22222222,2.42857143,2.91428571,7226.70000000,1458.04628571,1.50000000,0.80000000,80000.00000000,9.81000000,102.00000000,51.00000000,7226.70000000,1458.04628571,8.72222222
15.00000000,2204.00000000,1.00000000,0.92798824,34719.61096654,122188.84420074,10022.68836885,901.00000000,13562.63806691,25624.34613383,13562.63806691,17359.80548327,34719.61096654,17359.80548327,7.33333333,2.42857143,3.00000000,7337.88000000,1500.93000000,1.50000000,0.80000000,80000.00000000,9.81000000,102.00000000,51.00000000,7337.88000000,1500.93000000,8.83333333
16.00000000,2031.00000000,1.00000000,0.92786103,33727.95379904,129624.19657917,9736.42160254,862.62857143,15460.18497335,30355.12134769,16352.98266005,16863.97689952,33727.95379904,16863.97689952,7.00000000,2.14285714,2.91428571,7004.34000000,1458.04628571,1.50000000,0.80000000,80000.00000000,9.81000000,102.00000000,51.00000000,7004.34000000,1458.04628571,8.50000000
17.00000000,1891.00000000,1.00000000,0.92785840,34488.22582135,126369.37461113,9955.89323091,858.25714286,13853.87350016,27988.88019851,15550.16926977,17244.11291067,34488.22582135,17244.11291067,7.00000000,2.28571429,2.82857143,7004.34000000,1415.16257143,1.50000000,0.80000000,80000.00000000,9.81000000,102.00000000,51.00000000,7004.34000000,1415.16257143,8.50000000
18.00000000,1902.00000000,1.00000000,0.92763874,35088.19040836,122459.92794735,10129.08808882,869.59047619,12653.94432613,25434.19227960,14195.41052490,17544.09520418,35088.19040836,17544.09520418,7.11111111,2.42857143,2.82857143,7115.52000000,1415.16257143,1.50000000,0.80000000,80000.00000000,9.81000000,102.00000000,51.00000000,7115.52000000,1415.16257143,8.61111111
19.00000000,2194.00000000,1.00000000,0.92745825,33962.09218182,126733.95690909,9804.01153171,901.00000000,15077.67563636,28654.42127273,15077.67563636,16981.04609091,33962.09218182,16981.04609091,7.33333333,2.28571429,3.00000000,7337.88000000,1500.93000000,1.50000000,0.80000000,80000.00000000,9.81000000,102.00000000,51.00000000,7337.88000000,1500.93000000,8.83333333
20.00000000,2212.00000000,1.00000000,0.92741369,35949.47733246,114809.64600526,10377.72020756,878.33333333,11102.90533509,20704.88067017,11102.90533509,17974.73866623,35949.47733246,17974.73866623,7.11111111,2.57142857,3.00000000,7115.52000000,1500.93000000,1.50000000,0.80000000,80000.00000000,9.81000000,102.00000000,51.00000000,7115.52000000,1500.93000000,8.61111111
21.00000000,2043.00000000,1.00000000,0.92737446,34125.41094085,127143.10048180,9851.15759645,885.29523810,14665.27068973,28717.11615719,15509.89175318,17062.70547042,34125.41094085,17062.70547042,7.22222222,2.28571429,2.91428571,7226.70000000,1458.04628571,1.50000000,0.80000000,80000.00000000,9.81000000,102.00000000,51.00000000,7226.70000000,1458.04628571,8.72222222
22.00000000,2213.00000000,1.00000000,0.92730889,35726.12905806,116149.73565161,10313.24511439,889.66666667,11549.60188387,21598.27376774,11549.60188387,17863.06452903,35726.12905806,17863.06452903,7.22222222,2.57142857,3.00000000,7226.70000000,1500.93000000,1.50000000,0.80000000,80000.00000000,9.81000000,102.00000000,51.00000000,7226.70000000,1500.93000000,8.72222222
23.00000000,2211.00000000,1.00000000,0.92723136,36182.23927711,113413.07433735,10444.91279326,867.00000000,10637.38144578,19773.83289157,10637.38144578,18091.11963855,36182.23927711,18091.11963855,7.00000000,2.57142857,3.00000000,7004.34000000,1500.93000000,1.50000000,0.80000000,80000.00000000,9.81000000,102.00000000,51.00000000,7004.34000000,1500.93000000,8.50000000
24.00000000,2171.00000000,1.00000000,0.92710398,33001.38307692,132498.21153846,9526.67870155,867.00000000,16999.09384615,32497.25769231,16999.09384615,16500.69153846,33001.38307692,16500.69153846,7.00000000,2.00000000,3.00000000,7004.34000000,1500.93000000,1.50000000,0.80000000,80000.00000000,9.81000000,102.00000000,51.00000000,7004.34000000,1500.93000000,8.50000000
25.00000000,2054.00000000,0.00000000,0.92709440,34704.68934700,123526.99891613,10018.38086832,896.62857143,13506.71387743,26329.78696821,14281.11937649,17352.34467350,34704.68934700,17352.34467350,7.33333333,2.42857143,2.91428571,7337.88000000,1458.04628571,1.50000000,0.80000000,80000.00000000,9.81000000,102.00000000,51.00000000,7337.88000000,1458.04628571,8.83333333
26.00000000,2062.00000000,1.00000000,0.92704446,35933.65374905,115855.28173968,10373.15233249,873.96190476,11048.78507332,21264.96397793,11674.22519032,17966.82687453,35933.65374905,17966.82687453,7.11111111,2.57142857,2.91428571,7115.52000000,1458.04628571,1.50000000,0.80000000,80000.00000000,9.81000000,102.00000000,51.00000000,7115.52000000,1458.04628571,8.61111111
27.00000000,2183.00000000,1.00000000,0.92703897,33398.97469240,130112.66184560,9641.45351466,889.66666667,16203.91061520,30906.89123040,16203.91061520,16699.48734620,33398.97469240,16699.48734620,7.22222222,2.14285714,3.00000000,7226.70000000,1500.93000000,1.50000000,0.80000000,80000.00000000,9.81000000,102.00000000,51.00000000,7226.70000000,1500.93000000,8.72222222
28.00000000,2205.00000000,1.00000000,0.92694074,34531.64475030,123316.64149817,9968.42719607,912.33333333,13938.57049939,26376.21099878,13938.57049939,17265.82237515,34531.64475030,17265.82237515,7.44444444,2.42857143,3.00000000,7449.06000000,1500.93000000,1.50000000,0.80000000,80000.00000000,9.81000000,102.00000000,51.00000000,7449.06000000,1500.93000000,8.94444444
29.00000000,2214.00000000,1.00000000,0.92693665,35511.69334601,117436.34992395,10251.34285635,901.00000000,11978.47330798,22456.01661597,11978.47330798,17755.84667300,35511.69334601,17755.84667300,7.33333333,2.57142857,3.00000000,7337.88000000,1500.93000000,1.50000000,0.80000000,80000.00000000,9.81000000,102.00000000,51.00000000,7337.88000000,1500.93000000,8.83333333
30.00000000,2061.00000000,1.00000000,0.92691637,36166.11913391,114404.13418574,10440.25930875,862.62857143,10583.85430361,20306.92481611,11181.11679821,18083.05956695,36166.11913391,18083.05956695,7.00000000,2.57142857,2.91428571,7004.34000000,1458.04628571,1.50000000,0.80000000,80000.00000000,9.81000000,102.00000000,51.00000000,7004.34000000,1458.04628571,8.50000000
31.00000000,1751.00000000,1.00000000,0.92691358,35284.57805916,122652.66109362,10185.78032035,853.88571429,12175.40159597,25355.61305908,14552.49032025,17642.28902958,35284.57805916,17642.28902958,7.00000000,2.42857143,2.74285714,7004.34000000,1372.27885714,1.50000000,0.80000000,80000.00000000,9.81000000,102.00000000,51.00000000,7004.34000000,1372.27885714,8.50000000
32.00000000,1892.00000000,1.00000000,0.92690055,34295.73441420,127623.67345773,9900.32574805,869.59047619,14238.85631446,28808.52102895,15984.82728592,17147.86720710,34295.73441420,17147.86720710,7.11111111,2.28571429,2.82857143,7115.52000000,1415.16257143,1.50000000,0.80000000,80000.00000000,9.81000000,102.00000000,51.00000000,7115.52000000,1415.16257143,8.61111111
33.00000000,1903.00000000,0.00000000,0.92688786,34885.11739989,123783.17787352,10070.46596077,880.92380952,13060.09034307,26298.89025115,14653.96247951,17442.55869995,34885.11739989,17442.55869995,7.22222222,2.42857143,2.82857143,7226.70000000,1415.16257143,1.50000000,0.80000000,80000.00000000,9.81000000,102.00000000,51.00000000,7226.70000000,1415.16257143,8.72222222
34.00000000,2063.00000000,1.00000000,0.92688572,35710.59132004,117247.73205414,10308.75975577,885.29523810,11494.90993135,22184.25156418,12147.38791854,17855.29566002,35710.59132004,17855.29566002,7.22222222,2.57142857,2.91428571,7226.70000000,1458.04628571,1.50000000,0.80000000,80000.00000000,9.81000000,102.00000000,51.00000000,7226.70000000,1458.04628571,8.72222222
35.00000000,2032.00000000,1.00000000,0.92665637,33552.77362335,130717.74555469,9685.85144175,873.96190476,15810.54532473,31077.07601114,16724.57697212,16776.38681167,33552.77362335,16776.38681167,7.11111111,2.14285714,2.91428571,7115.52000000,1458.04628571,1.50000000,0.80000000,80000.00000000,9.81000000,102.00000000,51.00000000,7115.52000000,1458.04628571,8.61111111
36.00000000,1912.00000000,1.00000000,0.92649627,35918.13446533,117051.90538261,10368.67230117,869.59047619,10994.05621220,21900.23694026,12321.34329949,17959.06723266,35918.13446533,17959.06723266,7.11111111,2.57142857,2.82857143,7115.52000000,1415.16257143,1.50000000,0.80000000,80000.00000000,9.81000000,102.00000000,51.00000000,7115.52000000,1415.16257143,8.61111111
37.00000000,2064.00000000,0.00000000,0.92646084,35496.43130929,118584.60969700,10246.93708584,896.62857143,11923.22995285,23066.85039635,12601.66672922,17748.21565464,35496.43130929,17748.21565464,7.33333333,2.57142857,2.91428571,7337.88000000,1458.04628571,1.50000000,0.80000000,80000.00000000,9.81000000,102.00000000,51.00000000,7337.88000000,1458.04628571,8.83333333
38.00000000,1911.00000000,1.00000000,0.92643950,36150.30899346,115539.02619930,10435.69531433,858.25714286,10529.70715594,20911.62282048,11797.07823597,18075.15449673,36150.30899346,18075.15449673,7.00000000,2.57142857,2.82857143,7004.34000000,1415.16257143,1.50000000,0.80000000,80000.00000000,9.81000000,102.00000000,51.00000000,7004.34000000,1415.16257143,8.50000000
39.00000000,2215.00000000,1.00000000,0.92631811,35305.70403487,118672.28579078,10191.87886423,912.33333333,12390.45193026,23279.97386052,12390.45193026,17652.85201743,35305.70403487,17652.85201743,7.44444444,2.57142857,3.00000000,7449.06000000,1500.93000000,1.50000000,0.80000000,80000.00000000,9.81000000,102.00000000,51.00000000,7449.06000000,1500.93000000,8.94444444
40.00000000,1752.00000000,1.00000000,0.92630247,35073.32699006,124094.99597919,10124.79738954,865.21904762,12597.90373416,26288.03157096,15062.40669394,17536.66349503,35073.32699006,17536.66349503,7.11111111,2.42857143,2.74285714,7115.52000000,1372.27885714,1.50000000,0.80000000,80000.00000000,9.81000000,102.00000000,51.00000000,7115.52000000,1372.27885714,8.61111111
41.00000000,1913.00000000,1.00000000,0.92626724,35695.35238466,118503.58216629,10304.36065405,880.92380952,11439.62037353,22848.85741277,12824.39961067,17847.67619233,35695.35238466,17847.67619233,7.22222222,2.57142857,2.82857143,7226.70000000,1415.16257143,1.50000000,0.80000000,80000.00000000,9.81000000,102.00000000,51.00000000,7226.70000000,1415.16257143,8.72222222
42.00000000,2044.00000000,0.00000000,0.92612633,33947.49612488,128253.72024207,9799.79801301,896.62857143,15021.10032166,29450.34085330,15887.28681735,16973.74806244,33947.49612488,16973.74806244,7.33333333,2.28571429,2.91428571,7337.88000000,1458.04628571,1.50000000,0.80000000,80000.00000000,9.81000000,102.00000000,51.00000000,7337.88000000,1458.04628571,8.83333333
43.00000000,2195.00000000,1.00000000,0.92609650,33790.79897497,127761.71615018,9754.56344217,912.33333333,15420.26205006,29339.59410012,15420.26205006,16895.39948749,33790.79897497,16895.39948749,7.44444444,2.28571429,3.00000000,7449.06000000,1500.93000000,1.50000000,0.80000000,80000.00000000,9.81000000,102.00000000,51.00000000,7449.06000000,1500.93000000,8.94444444
44.00000000,1741.00000000,1.00000000,0.92601372,34473.43833366,128190.78749529,9951.62445092,853.88571429,13797.68104696,28935.81598541,16510.41379559,17236.71916683,34473.43833366,17236.71916683,7.00000000,2.28571429,2.74285714,7004.34000000,1372.27885714,1.50000000,0.80000000,80000.00000000,9.81000000,102.00000000,51.00000000,7004.34000000,1372.27885714,8.50000000
45.00000000,2055.00000000,0.00000000,0.92600024,34516.97757982,124698.77540219,9964.19314866,907.96190476,13882.13741180,27103.38697842,14679.29585234,17258.48878991,34516.97757982,17258.48878991,7.44444444,2.42857143,2.91428571,7449.06000000,1458.04628571,1.50000000,0.80000000,80000.00000000,9.81000000,102.00000000,51.00000000,7449.06000000,1458.04628571,8.94444444
46.00000000,1904.00000000,0.00000000,0.92592450,34690.05468168,125054.23171478,10014.15620433,892.25714286,13450.21577950,27129.47989000,15094.42668192,17345.02734084,34690.05468168,17345.02734084,7.33333333,2.42857143,2.82857143,7337.88000000,1415.16257143,1.50000000,0.80000000,80000.00000000,9.81000000,102.00000000,51.00000000,7337.88000000,1415.16257143,8.83333333
47.00000000,1881.00000000,1.00000000,0.92585326,33713.20951075,131419.48089306,9732.16529314,858.25714286,15403.90612135,31288.94965006,17300.20610014,16856.60475538,33713.20951075,16856.60475538,7.00000000,2.14285714,2.82857143,7004.34000000,1415.16257143,1.50000000,0.80000000,80000.00000000,9.81000000,102.00000000,51.00000000,7004.34000000,1415.16257143,8.50000000
48.00000000,2065.00000000,0.00000000,0.92579175,35290.70808596,119868.82133351,10187.54990666,907.96190476,12334.67639950,23914.67943793,13038.04932415,17645.35404298,35290.70808596,17645.35404298,7.44444444,2.57142857,2.91428571,7449.06000000,1458.04628571,1.50000000,0.80000000,80000.00000000,9.81000000,102.00000000,51.00000000,7449.06000000,1458.04628571,8.94444444
49.00000000,1914.00000000,0.00000000,0.92577424,35481.46277328,119897.31447276,10242.61604170,892.25714286,11867.39959631,23759.61317739,13307.37615251,17740.73138664,35481.46277328,17740.73138664,7.33333333,2.57142857,2.82857143,7337.88000000,1415.16257143,1.50000000,0.80000000,80000.00000000,9.81000000,102.00000000,51.00000000,7337.88000000,1415.16257143,8.83333333
50.00000000,1761.00000000,1.00000000,0.92576255,36134.80885577,116847.63703403,10431.22081000,853.88571429,10474.94000275,21602.87023268,12500.20908707,18067.40442788,36134.80885577,18067.40442788,7.00000000,2.57142857,2.74285714,7004.34000000,1372.27885714,1.50000000,0.80000000,80000.00000000,9.81000000,102.00000000,51.00000000,7004.34000000,1372.27885714,8.50000000
51.00000000,1893.00000000,0.00000000,0.92576093,34110.84845637,128828.41421519,9846.95376929,880.92380952,14608.62823012,29595.77736551,16402.31170682,17055.42422818,34110.84845637,17055.42422818,7.22222222,2.28571429,2.82857143,7226.70000000,1415.16257143,1.50000000,0.80000000,80000.00000000,9.81000000,102.00000000,51.00000000,7226.70000000,1415.16257143,8.72222222
52.00000000,1762.00000000,1.00000000,0.92572702,35902.91948128,118430.88172877,10364.28011361,865.21904762,10938.71875172,22626.38195453,13059.94205995,17951.45974064,35902.91948128,17951.45974064,7.11111111,2.57142857,2.74285714,7115.52000000,1372.27885714,1.50000000,0.80000000,80000.00000000,9.81000000,102.00000000,51.00000000,7115.52000000,1372.27885714,8.61111111
53.00000000,2206.00000000,1.00000000,0.92571407,34350.91364072,124401.02815569,9916.25461869,923.66666667,14300.03271856,27099.13543713,14300.03271856,17175.45682036,34350.91364072,17175.45682036,7.55555556,2.42857143,3.00000000,7560.24000000,1500.93000000,1.50000000,0.80000000,80000.00000000,9.81000000,102.00000000,51.00000000,7560.24000000,1500.93000000,9.05555556
54.00000000,2184.00000000,1.00000000,0.92559361,33236.92295374,131084.97227758,9594.67320719,901.00000000,16528.01409253,31555.09818505,16528.01409253,16618.46147687,33236.92295374,16618.46147687,7.33333333,2.14285714,3.00000000,7337.88000000,1500.93000000,1.50000000,0.80000000,80000.00000000,9.81000000,102.00000000,51.00000000,7337.88000000,1500.93000000,8.83333333
55.00000000,2172.00000000,1.00000000,0.92559026,33133.99168067,133453.31252101,9480.72638410,878.33333333,17317.46084034,33133.99168067,17317.46084034,16421.09978992,32842.19957983,16421.09978992,7.11111111,2.00000000,3.00000000,7115.52000000,1500.93000000,1.50000000,0.80000000,80000.00000000,9.81000000,102.00000000,51.00000000,7115.52000000,1500.93000000,8.61111111
56.00000000,2216.00000000,1.00000000,0.92547517,35107.72691554,119860.14850673,10134.72779266,923.66666667,12786.40616891,24071.88233782,12786.40616891,17553.86345777,35107.72691554,17553.86345777,7.55555556,2.57142857,3.00000000,7560.24000000,1500.93000000,1.50000000,0.80000000,80000.00000000,9.81000000,102.00000000,51.00000000,7560.24000000,1500.93000000,9.05555556
57.00000000,1753.00000000,0.00000000,0.92546261,34870.51638746,125479.70285211,10066.25101154,876.55238095,13003.52493936,27183.19561002,15551.94952780,17435.25819373,34870.51638746,17435.25819373,7.22222222,2.42857143,2.74285714,7226.70000000,1372.27885714,1.50000000,0.80000000,80000.00000000,9.81000000,102.00000000,51.00000000,7226.70000000,1372.27885714,8.72222222
58.00000000,1763.00000000,0.00000000,0.92540764,35680.41225194,119950.06901874,10300.04780923,876.55238095,11383.73321040,23608.48282885,13597.02847560,17840.20612597,35680.41225194,17840.20612597,7.22222222,2.57142857,2.74285714,7226.70000000,1372.27885714,1.50000000,0.80000000,80000.00000000,9.81000000,102.00000000,51.00000000,7226.70000000,1372.27885714,8.72222222
59.00000000,1601.00000000,1.00000000,0.92532198,35269.74533916,124475.20628265,10181.49848291,849.51428571,12119.29960739,26303.16023074,15513.25576620,17634.87266958,35269.74533916,17634.87266958,7.00000000,2.42857143,2.65714286,7004.34000000,1329.39514286,1.50000000,0.80000000,80000.00000000,9.81000000,102.00000000,51.00000000,7004.34000000,1329.39514286,8.50000000
60.00000000,2033.00000000,1.00000000,0.92530944,33384.44906276,131768.49887229,9637.26032657,885.29523810,16147.19444591,31770.77723053,17081.62907033,16692.22453138,33384.44906276,16692.22453138,7.22222222,2.14285714,2.91428571,7226.70000000,1458.04628571,1.50000000,0.80000000,80000.00000000,9.81000000,102.00000000,51.00000000,7226.70000000,1458.04628571,8.72222222
61.00000000,1915.00000000,0.00000000,0.92504021,35276.00052069,121236.13302186,10183.30419828,903.59047619,12278.32410148,24634.48470453,13771.32317448,17638.00026035,35276.00052069,17638.00026035,7.44444444,2.57142857,2.82857143,7449.06000000,1415.16257143,1.50000000,0.80000000,80000.00000000,9.81000000,102.00000000,51.00000000,7449.06000000,1415.16257143,8.94444444
62.00000000,1742.00000000,1.00000000,0.92497148,34281.20668163,129503.26567125,9896.13195289,865.21904762,14182.14435103,29784.28672543,16974.42123154,17140.60334081,34281.20668163,17140.60334081,7.11111111,2.28571429,2.74285714,7115.52000000,1372.27885714,1.50000000,0.80000000,80000.00000000,9.81000000,102.00000000,51.00000000,7115.52000000,1372.27885714,8.61111111
63.00000000,2066.00000000,0.00000000,0.92490097,35092.98793516,121103.07439608,10130.47301552,919.29523810,12730.11670110,24729.52612002,13457.45570463,17546.49396758,35092.98793516,17546.49396758,7.55555556,2.57142857,2.91428571,7560.24000000,1458.04628571,1.50000000,0.80000000,80000.00000000,9.81000000,102.00000000,51.00000000,7560.24000000,1458.04628571,9.05555556
64.00000000,1611.00000000,1.00000000,0.92483434,36119.61872083,118368.70865142,10426.83579575,849.51428571,10419.55284406,22400.03803345,13309.88033225,18059.80936041,36119.61872083,18059.80936041,7.00000000,2.57142857,2.65714286,7004.34000000,1329.39514286,1.50000000,0.80000000,80000.00000000,9.81000000,102.00000000,51.00000000,7004.34000000,1329.39514286,8.50000000
65.00000000,1764.00000000,0.00000000,0.92482770,35466.78773797,121408.60880382,10238.37972390,887.88571429,11810.98223835,24551.37723537,14112.67385416,17733.39386898,35466.78773797,17733.39386898,7.33333333,2.57142857,2.74285714,7337.88000000,1372.27885714,1.50000000,0.80000000,80000.00000000,9.81000000,102.00000000,51.00000000,7337.88000000,1372.27885714,8.83333333
66.00000000,1905.00000000,0.00000000,0.92477142,34502.59247030,126275.75967281,9960.04052523,903.59047619,13825.14020226,27927.70608039,15517.72844956,17251.29623515,34502.59247030,17251.29623515,7.44444444,2.42857143,2.82857143,7449.06000000,1415.16257143,1.50000000,0.80000000,80000.00000000,9.81000000,102.00000000,51.00000000,7449.06000000,1415.16257143,8.94444444
67.00000000,2021.00000000,1.00000000,0.92474362,33410.06754594,134251.54155593,9522.43431458,862.62857143,16942.73239309,33410.06754594,17925.38143856,16493.34004458,32986.68008917,16493.34004458,7.00000000,2.00000000,2.91428571,7004.34000000,1458.04628571,1.50000000,0.80000000,80000.00000000,9.81000000,102.00000000,51.00000000,7004.34000000,1458.04628571,8.50000000
68.00000000,2056.00000000,0.00000000,0.92473188,34336.49238686,125825.44054609,9912.09156129,919.29523810,14243.10779771,27847.20474333,15062.14323133,17168.24619343,34336.49238686,17168.24619343,7.55555556,2.42857143,2.91428571,7560.24000000,1458.04628571,1.50000000,0.80000000,80000.00000000,9.81000000,102.00000000,51.00000000,7560.24000000,1458.04628571,9.05555556
69.00000000,2045.00000000,0.00000000,0.92472942,33776.44647560,129321.48471941,9750.42023248,907.96190476,15363.19962023,30155.27274125,16250.11940674,16888.22323780,33776.44647560,16888.22323780,7.44444444,2.28571429,2.91428571,7449.06000000,1458.04628571,1.50000000,0.80000000,80000.00000000,9.81000000,102.00000000,51.00000000,7449.06000000,1458.04628571,8.94444444
70.00000000,1612.00000000,1.00000000,0.92468056,35888.00879692,120032.86884540,10359.97576979,860.84761905,10882.77269187,23463.72805435,13910.35050534,17944.00439846,35888.00879692,17944.00439846,7.11111111,2.57142857,2.65714286,7115.52000000,1329.39514286,1.50000000,0.80000000,80000.00000000,9.81000000,102.00000000,51.00000000,7115.52000000,1329.39514286,8.61111111
71.00000000,2196.00000000,1.00000000,0.92459864,33626.04090270,128750.26458382,9707.00188348,923.66666667,15749.77819461,29998.62638921,15749.77819461,16813.02045135,33626.04090270,16813.02045135,7.55555556,2.28571429,3.00000000,7560.24000000,1500.93000000,1.50000000,0.80000000,80000.00000000,9.81000000,102.00000000,51.00000000,7560.24000000,1500.93000000,9.05555556
72.00000000,1882.00000000,0.00000000,0.92459687,33538.28261118,132559.32714188,9681.66824686,869.59047619,15753.75992049,32033.79967404,17695.20232498,16769.14130559,33538.28261118,16769.14130559,7.11111111,2.14285714,2.82857143,7115.52000000,1415.16257143,1.50000000,0.80000000,80000.00000000,9.81000000,102.00000000,51.00000000,7115.52000000,1415.16257143,8.61111111
73.00000000,1602.00000000,1.00000000,0.92459151,35058.76084012,125991.16897942,10120.59250425,860.84761905,12541.26860546,27272.12607816,16060.25261555,17529.38042006,35058.76084012,17529.38042006,7.11111111,2.42857143,2.65714286,7115.52000000,1329.39514286,1.50000000,0.80000000,80000.00000000,9.81000000,102.00000000,51.00000000,7115.52000000,1329.39514286,8.61111111
74.00000000,1894.00000000,0.00000000,0.92446047,33933.18076135,129986.11984078,9795.66552351,892.25714286,14963.96362016,30352.29787333,16803.49682460,16966.59038068,33933.18076135,16966.59038068,7.33333333,2.28571429,2.82857143,7337.88000000,1415.16257143,1.50000000,0.80000000,80000.00000000,9.81000000,102.00000000,51.00000000,7337.88000000,1415.16257143,8.83333333
75.00000000,2217.00000000,1.00000000,0.92442980,34917.35703971,121002.36776173,10079.77274313,935.00000000,13167.14592058,24833.36184116,13167.14592058,17458.67851986,34917.35703971,17458.67851986,7.66666667,2.57142857,3.00000000,7671.42000000,1500.93000000,1.50000000,0.80000000,80000.00000000,9.81000000,102.00000000,51.00000000,7671.42000000,1500.93000000,9.16666667
76.00000000,1754.00000000,0.00000000,0.92441783,34675.70697058,126809.78093979,10010.01437690,887.88571429,13393.14377313,28043.04407075,16022.17915476,17337.85348529,34675.70697058,17337.85348529,7.33333333,2.42857143,2.74285714,7337.88000000,1372.27885714,1.50000000,0.80000000,80000.00000000,9.81000000,102.00000000,51.00000000,7337.88000000,1372.27885714,8.83333333
77.00000000,2207.00000000,1.00000000,0.92432887,34177.05971731,125444.15169611,9866.06731395,935.00000000,14647.74056537,27794.55113074,14647.74056537,17088.52985866,34177.05971731,17088.52985866,7.66666667,2.42857143,3.00000000,7671.42000000,1500.93000000,1.50000000,0.80000000,80000.00000000,9.81000000,102.00000000,51.00000000,7671.42000000,1500.93000000,9.16666667
78.00000000,1613.00000000,0.00000000,0.92424621,35665.77092188,121629.68913273,10295.82122130,872.18095238,11327.24844195,24484.37607306,14486.52277396,17832.88546094,35665.77092188,17832.88546094,7.22222222,2.57142857,2.65714286,7226.70000000,1329.39514286,1.50000000,0.80000000,80000.00000000,9.81000000,102.00000000,51.00000000,7226.70000000,1329.39514286,8.72222222
79.00000000,2224.00000000,1.00000000,0.92415473,36340.76011673,112461.94929961,10490.67381798,901.00000000,10320.33976654,19139.74953307,10320.33976654,18170.38005837,36340.76011673,18170.38005837,7.33333333,2.71428571,3.00000000,7337.88000000,1500.93000000,1.50000000,0.80000000,80000.00000000,9.81000000,102.00000000,51.00000000,7337.88000000,1500.93000000,8.83333333
80.00000000,1916.00000000,0.00000000,0.92408838,35078.53239671,122522.86079746,10126.30006101,914.92380952,12673.26034943,25475.31671630,14217.21893830,17539.26619836,35078.53239671,17539.26619836,7.55555556,2.57142857,2.82857143,7560.24000000,1415.16257143,1.50000000,0.80000000,80000.00000000,9.81000000,102.00000000,51.00000000,7560.24000000,1415.16257143,9.05555556
81.00000000,2225.00000000,1.00000000,0.92405898,36115.26157962,113814.94052229,10425.57799742,912.33333333,10771.33684076,20041.74368153,10771.33684076,18057.63078981,36115.26157962,18057.63078981,7.44444444,2.71428571,3.00000000,7449.06000000,1500.93000000,1.50000000,0.80000000,80000.00000000,9.81000000,102.00000000,51.00000000,7449.06000000,1500.93000000,8.94444444
82.00000000,2074.00000000,1.00000000,0.92403886,36325.14176787,113411.44744039,10486.16518902,896.62857143,10265.80903569,19651.55880947,10843.79605949,18162.57088394,36325.14176787,18162.57088394,7.33333333,2.71428571,2.91428571,7337.88000000,1458.04628571,1.50000000,0.80000000,80000.00000000,9.81000000,102.00000000,51.00000000,7337.88000000,1458.04628571,8.83333333
83.00000000,2185.00000000,1.00000000,0.92403287,33081.07390898,132020.06654609,9549.68346322,912.33333333,16839.71218203,32178.49436406,16839.71218203,16540.53695449,33081.07390898,16540.53695449,7.44444444,2.14285714,3.00000000,7449.06000000,1500.93000000,1.50000000,0.80000000,80000.00000000,9.81000000,102.00000000,51.00000000,7449.06000000,1500.93000000,8.94444444
84.00000000,1765.00000000,0.00000000,0.92401122,35261.58133905,122809.67318264,10179.14173908,899.21904762,12221.39503619,25457.11582370,14607.99964466,17630.79066953,35261.58133905,17630.79066952,7.44444444,2.57142857,2.74285714,7449.06000000,1372.27885714,1.50000000,0.80000000,80000.00000000,9.81000000,102.00000000,51.00000000,7449.06000000,1372.27885714,8.94444444
85.00000000,2223.00000000,1.00000000,0.92396673,36575.62750330,111052.74498019,10558.47419241,889.66666667,9850.60499340,18200.27998679,9850.60499340,18287.81375165,36575.62750330,18287.81375165,7.22222222,2.71428571,3.00000000,7226.70000000,1500.93000000,1.50000000,0.80000000,80000.00000000,9.81000000,102.00000000,51.00000000,7226.70000000,1500.93000000,8.72222222
86.00000000,2075.00000000,0.00000000,0.92389881,36099.92177456,114817.36618652,10421.14977713,907.96190476,10716.24902231,20579.73817584,11321.53543925,18049.96088728,36099.92177456,18049.96088728,7.44444444,2.71428571,2.91428571,7449.06000000,1458.04628571,1.50000000,0.80000000,80000.00000000,9.81000000,102.00000000,51.00000000,7449.06000000,1458.04628571,8.94444444
87.00000000,2073.00000000,1.00000000,0.92389380,36559.72030783,111947.10867579,10553.88218061,885.29523810,9796.65195577,18684.81088720,10346.20521715,18279.86015392,36559.72030783,18279.86015392,7.22222222,2.71428571,2.91428571,7226.70000000,1458.04628571,1.50000000,0.80000000,80000.00000000,9.81000000,102.00000000,51.00000000,7226.70000000,1458.04628571,8.72222222
88.00000000,2034.00000000,0.00000000,0.92383752,33222.63855638,132778.58870000,9590.54965686,896.62857143,16470.81545867,32437.63265076,17424.86347781,16611.31927819,33222.63855638,16611.31927819,7.33333333,2.14285714,2.91428571,7337.88000000,1458.04628571,1.50000000,0.80000000,80000.00000000,9.81000000,102.00000000,51.00000000,7337.88000000,1458.04628571,8.83333333
89.00000000,2067.00000000,0.00000000,0.92381095,34902.86636947,122289.89386678,10075.58964695,930.62857143,13110.35983249,25513.05742106,13860.74387429,17451.43318473,34902.86636947,17451.43318473,7.66666667,2.57142857,2.91428571,7671.42000000,1458.04628571,1.50000000,0.80000000,80000.00000000,9.81000000,102.00000000,51.00000000,7671.42000000,1458.04628571,9.16666667
90.00000000,1924.00000000,0.00000000,0.92377798,36309.82377187,114499.60732060,10481.74326446,892.25714286,10210.67759911,20232.39860271,11436.88357503,18154.91188594,36309.82377187,18154.91188594,7.33333333,2.71428571,2.82857143,7337.88000000,1415.16257143,1.50000000,0.80000000,80000.00000000,9.81000000,102.00000000,51.00000000,7337.88000000,1415.16257143,8.83333333
91.00000000,1743.00000000,0.00000000,0.92375711,34096.57151080,130763.87821692,9842.83237010,876.55238095,14551.41469269,30599.22816909,17420.09233354,17048.28575540,34096.57151080,17048.28575540,7.22222222,2.28571429,2.74285714,7226.70000000,1372.27885714,1.50000000,0.80000000,80000.00000000,9.81000000,102.00000000,51.00000000,7226.70000000,1372.27885714,8.72222222
92.00000000,1591.00000000,1.00000000,0.92372848,34458.94659573,130300.94540210,9947.44104652,849.51428571,13740.89709425,30026.82853389,17615.32658250,17229.47329787,34458.94659573,17229.47329787,7.00000000,2.28571429,2.65714286,7004.34000000,1329.39514286,1.50000000,0.80000000,80000.00000000,9.81000000,102.00000000,51.00000000,7004.34000000,1329.39514286,8.50000000
93.00000000,2226.00000000,1.00000000,0.92369861,35898.63941176,115114.67352941,10363.04456396,923.66666667,11204.58117647,20908.23235294,11204.58117647,17949.31970588,35898.63941176,17949.31970588,7.55555556,2.71428571,3.00000000,7560.24000000,1500.93000000,1.50000000,0.80000000,80000.00000000,9.81000000,102.00000000,51.00000000,7560.24000000,1500.93000000,9.05555556
94.00000000,1923.00000000,1.00000000,0.92369116,36544.11901997,112972.90925239,10549.37847674,880.92380952,9742.08710293,19234.75432051,10907.82978902,18272.05950998,36544.11901997,18272.05950998,7.22222222,2.71428571,2.82857143,7226.70000000,1415.16257143,1.50000000,0.80000000,80000.00000000,9.81000000,102.00000000,51.00000000,7226.70000000,1415.16257143,8.72222222
95.00000000,1603.00000000,0.00000000,0.92364119,34856.20739528,127446.55299053,10062.12036130,872.18095238,12946.37549515,28202.37152855,16585.39117626,17428.10369764,34856.20739528,17428.10369764,7.22222222,2.42857143,2.65714286,7226.70000000,1329.39514286,1.50000000,0.80000000,80000.00000000,9.81000000,102.00000000,51.00000000,7226.70000000,1329.39514286,8.72222222
96.00000000,1461.00000000,1.00000000,0.92358514,36104.73858864,120153.38044062,10422.54027159,845.14285714,10363.54567986,23328.69591738,14251.66166609,18052.36929432,36104.73858864,18052.36929432,7.00000000,2.57142857,2.57142857,7004.34000000,1286.51142857,1.50000000,0.80000000,80000.00000000,9.81000000,102.00000000,51.00000000,7004.34000000,1286.51142857,8.50000000
97.00000000,1925.00000000,0.00000000,0.92357872,36084.87696575,115965.38973469,10416.80671493,903.59047619,10660.57121136,21190.23661588,11944.82797595,18042.43848288,36084.87696575,18042.43848288,7.44444444,2.71428571,2.82857143,7449.06000000,1415.16257143,1.50000000,0.80000000,80000.00000000,9.81000000,102.00000000,51.00000000,7449.06000000,1415.16257143,8.94444444
98.00000000,2173.00000000,1.00000000,0.92357210,33746.00123967,134371.32685950,9436.55839864,889.66666667,17623.46561983,33746.00123967,17623.46561983,16344.59859504,32689.19719008,16344.59859504,7.22222222,2.00000000,3.00000000,7226.70000000,1500.93000000,1.50000000,0.80000000,80000.00000000,9.81000000,102.00000000,51.00000000,7226.70000000,1500.93000000,8.72222222
99.00000000,1614.00000000,0.00000000,0.92355625,35452.40620337,123162.75414723,10234.22813247,883.51428571,11753.97787898,25464.27329882,15039.69056270,17726.20310168,35452.40620337,17726.20310168,7.33333333,2.57142857,2.65714286,7337.88000000,1329.39514286,1.50000000,0.80000000,80000.00000000,9.81000000,102.00000000,51.00000000,7337.88000000,1329.39514286,8.83333333
100.00000000,2076.00000000,0.00000000,0.92349369,35883.56838927,116167.93580376,10358.69393452,919.29523810,11148.95579288,21471.37636975,11780.46686258,17941.78419464,35883.56838927,17941.78419464,7.55555556,2.71428571,2.91428571,7560.24000000,1458.04628571,1.50000000,0.80000000,80000.00000000,9.81000000,102.00000000,51.00000000,7560.24000000,1458.04628571,9.05555556
101.00000000,2222.00000000,1.00000000,0.92347787,36820.39333782,109584.14997308,10629.13200263,878.33333333,9361.07332436,17221.21664872,9361.07332436,18410.19666891,36820.39333782,18410.19666891,7.11111111,2.71428571,3.00000000,7115.52000000,1500.93000000,1.50000000,0.80000000,80000.00000000,9.81000000,102.00000000,51.00000000,7115.52000000,1500.93000000,8.61111111
102.00000000,1906.00000000,0.00000000,0.92345046,34322.34846481,127450.25286987,9908.00856269,914.92380952,14185.62821324,28695.19668441,15924.73104260,17161.17423240,34322.34846481,17161.17423240,7.55555556,2.42857143,2.82857143,7560.24000000,1415.16257143,1.50000000,0.80000000,80000.00000000,9.81000000,102.00000000,51.00000000,7560.24000000,1415.16257143,9.05555556
103.00000000,2072.00000000,1.00000000,0.92344554,36804.18641054,110421.04754981,10624.45346571,873.96190476,9307.71975036,17677.31422151,9827.64075687,18402.09320527,36804.18641054,18402.09320527,7.11111111,2.71428571,2.91428571,7115.52000000,1458.04628571,1.50000000,0.80000000,80000.00000000,9.81000000,102.00000000,51.00000000,7115.52000000,1458.04628571,8.61111111
104.00000000,1731.00000000,1.00000000,0.92342273,33698.75432616,133480.00933959,9727.99244078,853.88571429,15347.04906196,32355.11091506,18380.34071025,16849.37716308,33698.75432616,16849.37716308,7.00000000,2.14285714,2.74285714,7004.34000000,1372.27885714,1.50000000,0.80000000,80000.00000000,9.81000000,102.00000000,51.00000000,7004.34000000,1372.27885714,8.50000000
105.00000000,1774.00000000,0.00000000,0.92333674,36294.80612874,115755.24185995,10477.40804431,887.88571429,10154.94545681,20896.67537266,12114.00877300,18147.40306437,36294.80612874,18147.40306437,7.33333333,2.71428571,2.74285714,7337.88000000,1372.27885714,1.50000000,0.80000000,80000.00000000,9.81000000,102.00000000,51.00000000,7337.88000000,1372.27885714,8.83333333
106.00000000,1773.00000000,0.00000000,0.92332728,36528.82363971,114157.46712989,10544.96308078,876.55238095,9686.91043487,19863.77049667,11549.13891894,18264.41181985,36528.82363971,18264.41181985,7.22222222,2.71428571,2.74285714,7226.70000000,1372.27885714,1.50000000,0.80000000,80000.00000000,9.81000000,102.00000000,51.00000000,7226.70000000,1372.27885714,8.72222222
107.00000000,2057.00000000,0.00000000,0.92330993,34162.87626976,126909.22600434,9861.97290532,930.62857143,14590.34003190,28562.71358955,15430.41984336,17081.43813488,34162.87626976,17081.43813488,7.66666667,2.42857143,2.91428571,7671.42000000,1458.04628571,1.50000000,0.80000000,80000.00000000,9.81000000,102.00000000,51.00000000,7671.42000000,1458.04628571,9.16666667
108.00000000,1922.00000000,1.00000000,0.92329892,36788.29115493,111381.85211487,10619.86490066,869.59047619,9253.74283299,18195.05361679,10356.47335522,18394.14557747,36788.29115493,18394.14557747,7.11111111,2.71428571,2.82857143,7115.52000000,1415.16257143,1.50000000,0.80000000,80000.00000000,9.81000000,102.00000000,51.00000000,7115.52000000,1415.16257143,8.61111111
109.00000000,1451.00000000,1.00000000,0.92328817,35255.21532773,126609.75722353,10177.30402990,845.14285714,12062.59220168,27406.40756975,16630.32679664,17627.60766387,35255.21532773,17627.60766387,7.00000000,2.42857143,2.57142857,7004.34000000,1286.51142857,1.50000000,0.80000000,80000.00000000,9.81000000,102.00000000,51.00000000,7004.34000000,1286.51142857,8.50000000
110.00000000,1462.00000000,1.00000000,0.92328087,35873.40241224,121911.53538127,10355.75926973,856.47619048,10826.21803266,24439.10956411,14899.40296002,17936.70120612,35873.40241224,17936.70120612,7.11111111,2.57142857,2.57142857,7115.52000000,1286.51142857,1.50000000,0.80000000,80000.00000000,9.81000000,102.00000000,51.00000000,7115.52000000,1286.51142857,8.61111111
111.00000000,1883.00000000,0.00000000,0.92320682,33370.20277215,133654.55706072,9633.14777671,880.92380952,16089.91959855,32749.49447249,18074.73744537,16685.10138608,33370.20277215,16685.10138608,7.22222222,2.14285714,2.82857143,7226.70000000,1415.16257143,1.50000000,0.80000000,80000.00000000,9.81000000,102.00000000,51.00000000,7226.70000000,1415.16257143,8.72222222
112.00000000,2218.00000000,1.00000000,0.92320350,34734.21629586,122101.21222485,10026.90456425,946.33333333,13533.42740828,25565.92481657,13533.42740828,17367.10814793,34734.21629586,17367.10814793,7.77777778,2.57142857,3.00000000,7782.60000000,1500.93000000,1.50000000,0.80000000,80000.00000000,9.81000000,102.00000000,51.00000000,7782.60000000,1500.93000000,9.27777778
113.00000000,2046.00000000,0.00000000,0.92320225,33611.92396604,130348.50402154,9702.92667489,919.29523810,15692.24463936,30833.30490188,16599.10654824,16805.96198302,33611.92396604,16805.96198302,7.55555556,2.28571429,2.91428571,7560.24000000,1458.04628571,1.50000000,0.80000000,80000.00000000,9.81000000,102.00000000,51.00000000,7560.24000000,1458.04628571,9.05555556
114.00000000,1755.00000000,0.00000000,0.92319118,34488.48942175,128088.02489386,9955.96932580,899.21904762,13767.57887078,28869.38359661,16474.08358297,17244.24471088,34488.48942175,17244.24471088,7.44444444,2.42857143,2.74285714,7449.06000000,1372.27885714,1.50000000,0.80000000,80000.00000000,9.81000000,102.00000000,51.00000000,7449.06000000,1372.27885714,8.94444444
115.00000000,1926.00000000,0.00000000,0.92311457,35868.78719414,117373.45856909,10354.42697102,914.92380952,11092.75075459,22110.36080469,12432.77262154,17934.39359707,35868.78719414,17934.39359707,7.55555556,2.71428571,2.82857143,7560.24000000,1415.16257143,1.50000000,0.80000000,80000.00000000,9.81000000,102.00000000,51.00000000,7560.24000000,1415.16257143,9.05555556
116.00000000,2227.00000000,1.00000000,0.92309413,35690.43505535,116363.89966790,10302.94114335,935.00000000,11620.98988930,21741.04977860,11620.98988930,17845.21752768,35690.43505535,17845.21752768,7.66666667,2.71428571,3.00000000,7671.42000000,1500.93000000,1.50000000,0.80000000,80000.00000000,9.81000000,102.00000000,51.00000000,7671.42000000,1500.93000000,9.16666667
117.00000000,1775.00000000,0.00000000,0.92305974,36070.12715319,117289.25693435,10412.54881080,899.21904762,10604.30340790,21888.36188541,12656.33733466,18035.06357660,36070.12715319,18035.06357660,7.44444444,2.71428571,2.74285714,7449.06000000,1372.27885714,1.50000000,0.80000000,80000.00000000,9.81000000,102.00000000,51.00000000,7449.06000000,1372.27885714,8.94444444
118.00000000,1895.00000000,0.00000000,0.92301876,33762.36998583,131099.14489415,9746.35669990,903.59047619,15305.58517119,31079.62117553,17189.19857577,16881.18499292,33762.36998583,16881.18499292,7.44444444,2.28571429,2.82857143,7449.06000000,1415.16257143,1.50000000,0.80000000,80000.00000000,9.81000000,102.00000000,51.00000000,7449.06000000,1415.16257143,8.94444444
119.00000000,1772.00000000,1.00000000,0.92301043,36772.70757101,112492.32856446,10615.36630748,865.21904762,9199.14257227,18787.31728266,10960.45356752,18386.35378550,36772.70757101,18386.35378550,7.11111111,2.71428571,2.74285714,7115.52000000,1372.27885714,1.50000000,0.80000000,80000.00000000,9.81000000,102.00000000,51.00000000,7115.52000000,1372.27885714,8.61111111
120.00000000,1766.00000000,0.00000000,0.92298228,35064.36030019,124156.21682726,10122.20892914,910.55238095,12615.83711390,26327.60868487,15084.05042811,17532.18015010,35064.36030019,17532.18015010,7.55555556,2.57142857,2.74285714,7560.24000000,1372.27885714,1.50000000,0.80000000,80000.00000000,9.81000000,102.00000000,51.00000000,7560.24000000,1372.27885714,9.05555556
121.00000000,2197.00000000,1.00000000,0.92298205,33467.50138408,129701.50169550,9661.23546660,935.00000000,16066.85723183,30632.78446367,16066.85723183,16733.75069204,33467.50138408,16733.75069204,7.66666667,2.28571429,3.00000000,7671.42000000,1500.93000000,1.50000000,0.80000000,80000.00000000,9.81000000,102.00000000,51.00000000,7671.42000000,1500.93000000,9.16666667
122.00000000,1917.00000000,0.00000000,0.92294168,34888.65436596,123760.13054622,10071.48699493,926.25714286,13053.01641093,26283.82962143,14645.97578193,17444.32718298,34888.65436596,17444.32718298,7.66666667,2.57142857,2.82857143,7671.42000000,1415.16257143,1.50000000,0.80000000,80000.00000000,9.81000000,102.00000000,51.00000000,7671.42000000,1415.16257143,9.16666667
123.00000000,2077.00000000,0.00000000,0.92284483,35675.62355846,117466.01565671,10298.66543249,930.62857143,11564.84545451,22328.36112704,12221.56195824,17837.81177923,35675.62355846,17837.81177923,7.66666667,2.71428571,2.91428571,7671.42000000,1458.04628571,1.50000000,0.80000000,80000.00000000,9.81000000,102.00000000,51.00000000,7671.42000000,1458.04628571,9.16666667
124.00000000,2208.00000000,1.00000000,0.92280453,34009.74828505,126448.02028969,9817.76866372,946.33333333,14982.36342990,28463.79685979,14982.36342990,17004.87414253,34009.74828505,17004.87414253,7.77777778,2.42857143,3.00000000,7782.60000000,1500.93000000,1.50000000,0.80000000,80000.00000000,9.81000000,102.00000000,51.00000000,7782.60000000,1500.93000000,9.27777778
125.00000000,1623.00000000,0.00000000,0.92275951,36513.83416705,115536.19766744,10540.63599275,872.18095238,9631.12195161,20589.56709524,12287.84028648,18256.91708353,36513.83416705,18256.91708353,7.22222222,2.71428571,2.65714286,7226.70000000,1329.39514286,1.50000000,0.80000000,80000.00000000,9.81000000,102.00000000,51.00000000,7226.70000000,1329.39514286,8.72222222
126.00000000,1463.00000000,0.00000000,0.92270111,35651.42839447,123598.53791631,10291.68089027,867.80952381,11270.16606820,25504.58484940,15520.93020977,17825.71419724,35651.42839447,17825.71419724,7.22222222,2.57142857,2.57142857,7226.70000000,1286.51142857,1.50000000,0.80000000,80000.00000000,9.81000000,102.00000000,51.00000000,7226.70000000,1286.51142857,8.72222222
127.00000000,2071.00000000,1.00000000,0.92267848,37059.10972981,108829.70804164,10698.04348922,862.62857143,8797.87311182,16626.72114816,9286.89432206,18529.55486490,37059.10972981,18529.55486490,7.00000000,2.71428571,2.91428571,7004.34000000,1458.04628571,1.50000000,0.80000000,80000.00000000,9.81000000,102.00000000,51.00000000,7004.34000000,1458.04628571,8.50000000
128.00000000,2221.00000000,1.00000000,0.92267354,37075.62790123,108052.74259259,10702.81187458,867.00000000,8850.60419753,16200.27839506,8850.60419753,18537.81395062,37075.62790123,18537.81395062,7.00000000,2.71428571,3.00000000,7004.34000000,1500.93000000,1.50000000,0.80000000,80000.00000000,9.81000000,102.00000000,51.00000000,7004.34000000,1500.93000000,8.50000000
129.00000000,1624.00000000,0.00000000,0.92266758,36280.08883847,117215.70113949,10473.15952856,883.51428571,10098.61260878,21663.06415985,12893.84669392,18140.04441923,36280.08883847,18140.04441923,7.33333333,2.71428571,2.65714286,7337.88000000,1329.39514286,1.50000000,0.80000000,80000.00000000,9.81000000,102.00000000,51.00000000,7337.88000000,1329.39514286,8.83333333
130.00000000,2022.00000000,1.00000000,0.92264548,34065.07811489,135243.68991772,9476.55333136,873.96190476,17260.60516920,34065.07811489,18262.51923140,16413.87185056,32827.74370111,16413.87185056,7.11111111,2.00000000,2.91428571,7115.52000000,1458.04628571,1.50000000,0.80000000,80000.00000000,9.81000000,102.00000000,51.00000000,7115.52000000,1458.04628571,8.61111111
131.00000000,1615.00000000,0.00000000,0.92263599,35247.45054104,124635.39853579,10175.06252906,894.84761905,12163.88920363,26405.55115542,15571.05709465,17623.72527052,35247.45054104,17623.72527052,7.44444444,2.57142857,2.65714286,7449.06000000,1329.39514286,1.50000000,0.80000000,80000.00000000,9.81000000,102.00000000,51.00000000,7449.06000000,1329.39514286,8.94444444
132.00000000,1921.00000000,1.00000000,0.92258439,37042.90921552,109722.72797813,10693.36680357,858.25714286,8744.50671182,17110.87348783,9781.52934744,18521.45460776,37042.90921552,18521.45460776,7.00000000,2.71428571,2.82857143,7004.34000000,1415.16257143,1.50000000,0.80000000,80000.00000000,9.81000000,102.00000000,51.00000000,7004.34000000,1415.16257143,8.50000000
133.00000000,1592.00000000,0.00000000,0.92258264,34266.96950371,131680.33635958,9892.02203364,860.84761905,14124.85127829,30908.50110465,18113.04496922,17133.48475186,34266.96950371,17133.48475186,7.11111111,2.28571429,2.65714286,7115.52000000,1329.39514286,1.50000000,0.80000000,80000.00000000,9.81000000,102.00000000,51.00000000,7115.52000000,1329.39514286,8.61111111
134.00000000,2068.00000000,0.00000000,0.92254348,34719.96570773,123431.63739160,10022.79077381,941.96190476,13476.16115598,26266.82984522,14248.71497495,17359.98285386,34719.96570773,17359.98285386,7.77777778,2.57142857,2.91428571,7782.60000000,1458.04628571,1.50000000,0.80000000,80000.00000000,9.81000000,102.00000000,51.00000000,7782.60000000,1458.04628571,9.27777778
135.00000000,1622.00000000,1.00000000,0.92254254,36757.43565876,113785.87583813,10610.95768615,860.84761905,9143.91896820,19470.80468888,11656.28086354,18378.71782938,36757.43565876,18378.71782938,7.11111111,2.71428571,2.65714286,7115.52000000,1329.39514286,1.50000000,0.80000000,80000.00000000,9.81000000,102.00000000,51.00000000,7115.52000000,1329.39514286,8.61111111
136.00000000,1776.00000000,0.00000000,0.92251886,35854.29582635,118762.86392450,10350.24367348,910.55238095,11035.96606158,22840.99670732,13177.30950289,17927.14791318,35854.29582635,17927.14791318,7.55555556,2.71428571,2.74285714,7560.24000000,1372.27885714,1.50000000,0.80000000,80000.00000000,9.81000000,102.00000000,51.00000000,7560.24000000,1372.27885714,9.05555556
137.00000000,1604.00000000,0.00000000,0.92249547,34661.64621370,128844.51111002,10005.95538602,883.51428571,13335.49785831,29095.91176988,17089.80905442,17330.82310685,34661.64621370,17330.82310685,7.33333333,2.42857143,2.65714286,7337.88000000,1329.39514286,1.50000000,0.80000000,80000.00000000,9.81000000,102.00000000,51.00000000,7337.88000000,1329.39514286,8.83333333
138.00000000,1452.00000000,0.00000000,0.92241004,35044.49195855,128211.25482927,10116.47343294,856.47619048,12484.03894003,28417.87974179,17220.35223033,17522.24597928,35044.49195855,17522.24597928,7.11111111,2.42857143,2.57142857,7115.52000000,1286.51142857,1.50000000,0.80000000,80000.00000000,9.81000000,102.00000000,51.00000000,7115.52000000,1286.51142857,8.61111111
139.00000000,1927.00000000,0.00000000,0.92240784,35661.09689805,118726.79533713,10294.47194684,926.25714286,11508.13134676,22994.71948480,12901.75070947,17830.54844902,35661.09689805,17830.54844902,7.66666667,2.71428571,2.82857143,7671.42000000,1415.16257143,1.50000000,0.80000000,80000.00000000,9.81000000,102.00000000,51.00000000,7671.42000000,1415.16257143,9.16666667
140.00000000,1744.00000000,0.00000000,0.92239131,33919.14609122,131975.26556437,9791.61406322,887.88571429,14906.26553184,31382.34726240,17848.36058769,16959.57304561,33919.14609122,16959.57304561,7.33333333,2.28571429,2.74285714,7337.88000000,1372.27885714,1.50000000,0.80000000,80000.00000000,9.81000000,102.00000000,51.00000000,7337.88000000,1372.27885714,8.83333333
141.00000000,2186.00000000,1.00000000,0.92237173,32931.12846154,132919.73923077,9506.39794099,923.66666667,17139.60307692,32778.27615385,17139.60307692,16465.56423077,32931.12846154,16465.56423077,7.55555556,2.14285714,3.00000000,7560.24000000,1500.93000000,1.50000000,0.80000000,80000.00000000,9.81000000,102.00000000,51.00000000,7560.24000000,1500.93000000,9.05555556
142.00000000,1771.00000000,1.00000000,0.92236766,37027.02635838,110755.94511965,10688.78181765,853.88571429,8690.50499753,17664.80677288,10346.58063249,18513.51317919,37027.02635838,18513.51317919,7.00000000,2.71428571,2.74285714,7004.34000000,1372.27885714,1.50000000,0.80000000,80000.00000000,9.81000000,102.00000000,51.00000000,7004.34000000,1372.27885714,8.50000000
143.00000000,1625.00000000,0.00000000,0.92228964,36055.67233689,118828.17526194,10408.37606476,894.84761905,10547.44561194,22693.71772265,13475.66725357,18027.83616844,36055.67233689,18027.83616844,7.44444444,2.71428571,2.65714286,7449.06000000,1329.39514286,1.50000000,0.80000000,80000.00000000,9.81000000,102.00000000,51.00000000,7449.06000000,1329.39514286,8.94444444
144.00000000,2228.00000000,1.00000000,0.92226674,35490.22100363,117565.18397823,10245.14432502,946.33333333,12021.41799274,22541.90598549,12021.41799274,17745.11050181,35490.22100363,17745.11050181,7.77777778,2.71428571,3.00000000,7782.60000000,1500.93000000,1.50000000,0.80000000,80000.00000000,9.81000000,102.00000000,51.00000000,7782.60000000,1500.93000000,9.27777778
145.00000000,2035.00000000,0.00000000,0.92224963,33078.95793528,133750.00788095,9545.62727544,907.96190476,16782.04684674,33078.95793528,17754.95737425,16533.51143117,33067.02286234,16533.51143117,7.44444444,2.14285714,2.91428571,7449.06000000,1458.04628571,1.50000000,0.80000000,80000.00000000,9.81000000,102.00000000,51.00000000,7449.06000000,1458.04628571,8.94444444
146.00000000,1732.00000000,0.00000000,0.92210166,33524.07573651,134672.64246894,9677.56707540,865.21904762,15696.40624126,33126.10606939,18801.97868527,16762.03786826,33524.07573651,16762.03786826,7.11111111,2.14285714,2.74285714,7115.52000000,1372.27885714,1.50000000,0.80000000,80000.00000000,9.81000000,102.00000000,51.00000000,7115.52000000,1372.27885714,8.61111111
147.00000000,1621.00000000,1.00000000,0.92199601,37011.46115838,111960.65558161,10684.28853145,849.51428571,8635.86796896,18304.16906100,10997.69623489,18505.73057919,37011.46115838,18505.73057919,7.00000000,2.71428571,2.65714286,7004.34000000,1329.39514286,1.50000000,0.80000000,80000.00000000,9.81000000,102.00000000,51.00000000,7004.34000000,1329.39514286,8.50000000
148.00000000,1907.00000000,0.00000000,0.92198210,34148.96558082,128580.03811393,9857.95723532,926.25714286,14532.39398122,29433.47219043,16316.24078064,17074.48279041,34148.96558082,17074.48279041,7.66666667,2.42857143,2.82857143,7671.42000000,1415.16257143,1.50000000,0.80000000,80000.00000000,9.81000000,102.00000000,51.00000000,7671.42000000,1415.16257143,9.16666667
149.00000000,2078.00000000,0.00000000,0.92197414,35475.66024550,118714.27148913,10240.94099621,941.96190476,11964.77208043,23152.45235621,12645.72656149,17737.83012275,35475.66024550,17737.83012275,7.77777778,2.71428571,2.91428571,7782.60000000,1458.04628571,1.50000000,0.80000000,80000.00000000,9.81000000,102.00000000,51.00000000,7782.60000000,1458.04628571,9.27777778
150.00000000,1473.00000000,0.00000000,0.92192910,36499.15060200,117155.84913908,10536.39721263,867.80952381,9574.72165314,21435.51825326,13147.30802868,18249.57530100,36499.15060200,18249.57530100,7.22222222,2.71428571,2.57142857,7226.70000000,1286.51142857,1.50000000,0.80000000,80000.00000000,9.81000000,102.00000000,51.00000000,7226.70000000,1286.51142857,8.72222222
151.00000000,1311.00000000,1.00000000,0.92191817,36090.16845921,122270.57940442,10418.33423751,840.77142857,10306.91851015,24423.30738586,15360.01658999,18045.08422960,36090.16845921,18045.08422960,7.00000000,2.57142857,2.48571429,7004.34000000,1243.62771429,1.50000000,0.80000000,80000.00000000,9.81000000,102.00000000,51.00000000,7004.34000000,1243.62771429,8.50000000
152.00000000,1464.00000000,0.00000000,0.92187276,35438.31816947,125218.17562629,10230.16126739,879.14285714,11696.38651820,26527.51392939,16117.63883976,17719.15908474,35438.31816947,17719.15908474,7.33333333,2.57142857,2.57142857,7337.88000000,1286.51142857,1.50000000,0.80000000,80000.00000000,9.81000000,102.00000000,51.00000000,7337.88000000,1286.51142857,8.83333333
153.00000000,1472.00000000,1.00000000,0.92184326,36742.47541819,115306.58053605,10606.63903669,856.47619048,9088.07202077,20267.55913555,12465.99854336,18371.23770909,36742.47541819,18371.23770909,7.11111111,2.71428571,2.57142857,7115.52000000,1286.51142857,1.50000000,0.80000000,80000.00000000,9.81000000,102.00000000,51.00000000,7115.52000000,1286.51142857,8.61111111
154.00000000,2219.00000000,1.00000000,0.92181688,34557.95122235,123158.80266589,9976.02122043,957.66666667,13885.95755530,26270.98511059,13885.95755530,17278.97561118,34557.95122235,17278.97561118,7.88888889,2.57142857,3.00000000,7893.78000000,1500.93000000,1.50000000,0.80000000,80000.00000000,9.81000000,102.00000000,51.00000000,7893.78000000,1500.93000000,9.38888889
155.00000000,1756.00000000,0.00000000,0.92180450,34308.48187456,129317.04194020,9904.00562288,910.55238095,14127.59396517,29663.89966697,16908.58455895,17154.24093728,34308.48187456,17154.24093728,7.55555556,2.42857143,2.74285714,7560.24000000,1372.27885714,1.50000000,0.80000000,80000.00000000,9.81000000,102.00000000,51.00000000,7560.24000000,1372.27885714,9.05555556
156.00000000,1767.00000000,0.00000000,0.92176431,34874.72102919,125450.99529824,10067.46478706,921.88571429,12995.11565591,27164.63719136,15541.80039259,17437.36051460,34874.72102919,17437.36051460,7.66666667,2.57142857,2.74285714,7671.42000000,1372.27885714,1.50000000,0.80000000,80000.00000000,9.81000000,102.00000000,51.00000000,7671.42000000,1372.27885714,9.16666667
157.00000000,2058.00000000,0.00000000,0.92175359,33995.79492819,127952.21862142,9813.74067655,941.96190476,14924.50271505,29251.29123966,15784.83481033,16997.89746410,33995.79492819,16997.89746410,7.77777778,2.42857143,2.91428571,7782.60000000,1458.04628571,1.50000000,0.80000000,80000.00000000,9.81000000,102.00000000,51.00000000,7782.60000000,1458.04628571,9.27777778
158.00000000,1777.00000000,0.00000000,0.92173760,35646.85507412,120179.18354322,10290.36068640,921.88571429,11450.84756605,23756.59726892,13678.02856001,17823.42753706,35646.85507412,17823.42753706,7.66666667,2.71428571,2.74285714,7671.42000000,1372.27885714,1.50000000,0.80000000,80000.00000000,9.81000000,102.00000000,51.00000000,7671.42000000,1372.27885714,9.16666667
159.00000000,1474.00000000,0.00000000,0.92170530,36265.67190106,118930.28726626,10468.99771721,879.14285714,10041.67905503,22556.21601779,13801.04839133,18132.83595053,36265.67190106,18132.83595053,7.33333333,2.71428571,2.57142857,7337.88000000,1286.51142857,1.50000000,0.80000000,80000.00000000,9.81000000,102.00000000,51.00000000,7337.88000000,1286.51142857,8.83333333
160.00000000,1626.00000000,0.00000000,0.92164999,35840.09428593,120377.14347994,10346.14404188,906.18095238,10978.60171386,23683.77988261,14034.57331161,17920.04714296,35840.09428593,17920.04714296,7.55555556,2.71428571,2.65714286,7560.24000000,1329.39514286,1.50000000,0.80000000,80000.00000000,9.81000000,102.00000000,51.00000000,7560.24000000,1329.39514286,9.05555556
161.00000000,1918.00000000,0.00000000,0.92162220,34705.98916937,124950.40053694,10018.75609471,937.59047619,13418.34680413,27061.62981339,15058.44558069,17352.99458468,34705.98916937,17352.99458468,7.77777778,2.57142857,2.82857143,7782.60000000,1415.16257143,1.50000000,0.80000000,80000.00000000,9.81000000,102.00000000,51.00000000,7782.60000000,1415.16257143,9.27777778
162.00000000,2047.00000000,0.00000000,0.92156177,33453.61240257,131336.75196318,9657.22606299,930.62857143,16008.86776629,31485.74043616,16934.91895559,16726.80620129,33453.61240257,16726.80620129,7.66666667,2.28571429,2.91428571,7671.42000000,1458.04628571,1.50000000,0.80000000,80000.00000000,9.81000000,102.00000000,51.00000000,7671.42000000,1458.04628571,9.16666667
163.00000000,1884.00000000,0.00000000,0.92153521,33437.48661893,134707.39352724,9586.50540557,892.25714286,16413.06742491,33437.48661893,18439.58176545,16604.31442949,33208.62885897,16604.31442949,7.33333333,2.14285714,2.82857143,7337.88000000,1415.16257143,1.50000000,0.80000000,80000.00000000,9.81000000,102.00000000,51.00000000,7337.88000000,1415.16257143,8.83333333
164.00000000,1616.00000000,0.00000000,0.92151038,35050.47164560,126050.72837710,10118.19961991,906.18095238,12557.84699451,27310.19497152,16081.74311987,17525.23582280,35050.47164560,17525.23582280,7.55555556,2.57142857,2.65714286,7560.24000000,1329.39514286,1.50000000,0.80000000,80000.00000000,9.81000000,102.00000000,51.00000000,7560.24000000,1329.39514286,9.05555556
165.00000000,1928.00000000,0.00000000,0.92148125,35461.37950195,120028.17966009,10236.81850064,937.59047619,11907.56613895,23845.12904238,13352.72547485,17730.68975098,35461.37950195,17730.68975098,7.77777778,2.71428571,2.82857143,7782.60000000,1415.16257143,1.50000000,0.80000000,80000.00000000,9.81000000,102.00000000,51.00000000,7782.60000000,1415.16257143,9.27777778
166.00000000,1896.00000000,0.00000000,0.92145384,33598.07850893,132169.68935658,9698.92983569,914.92380952,15634.16812500,31779.18488365,17560.17933007,16799.03925446,33598.07850893,16799.03925446,7.55555556,2.28571429,2.82857143,7560.24000000,1415.16257143,1.50000000,0.80000000,80000.00000000,9.81000000,102.00000000,51.00000000,7560.24000000,1415.16257143,9.05555556
167.00000000,1471.00000000,1.00000000,0.92142442,36996.21361552,113378.17023633,10679.88694496,845.14285714,8580.59562610,19049.61578836,11755.53159083,18498.10680776,36996.21361552,18498.10680776,7.00000000,2.71428571,2.57142857,7004.34000000,1286.51142857,1.50000000,0.80000000,80000.00000000,9.81000000,102.00000000,51.00000000,7004.34000000,1286.51142857,8.50000000
168.00000000,1312.00000000,1.00000000,0.92142304,35859.10032724,124139.21734121,10351.63061341,852.10476190,10769.05477409,25588.69448623,16063.26742642,17929.55016362,35859.10032724,17929.55016362,7.11111111,2.57142857,2.48571429,7115.52000000,1243.62771429,1.50000000,0.80000000,80000.00000000,9.81000000,102.00000000,51.00000000,7115.52000000,1243.62771429,8.61111111
169.00000000,1453.00000000,0.00000000,0.92132338,34842.19042335,129748.74649685,10058.07401004,867.80952381,12888.64201045,29388.92711079,17786.79652891,17421.09521167,34842.19042335,17421.09521167,7.22222222,2.42857143,2.57142857,7226.70000000,1286.51142857,1.50000000,0.80000000,80000.00000000,9.81000000,102.00000000,51.00000000,7226.70000000,1286.51142857,8.72222222
170.00000000,2174.00000000,1.00000000,0.92127652,34334.49243902,135254.06365854,9394.08770460,901.00000000,17917.71121951,34334.49243902,17917.71121951,16271.03719512,32542.07439024,16271.03719512,7.33333333,2.00000000,3.00000000,7337.88000000,1500.93000000,1.50000000,0.80000000,80000.00000000,9.81000000,102.00000000,51.00000000,7337.88000000,1500.93000000,8.83333333
171.00000000,1593.00000000,0.00000000,0.92127622,34082.58010414,133005.20834169,9838.79339890,872.18095238,14493.63007744,31755.32649527,18591.09156070,17041.29005207,34082.58010414,17041.29005207,7.22222222,2.28571429,2.65714286,7226.70000000,1329.39514286,1.50000000,0.80000000,80000.00000000,9.81000000,102.00000000,51.00000000,7226.70000000,1329.39514286,8.72222222
172.00000000,2198.00000000,1.00000000,0.92126256,33314.88396141,130617.20623155,9617.17861157,946.33333333,16372.09207718,31243.25415437,16372.09207718,16657.44198070,33314.88396141,16657.44198070,7.77777778,2.28571429,3.00000000,7782.60000000,1500.93000000,1.50000000,0.80000000,80000.00000000,9.81000000,102.00000000,51.00000000,7782.60000000,1500.93000000,9.27777778
173.00000000,2229.00000000,1.00000000,0.92123777,35297.59821641,118720.92070155,10189.53891600,957.66666667,12406.66356718,23312.39713436,12406.66356718,17648.79910820,35297.59821641,17648.79910820,7.88888889,2.71428571,3.00000000,7893.78000000,1500.93000000,1.50000000,0.80000000,80000.00000000,9.81000000,102.00000000,51.00000000,7893.78000000,1500.93000000,9.38888889
174.00000000,1475.00000000,0.00000000,0.92119722,36041.51251683,120633.89858635,10404.28847680,890.47619048,10489.99782348,23632.18106206,14428.69466715,18020.75625842,36041.51251683,18020.75625842,7.44444444,2.71428571,2.57142857,7449.06000000,1286.51142857,1.50000000,0.80000000,80000.00000000,9.81000000,102.00000000,51.00000000,7449.06000000,1286.51142857,8.94444444
175.00000000,1605.00000000,0.00000000,0.92117764,34474.66843417,130187.98108144,9951.97955035,894.84761905,13709.45341737,29954.62453511,17574.56626061,17237.33421709,34474.66843417,17237.33421709,7.44444444,2.42857143,2.65714286,7449.06000000,1329.39514286,1.50000000,0.80000000,80000.00000000,9.81000000,102.00000000,51.00000000,7449.06000000,1329.39514286,8.94444444
176.00000000,2209.00000000,1.00000000,0.92115889,33848.66602052,127414.51387685,9771.26821933,957.66666667,15304.52795895,29108.12591790,15304.52795895,16924.33301026,33848.66602052,16924.33301026,7.88888889,2.42857143,3.00000000,7893.78000000,1500.93000000,1.50000000,0.80000000,80000.00000000,9.81000000,102.00000000,51.00000000,7893.78000000,1500.93000000,9.38888889
177.00000000,1871.00000000,1.00000000,0.92113589,34443.96110374,136247.60448127,9518.27155043,858.25714286,16885.80544050,34443.96110374,18973.31823467,16486.12992559,32972.25985118,16486.12992559,7.00000000,2.00000000,2.82857143,7004.34000000,1415.16257143,1.50000000,0.80000000,80000.00000000,9.81000000,102.00000000,51.00000000,7004.34000000,1415.16257143,8.50000000
178.00000000,2069.00000000,0.00000000,0.92111929,34543.93289060,124530.50891666,9971.97447663,953.29523810,13828.22679022,26992.29842487,14622.11792036,17271.96644530,34543.93289060,17271.96644530,7.88888889,2.57142857,2.91428571,7893.78000000,1458.04628571,1.50000000,0.80000000,80000.00000000,9.81000000,102.00000000,51.00000000,7893.78000000,1458.04628571,9.38888889
179.00000000,2079.00000000,0.00000000,0.92090349,35283.27984902,119915.19153986,10185.40555936,953.29523810,12349.53287338,23945.29277805,13053.80619038,17641.63992451,35283.27984902,17641.63992451,7.88888889,2.71428571,2.91428571,7893.78000000,1458.04628571,1.50000000,0.80000000,80000.00000000,9.81000000,102.00000000,51.00000000,7893.78000000,1458.04628571,9.38888889
180.00000000,1441.00000000,1.00000000,0.92089590,34444.75060755,132769.28909688,9943.34301772,845.14285714,13683.52164204,31296.63822660,18899.62801314,17222.37530378,34444.75060755,17222.37530378,7.00000000,2.28571429,2.57142857,7004.34000000,1286.51142857,1.50000000,0.80000000,80000.00000000,9.81000000,102.00000000,51.00000000,7004.34000000,1286.51142857,8.50000000
181.00000000,1745.00000000,0.00000000,0.92089325,33748.56950567,133139.89190710,9742.37284443,899.21904762,15247.41870295,32135.23701931,18260.09717351,16874.28475284,33748.56950567,16874.28475284,7.44444444,2.28571429,2.74285714,7449.06000000,1372.27885714,1.50000000,0.80000000,80000.00000000,9.81000000,102.00000000,51.00000000,7449.06000000,1372.27885714,8.94444444
182.00000000,1322.00000000,1.00000000,0.92083909,36727.82684930,117113.86372804,10602.41035910,852.10476190,9031.60172997,21207.29115758,13419.31714189,18363.91342465,36727.82684930,18363.91342465,7.11111111,2.71428571,2.48571429,7115.52000000,1243.62771429,1.50000000,0.80000000,80000.00000000,9.81000000,102.00000000,51.00000000,7115.52000000,1243.62771429,8.61111111
183.00000000,1465.00000000,0.00000000,0.92082258,35233.60812667,126773.97195161,10171.06656823,890.47619048,12105.80660381,27510.12213485,16690.82695962,17616.80406333,35233.60812667,17616.80406333,7.44444444,2.57142857,2.57142857,7449.06000000,1286.51142857,1.50000000,0.80000000,80000.00000000,9.81000000,102.00000000,51.00000000,7449.06000000,1286.51142857,8.94444444
184.00000000,1627.00000000,0.00000000,0.92077352,35632.89808666,121865.88654133,10286.33165117,917.51428571,11392.99411239,24635.34761257,14571.74864304,17816.44904333,35632.89808666,17816.44904333,7.66666667,2.71428571,2.65714286,7671.42000000,1329.39514286,1.50000000,0.80000000,80000.00000000,9.81000000,102.00000000,51.00000000,7671.42000000,1329.39514286,9.16666667
185.00000000,1323.00000000,0.00000000,0.92075352,36484.77294456,119079.43008813,10532.24674043,863.43809524,9517.70953946,22433.12824237,14159.04641719,18242.38647228,36484.77294456,18242.38647228,7.22222222,2.71428571,2.48571429,7226.70000000,1243.62771429,1.50000000,0.80000000,80000.00000000,9.81000000,102.00000000,51.00000000,7226.70000000,1243.62771429,8.72222222
186.00000000,1778.00000000,0.00000000,0.92073961,35447.37877298,121541.12518544,10232.77683832,933.21904762,11849.80016832,24637.04439117,14159.52307999,17723.68938649,35447.37877298,17723.68938649,7.77777778,2.71428571,2.74285714,7782.60000000,1372.27885714,1.50000000,0.80000000,80000.00000000,9.81000000,102.00000000,51.00000000,7782.60000000,1372.27885714,9.27777778
187.00000000,1301.00000000,1.00000000,0.92068852,35240.98802487,129137.86465599,10173.19696133,840.77142857,12005.27937882,28706.13044598,17944.47878144,17620.49401244,35240.98802487,17620.49401244,7.00000000,2.42857143,2.48571429,7004.34000000,1243.62771429,1.50000000,0.80000000,80000.00000000,9.81000000,102.00000000,51.00000000,7004.34000000,1243.62771429,8.50000000
188.00000000,1313.00000000,0.00000000,0.92066005,35637.38466971,125932.22222380,10287.62681614,863.43809524,11212.48608914,26706.91258504,16738.05421019,17818.69233486,35637.38466971,17818.69233486,7.22222222,2.57142857,2.48571429,7226.70000000,1243.62771429,1.50000000,0.80000000,80000.00000000,9.81000000,102.00000000,51.00000000,7226.70000000,1243.62771429,8.72222222
189.00000000,1321.00000000,1.00000000,0.92058880,36981.28372981,115064.16895523,10675.57705819,840.77142857,8524.68796896,19928.98689067,12647.92663599,18490.64186490,36981.28372981,18490.64186490,7.00000000,2.71428571,2.48571429,7004.34000000,1243.62771429,1.50000000,0.80000000,80000.00000000,9.81000000,102.00000000,51.00000000,7004.34000000,1243.62771429,8.50000000
190.00000000,2161.00000000,1.00000000,0.92057630,35336.08634409,136756.45451613,9321.80389076,867.00000000,18418.50817204,35336.08634409,18418.50817204,16145.83795699,32291.67591398,16145.83795699,7.00000000,1.85714286,3.00000000,7004.34000000,1500.93000000,1.50000000,0.80000000,80000.00000000,9.81000000,102.00000000,51.00000000,7004.34000000,1500.93000000,8.50000000
191.00000000,1581.00000000,1.00000000,0.92047894,33684.58824526,135864.85354990,9723.90304547,849.51428571,15289.61379518,33583.14095825,19622.92230593,16842.29412263,33684.58824526,16842.29412263,7.00000000,2.14285714,2.65714286,7004.34000000,1329.39514286,1.50000000,0.80000000,80000.00000000,9.81000000,102.00000000,51.00000000,7004.34000000,1329.39514286,8.50000000
192.00000000,1476.00000000,0.00000000,0.92043120,35826.18257286,122270.40616056,10342.12807624,901.80952381,10920.65771143,24665.76479313,15031.61851028,17913.09128643,35826.18257286,17913.09128643,7.55555556,2.71428571,2.57142857,7560.24000000,1286.51142857,1.50000000,0.80000000,80000.00000000,9.81000000,102.00000000,51.00000000,7560.24000000,1286.51142857,9.05555556
193.00000000,2086.00000000,1.00000000,0.92039266,36710.59045202,111005.31323024,10597.43463979,919.29523810,9494.91166739,18063.04302024,10026.17763857,18355.29522601,36710.59045202,18355.29522601,7.55555556,2.85714286,2.91428571,7560.24000000,1458.04628571,1.50000000,0.80000000,80000.00000000,9.81000000,102.00000000,51.00000000,7560.24000000,1458.04628571,9.05555556
194.00000000,1908.00000000,0.00000000,0.92038530,33982.10990512,129667.29122658,9809.79015067,937.59047619,14866.10533263,30143.95442246,16693.01166126,16991.05495256,33982.10990512,16991.05495256,7.77777778,2.42857143,2.82857143,7782.60000000,1415.16257143,1.50000000,0.80000000,80000.00000000,9.81000000,102.00000000,51.00000000,7782.60000000,1415.16257143,9.27777778
195.00000000,1768.00000000,0.00000000,0.92037967,34692.28668078,126696.58153912,10014.80052698,933.21904762,13359.98435273,27969.86466021,15982.15916463,17346.14334039,34692.28668078,17346.14334039,7.77777778,2.57142857,2.74285714,7782.60000000,1372.27885714,1.50000000,0.80000000,80000.00000000,9.81000000,102.00000000,51.00000000,7782.60000000,1372.27885714,9.27777778
196.00000000,1936.00000000,0.00000000,0.92037387,36695.46858913,111986.69593071,10593.06933399,914.92380952,9439.38796459,18590.29809050,10566.07269735,18347.73429457,36695.46858913,18347.73429457,7.55555556,2.85714286,2.82857143,7560.24000000,1415.16257143,1.50000000,0.80000000,80000.00000000,9.81000000,102.00000000,51.00000000,7560.24000000,1415.16257143,9.05555556
197.00000000,1324.00000000,0.00000000,0.92035894,36251.55531651,120965.45090624,10464.92261026,874.77142857,9984.14479555,23609.35627947,14868.83919820,18125.77765825,36251.55531651,18125.77765825,7.33333333,2.71428571,2.48571429,7337.88000000,1243.62771429,1.50000000,0.80000000,80000.00000000,9.81000000,102.00000000,51.00000000,7337.88000000,1243.62771429,8.83333333
198.00000000,1929.00000000,0.00000000,0.92035732,35269.23683486,121280.20607149,10181.35169036,948.92380952,12291.85147314,24663.28491517,13786.59601346,17634.61841743,35269.23683486,17634.61841743,7.88888889,2.71428571,2.82857143,7893.78000000,1415.16257143,1.50000000,0.80000000,80000.00000000,9.81000000,102.00000000,51.00000000,7893.78000000,1415.16257143,9.38888889
199.00000000,2236.00000000,1.00000000,0.92029747,36726.00882202,110150.45706786,10601.88553983,923.66666667,9549.84235595,17598.75471191,9549.84235595,18363.00441101,36726.00882202,18363.00441101,7.55555556,2.85714286,3.00000000,7560.24000000,1500.93000000,1.50000000,0.80000000,80000.00000000,9.81000000,102.00000000,51.00000000,7560.24000000,1500.93000000,9.05555556
200.00000000,2187.00000000,1.00000000,0.92029438,33355.56423729,133785.67135593,9464.73576220,935.00000000,17428.24711864,33355.56423729,17428.24711864,16393.40322034,32786.80644068,16393.40322034,7.66666667,2.14285714,3.00000000,7671.42000000,1500.93000000,1.50000000,0.80000000,80000.00000000,9.81000000,102.00000000,51.00000000,7671.42000000,1500.93000000,9.16666667
201.00000000,2220.00000000,1.00000000,0.92028927,34388.23103093,124177.12381443,9927.02722133,969.00000000,14225.39793814,26949.86587629,14225.39793814,17194.11551546,34388.23103093,17194.11551546,8.00000000,2.57142857,3.00000000,8004.96000000,1500.93000000,1.50000000,0.80000000,80000.00000000,9.81000000,102.00000000,51.00000000,8004.96000000,1500.93000000,9.50000000
202.00000000,1757.00000000,0.00000000,0.92027810,34135.32765048,130499.26733219,9854.02030394,921.88571429,14473.90241333,30428.16658705,17326.54303086,17067.66382524,34135.32765048,17067.66382524,7.66666667,2.42857143,2.74285714,7671.42000000,1372.27885714,1.50000000,0.80000000,80000.00000000,9.81000000,102.00000000,51.00000000,7671.42000000,1372.27885714,9.16666667
203.00000000,2087.00000000,1.00000000,0.92027160,36483.37352582,112423.69767863,10531.84276304,930.62857143,9949.34551978,18999.45217064,10508.15293657,18241.68676291,36483.37352582,18241.68676291,7.66666667,2.85714286,2.91428571,7671.42000000,1458.04628571,1.50000000,0.80000000,80000.00000000,9.81000000,102.00000000,51.00000000,7671.42000000,1458.04628571,9.16666667
204.00000000,1935.00000000,0.00000000,0.92026058,36931.71892844,110447.25823587,10661.26893249,903.59047619,8966.88728598,17584.32890378,10032.60418923,18465.85946422,36931.71892844,18465.85946422,7.44444444,2.85714286,2.82857143,7449.06000000,1415.16257143,1.50000000,0.80000000,80000.00000000,9.81000000,102.00000000,51.00000000,7449.06000000,1415.16257143,8.94444444
205.00000000,2023.00000000,1.00000000,0.92024851,34694.64869508,136197.30417889,9432.45432199,885.29523810,17566.13206841,34694.64869508,18586.56291238,16337.49012575,32674.98025151,16337.49012575,7.22222222,2.00000000,2.91428571,7226.70000000,1458.04628571,1.50000000,0.80000000,80000.00000000,9.81000000,102.00000000,51.00000000,7226.70000000,1458.04628571,8.72222222
206.00000000,2085.00000000,1.00000000,0.92023372,36947.11680969,109528.81536119,10665.71391793,907.96190476,9021.85895206,17088.26772805,9524.45506171,18473.55840484,36947.11680969,18473.55840484,7.44444444,2.85714286,2.91428571,7449.06000000,1458.04628571,1.50000000,0.80000000,80000.00000000,9.81000000,102.00000000,51.00000000,7449.06000000,1458.04628571,8.94444444
207.00000000,1786.00000000,0.00000000,0.92021258,36680.64323336,113120.90576629,10588.78962242,910.55238095,9383.27124756,19193.67022121,11182.67783080,18340.32161668,36680.64323336,18340.32161668,7.55555556,2.85714286,2.74285714,7560.24000000,1372.27885714,1.50000000,0.80000000,80000.00000000,9.81000000,102.00000000,51.00000000,7560.24000000,1372.27885714,9.05555556
208.00000000,2237.00000000,1.00000000,0.92021142,36498.52037736,111515.38773585,10536.21528245,935.00000000,10004.81924528,18508.70849057,10004.81924528,18249.26018868,36498.52037736,18249.26018868,7.66666667,2.85714286,3.00000000,7671.42000000,1500.93000000,1.50000000,0.80000000,80000.00000000,9.81000000,102.00000000,51.00000000,7671.42000000,1500.93000000,9.16666667
209.00000000,1937.00000000,0.00000000,0.92020462,36468.51795989,113465.53551480,10527.55433055,926.25714286,9893.28922307,19556.66851180,11078.54186015,18234.25897995,36468.51795989,18234.25897995,7.66666667,2.85714286,2.82857143,7671.42000000,1415.16257143,1.50000000,0.80000000,80000.00000000,9.81000000,102.00000000,51.00000000,7671.42000000,1415.16257143,9.16666667
210.00000000,1733.00000000,0.00000000,0.92020395,33866.91673283,135818.58396395,9629.11586508,876.55238095,16032.08607313,33866.91673283,19207.10951684,16678.11791029,33356.23582058,16678.11791029,7.22222222,2.14285714,2.74285714,7226.70000000,1372.27885714,1.50000000,0.80000000,80000.00000000,9.81000000,102.00000000,51.00000000,7226.70000000,1372.27885714,8.72222222
211.00000000,1617.00000000,0.00000000,0.92020341,34861.06635915,127411.64043528,10063.52302335,917.51428571,12936.65756741,28180.05628706,16572.79386251,17430.53317958,34861.06635915,17430.53317958,7.66666667,2.57142857,2.65714286,7671.42000000,1329.39514286,1.50000000,0.80000000,80000.00000000,9.81000000,102.00000000,51.00000000,7671.42000000,1329.39514286,9.16666667
212.00000000,1785.00000000,0.00000000,0.92016179,36916.62296644,111509.73379566,10656.91110362,899.21904762,8911.31178141,18152.10450282,10613.07157855,18458.31148322,36916.62296644,18458.31148322,7.44444444,2.85714286,2.74285714,7449.06000000,1372.27885714,1.50000000,0.80000000,80000.00000000,9.81000000,102.00000000,51.00000000,7449.06000000,1372.27885714,8.94444444
213.00000000,1919.00000000,0.00000000,0.92015077,34530.18414216,126095.96877875,9968.00555482,948.92380952,13769.95685854,27810.21896150,15455.42467439,17265.09207108,34530.18414216,17265.09207108,7.88888889,2.57142857,2.82857143,7893.78000000,1415.16257143,1.50000000,0.80000000,80000.00000000,9.81000000,102.00000000,51.00000000,7893.78000000,1415.16257143,9.38888889
214.00000000,2235.00000000,1.00000000,0.92010617,36962.81661017,108729.61033898,10670.24605994,912.33333333,9076.22677966,16651.52355932,9076.22677966,18481.40830508,36962.81661017,18481.40830508,7.44444444,2.85714286,3.00000000,7449.06000000,1500.93000000,1.50000000,0.80000000,80000.00000000,9.81000000,102.00000000,51.00000000,7449.06000000,1500.93000000,8.94444444
215.00000000,2059.00000000,0.00000000,0.92008047,33834.93540824,128956.37198837,9767.30453298,953.29523810,15246.22175494,29914.22744309,16126.05197386,16917.46770412,33834.93540824,16917.46770412,7.88888889,2.42857143,2.91428571,7893.78000000,1458.04628571,1.50000000,0.80000000,80000.00000000,9.81000000,102.00000000,51.00000000,7893.78000000,1458.04628571,9.38888889
216.00000000,1454.00000000,0.00000000,0.92005322,34647.87241105,131225.56339033,10001.97923168,879.14285714,13277.27803505,30321.65356984,18330.88696336,17323.93620552,34647.87241105,17323.93620552,7.33333333,2.42857143,2.57142857,7337.88000000,1286.51142857,1.50000000,0.80000000,80000.00000000,9.81000000,102.00000000,51.00000000,7337.88000000,1286.51142857,8.83333333
217.00000000,2230.00000000,1.00000000,0.92002813,35112.19378947,119833.34726316,10136.01726810,969.00000000,12777.47242105,24054.01484211,12777.47242105,17556.09689474,35112.19378947,17556.09689474,8.00000000,2.71428571,3.00000000,8004.96000000,1500.93000000,1.50000000,0.80000000,80000.00000000,9.81000000,102.00000000,51.00000000,8004.96000000,1500.93000000,9.50000000
218.00000000,2036.00000000,0.00000000,0.92002549,33695.98415835,134684.62113061,9502.40695026,919.29523810,17081.48604323,33695.98415835,18072.54440083,16458.65163205,32917.30326410,16458.65163205,7.55555556,2.14285714,2.91428571,7560.24000000,1458.04628571,1.50000000,0.80000000,80000.00000000,9.81000000,102.00000000,51.00000000,7560.24000000,1458.04628571,9.05555556
219.00000000,1787.00000000,0.00000000,0.91997853,36453.95367957,114668.64823703,10523.34998496,921.88571429,9836.65035515,20194.23101038,11729.85951237,18226.97683978,36453.95367957,18226.97683978,7.66666667,2.85714286,2.74285714,7671.42000000,1372.27885714,1.50000000,0.80000000,80000.00000000,9.81000000,102.00000000,51.00000000,7671.42000000,1372.27885714,9.16666667
220.00000000,1635.00000000,0.00000000,0.91990323,36901.82892367,112748.38349022,10652.64043134,894.84761905,8855.13243837,18807.66525001,11281.92795450,18450.91446184,36901.82892367,18450.91446184,7.44444444,2.85714286,2.65714286,7449.06000000,1329.39514286,1.50000000,0.80000000,80000.00000000,9.81000000,102.00000000,51.00000000,7449.06000000,1329.39514286,8.94444444
221.00000000,2088.00000000,0.00000000,0.91988974,36264.98272315,113786.98571956,10468.79876868,941.96190476,10386.12712513,19899.48699377,10971.40615436,18132.49136158,36264.98272315,18132.49136158,7.77777778,2.85714286,2.91428571,7782.60000000,1458.04628571,1.50000000,0.80000000,80000.00000000,9.81000000,102.00000000,51.00000000,7782.60000000,1458.04628571,9.27777778
222.00000000,1636.00000000,0.00000000,0.91987002,36666.11438471,114442.03610352,10584.59550507,906.18095238,9326.56151630,19890.20609563,11893.03972218,18333.05719235,36666.11438471,18333.05719235,7.55555556,2.85714286,2.65714286,7560.24000000,1329.39514286,1.50000000,0.80000000,80000.00000000,9.81000000,102.00000000,51.00000000,7560.24000000,1329.39514286,9.05555556
223.00000000,2238.00000000,1.00000000,0.91986639,36279.86745365,112827.30527812,10473.09562026,946.33333333,10442.12509271,19383.32018541,10442.12509271,18139.93372682,36279.86745365,18139.93372682,7.77777778,2.85714286,3.00000000,7782.60000000,1500.93000000,1.50000000,0.80000000,80000.00000000,9.81000000,102.00000000,51.00000000,7782.60000000,1500.93000000,9.27777778
224.00000000,1934.00000000,0.00000000,0.91984627,37177.78768674,108843.84245600,10732.30286441,892.25714286,8474.74976938,16536.55225555,9476.96505759,18588.89384337,37177.78768674,18588.89384337,7.33333333,2.85714286,2.82857143,7337.88000000,1415.16257143,1.50000000,0.80000000,80000.00000000,9.81000000,102.00000000,51.00000000,7337.88000000,1415.16257143,8.83333333
225.00000000,1594.00000000,0.00000000,0.91982959,33905.39211449,134278.33685988,9787.64363214,883.51428571,14848.00605673,32569.07874402,19050.46783015,16952.69605725,33905.39211449,16952.69605725,7.33333333,2.28571429,2.65714286,7337.88000000,1329.39514286,1.50000000,0.80000000,80000.00000000,9.81000000,102.00000000,51.00000000,7337.88000000,1329.39514286,8.83333333
226.00000000,2048.00000000,0.00000000,0.91982332,33301.21569016,132288.07689521,9613.23292153,941.96190476,16313.66119111,32113.79961459,17258.18470919,16650.60784508,33301.21569016,16650.60784508,7.77777778,2.28571429,2.91428571,7782.60000000,1458.04628571,1.50000000,0.80000000,80000.00000000,9.81000000,102.00000000,51.00000000,7782.60000000,1458.04628571,9.27777778
227.00000000,1784.00000000,0.00000000,0.91980624,37162.41105612,109831.59442473,10727.86401349,887.88571429,8419.73560205,17067.24672767,10019.78998277,18581.20552806,37162.41105612,18581.20552806,7.33333333,2.85714286,2.74285714,7337.88000000,1372.27885714,1.50000000,0.80000000,80000.00000000,9.81000000,102.00000000,51.00000000,7337.88000000,1372.27885714,8.83333333
228.00000000,1897.00000000,0.00000000,0.91978216,33439.99051686,133199.81111136,9653.29376330,926.25714286,15950.34410914,32452.33375311,17917.15221539,16719.99525843,33439.99051686,16719.99525843,7.66666667,2.28571429,2.82857143,7671.42000000,1415.16257143,1.50000000,0.80000000,80000.00000000,9.81000000,102.00000000,51.00000000,7671.42000000,1415.16257143,9.16666667
229.00000000,2084.00000000,1.00000000,0.91977737,37193.47184997,107990.96268546,10736.83049234,896.62857143,8529.14887149,16072.98634990,9001.88376413,18596.73592499,37193.47184997,18596.73592499,7.33333333,2.85714286,2.91428571,7337.88000000,1458.04628571,1.50000000,0.80000000,80000.00000000,9.81000000,102.00000000,51.00000000,7337.88000000,1458.04628571,8.83333333
230.00000000,1938.00000000,0.00000000,0.91977310,36250.38423747,114886.92299639,10464.58454887,937.59047619,10329.55666791,20485.49597501,11571.10187852,18125.19211874,36250.38423747,18125.19211874,7.77777778,2.85714286,2.82857143,7782.60000000,1415.16257143,1.50000000,0.80000000,80000.00000000,9.81000000,102.00000000,51.00000000,7782.60000000,1415.16257143,9.27777778
231.00000000,1606.00000000,0.00000000,0.91970948,34294.89261612,131479.70362600,9900.08274187,906.18095238,14069.00505348,30780.26162546,18040.65171483,17147.44630806,34294.89261612,17147.44630806,7.55555556,2.42857143,2.65714286,7560.24000000,1329.39514286,1.50000000,0.80000000,80000.00000000,9.81000000,102.00000000,51.00000000,7560.24000000,1329.39514286,9.05555556
232.00000000,1161.00000000,1.00000000,0.91969619,36075.90833253,124815.49045141,10414.21769352,836.40000000,10249.67133494,25731.46489317,16682.53755823,18037.95416627,36075.90833253,18037.95416627,7.00000000,2.57142857,2.40000000,7004.34000000,1200.74400000,1.50000000,0.80000000,80000.00000000,9.81000000,102.00000000,51.00000000,7004.34000000,1200.74400000,8.50000000
233.00000000,1628.00000000,0.00000000,0.91968497,35433.65805859,123297.46303931,10228.81600925,928.84761905,11791.47416853,25550.37588963,15088.29686396,17716.82902930,35433.65805859,17716.82902930,7.77777778,2.71428571,2.65714286,7782.60000000,1329.39514286,1.50000000,0.80000000,80000.00000000,9.81000000,102.00000000,51.00000000,7782.60000000,1329.39514286,9.27777778
234.00000000,1325.00000000,0.00000000,0.91968367,36027.64769303,122776.18212220,10400.28604692,886.10476190,10431.96004251,24738.62951093,15550.29718270,18013.82384652,36027.64769303,18013.82384652,7.44444444,2.71428571,2.48571429,7449.06000000,1243.62771429,1.50000000,0.80000000,80000.00000000,9.81000000,102.00000000,51.00000000,7449.06000000,1243.62771429,8.94444444
235.00000000,1314.00000000,0.00000000,0.91965829,35424.52363628,127653.62014632,10226.17912866,874.77142857,11638.20815600,27780.47257973,17385.89213802,17712.26181814,35424.52363628,17712.26181814,7.33333333,2.57142857,2.48571429,7337.88000000,1243.62771429,1.50000000,0.80000000,80000.00000000,9.81000000,102.00000000,51.00000000,7337.88000000,1243.62771429,8.83333333
236.00000000,2080.00000000,0.00000000,0.91965423,35098.10987489,121071.10107538,10131.95159216,964.62857143,12719.87282165,24708.41751995,13446.59098401,17549.05493744,35098.10987489,17549.05493744,8.00000000,2.71428571,2.91428571,8004.96000000,1458.04628571,1.50000000,0.80000000,80000.00000000,9.81000000,102.00000000,51.00000000,8004.96000000,1458.04628571,9.50000000
237.00000000,1302.00000000,0.00000000,0.91962839,35030.52034535,130839.90762952,10112.44017562,852.10476190,12426.21473787,29767.61961227,18585.03258868,17515.26017268,35030.52034535,17515.26017268,7.11111111,2.42857143,2.48571429,7115.52000000,1243.62771429,1.50000000,0.80000000,80000.00000000,9.81000000,102.00000000,51.00000000,7115.52000000,1243.62771429,8.61111111
238.00000000,1634.00000000,0.00000000,0.91962796,37147.34195811,110984.32687241,10723.51393960,883.51428571,8364.10636949,17680.12390667,10645.41268003,18573.67097906,37147.34195811,18573.67097906,7.33333333,2.85714286,2.65714286,7337.88000000,1329.39514286,1.50000000,0.80000000,80000.00000000,9.81000000,102.00000000,51.00000000,7337.88000000,1329.39514286,8.83333333
239.00000000,1442.00000000,0.00000000,0.91962367,34253.02288044,134226.41982291,9887.99599029,856.47619048,14066.97709625,32216.93131672,19436.46564904,17126.51144022,34253.02288044,17126.51144022,7.11111111,2.28571429,2.57142857,7115.52000000,1286.51142857,1.50000000,0.80000000,80000.00000000,9.81000000,102.00000000,51.00000000,7115.52000000,1286.51142857,8.61111111
240.00000000,2234.00000000,1.00000000,0.91962095,37209.46354582,107249.72872510,10741.44689729,901.00000000,8582.93290837,15664.93581673,8582.93290837,18604.73177291,37209.46354582,18604.73177291,7.33333333,2.85714286,3.00000000,7337.88000000,1500.93000000,1.50000000,0.80000000,80000.00000000,9.81000000,102.00000000,51.00000000,7337.88000000,1500.93000000,8.83333333
241.00000000,1466.00000000,0.00000000,0.91957643,35036.86643294,128269.20882392,10114.27213331,901.80952381,12499.28999126,28454.48226473,17241.70370205,17518.43321647,35036.86643294,17518.43321647,7.55555556,2.57142857,2.57142857,7560.24000000,1286.51142857,1.50000000,0.80000000,80000.00000000,9.81000000,102.00000000,51.00000000,7560.24000000,1286.51142857,9.05555556
242.00000000,2070.00000000,0.00000000,0.91955775,34374.43750633,125588.57101242,9923.04537376,964.62857143,14167.21755876,27690.82485702,14981.65358397,17187.21875317,34374.43750633,17187.21875317,8.00000000,2.57142857,2.91428571,8004.96000000,1458.04628571,1.50000000,0.80000000,80000.00000000,9.81000000,102.00000000,51.00000000,8004.96000000,1458.04628571,9.50000000
243.00000000,1637.00000000,0.00000000,0.91955005,36439.68068485,116069.00416916,10519.22972629,917.51428571,9779.42891601,20930.12382830,12480.09005515,18219.84034243,36439.68068485,18219.84034243,7.66666667,2.85714286,2.65714286,7671.42000000,1329.39514286,1.50000000,0.80000000,80000.00000000,9.81000000,102.00000000,51.00000000,7671.42000000,1329.39514286,9.16666667
244.00000000,1779.00000000,0.00000000,0.91954812,35255.46917391,122851.40451706,10177.37730898,944.55238095,12233.61936647,25484.09365605,14622.75314672,17627.73458695,35255.46917391,17627.73458695,7.88888889,2.71428571,2.74285714,7893.78000000,1372.27885714,1.50000000,0.80000000,80000.00000000,9.81000000,102.00000000,51.00000000,7893.78000000,1372.27885714,9.38888889
245.00000000,1788.00000000,0.00000000,0.91948121,36236.07199661,116156.25421034,10460.45296081,933.21904762,10272.41372107,21155.91567999,12255.78081607,18118.03599830,36236.07199661,18118.03599830,7.77777778,2.85714286,2.74285714,7782.60000000,1372.27885714,1.50000000,0.80000000,80000.00000000,9.81000000,102.00000000,51.00000000,7782.60000000,1372.27885714,9.27777778
246.00000000,2199.00000000,1.00000000,0.91945440,33167.91072626,131499.04564246,9574.75109313,957.66666667,16666.03854749,31831.14709497,16666.03854749,16583.95536313,33167.91072626,16583.95536313,7.88888889,2.28571429,3.00000000,7893.78000000,1500.93000000,1.50000000,0.80000000,80000.00000000,9.81000000,102.00000000,51.00000000,7893.78000000,1500.93000000,9.38888889
247.00000000,1485.00000000,0.00000000,0.91943744,36887.33680015,114205.63403315,10648.45691563,890.47619048,8798.34925684,19572.22450214,12060.38667387,18443.66840007,36887.33680015,18443.66840007,7.44444444,2.85714286,2.57142857,7449.06000000,1286.51142857,1.50000000,0.80000000,80000.00000000,9.81000000,102.00000000,51.00000000,7449.06000000,1286.51142857,8.94444444
248.00000000,1477.00000000,0.00000000,0.91943376,35619.22593569,123843.27660306,10282.38484115,913.14285714,11334.57098577,25659.15665156,15611.09709436,17809.61296784,35619.22593569,17809.61296784,7.66666667,2.71428571,2.57142857,7671.42000000,1286.51142857,1.50000000,0.80000000,80000.00000000,9.81000000,102.00000000,51.00000000,7671.42000000,1286.51142857,9.16666667
249.00000000,1172.00000000,1.00000000,0.91942364,36713.48995209,119289.78308192,10598.27165336,847.73333333,8974.50809583,22331.02958887,14557.26549305,18356.74497604,36713.48995209,18356.74497604,7.11111111,2.71428571,2.40000000,7115.52000000,1200.74400000,1.50000000,0.80000000,80000.00000000,9.81000000,102.00000000,51.00000000,7115.52000000,1200.74400000,8.61111111
250.00000000,2210.00000000,1.00000000,0.91940823,33693.51929293,128345.39424242,9726.48121686,969.00000000,15614.82141414,29728.71282828,15614.82141414,16846.75964646,33693.51929293,16846.75964646,8.00000000,2.42857143,3.00000000,8004.96000000,1500.93000000,1.50000000,0.80000000,80000.00000000,9.81000000,102.00000000,51.00000000,8004.96000000,1500.93000000,9.50000000
251.00000000,1171.00000000,1.00000000,0.91939567,36966.67150123,117095.54298930,10671.35887114,836.40000000,8468.14499753,20980.72799342,13713.32699588,18483.33575062,36966.67150123,18483.33575062,7.00000000,2.71428571,2.40000000,7004.34000000,1200.74400000,1.50000000,0.80000000,80000.00000000,9.81000000,102.00000000,51.00000000,7004.34000000,1200.74400000,8.50000000
252.00000000,1486.00000000,0.00000000,0.91929250,36651.88204317,115995.09018621,10580.48698196,901.80952381,9269.25877081,20702.40733565,12719.65999342,18325.94102158,36651.88204317,18325.94102158,7.55555556,2.85714286,2.57142857,7560.24000000,1286.51142857,1.50000000,0.80000000,80000.00000000,9.81000000,102.00000000,51.00000000,7560.24000000,1286.51142857,9.05555556
253.00000000,2239.00000000,1.00000000,0.91928198,36069.59914945,114088.91510328,10412.39638925,957.66666667,10862.66170109,20224.39340219,10862.66170109,18034.79957473,36069.59914945,18034.79957473,7.88888889,2.85714286,3.00000000,7893.78000000,1500.93000000,1.50000000,0.80000000,80000.00000000,9.81000000,102.00000000,51.00000000,7893.78000000,1500.93000000,9.38888889
254.00000000,1746.00000000,0.00000000,0.91928044,33584.50453137,134260.05966268,9695.01136589,910.55238095,15575.54865155,32859.38587140,18656.11607699,16792.25226568,33584.50453137,16792.25226568,7.55555556,2.28571429,2.74285714,7560.24000000,1372.27885714,1.50000000,0.80000000,80000.00000000,9.81000000,102.00000000,51.00000000,7560.24000000,1372.27885714,9.05555556
255.00000000,1484.00000000,0.00000000,0.91927036,37132.58039271,112341.78272965,10719.25264272,879.14285714,8307.86207171,18395.05525783,11373.70461468,18566.29019636,37132.58039271,18566.29019636,7.33333333,2.85714286,2.57142857,7337.88000000,1286.51142857,1.50000000,0.80000000,80000.00000000,9.81000000,102.00000000,51.00000000,7337.88000000,1286.51142857,8.83333333
256.00000000,2089.00000000,0.00000000,0.91926748,36054.96762215,115097.98907732,10408.17263114,953.29523810,10806.15732713,20765.00377365,11416.89273224,18027.48381107,36054.96762215,18027.48381107,7.88888889,2.85714286,2.91428571,7893.78000000,1458.04628571,1.50000000,0.80000000,80000.00000000,9.81000000,102.00000000,51.00000000,7893.78000000,1458.04628571,9.38888889
257.00000000,1885.00000000,0.00000000,0.91918423,34099.13376959,135719.91416688,9541.64909127,903.59047619,16723.84108658,34099.13376959,18790.45525443,16526.62101407,33053.24202814,16526.62101407,7.44444444,2.14285714,2.82857143,7449.06000000,1415.16257143,1.50000000,0.80000000,80000.00000000,9.81000000,102.00000000,51.00000000,7449.06000000,1415.16257143,8.94444444
258.00000000,1783.00000000,0.00000000,0.91912837,37418.56494622,108082.68165782,10801.80927220,876.55238095,7907.42782184,15936.63645412,9401.48748942,18709.28247311,37418.56494622,18709.28247311,7.22222222,2.85714286,2.74285714,7226.70000000,1372.27885714,1.50000000,0.80000000,80000.00000000,9.81000000,102.00000000,51.00000000,7226.70000000,1372.27885714,8.72222222
259.00000000,1933.00000000,1.00000000,0.91911475,37434.23287972,107172.81248882,10806.33221501,880.92380952,7961.85938341,15444.59207897,8897.89526699,18717.11643986,37434.23287972,18717.11643986,7.22222222,2.85714286,2.82857143,7226.70000000,1415.16257143,1.50000000,0.80000000,80000.00000000,9.81000000,102.00000000,51.00000000,7226.70000000,1415.16257143,8.72222222
260.00000000,1173.00000000,0.00000000,0.91911427,36470.70119472,121393.95231246,10528.18457615,859.06666667,9460.08561057,23625.90296151,15366.56135095,18235.35059736,36470.70119472,18235.35059736,7.22222222,2.71428571,2.40000000,7226.70000000,1200.74400000,1.50000000,0.80000000,80000.00000000,9.81000000,102.00000000,51.00000000,7226.70000000,1200.74400000,8.72222222
261.00000000,1939.00000000,0.00000000,0.91910065,36040.61747037,116253.79031750,10404.03009914,948.92380952,10749.09020212,21378.69640267,12044.76877198,18020.30873518,36040.61747037,18020.30873518,7.88888889,2.85714286,2.82857143,7893.78000000,1415.16257143,1.50000000,0.80000000,80000.00000000,9.81000000,102.00000000,51.00000000,7893.78000000,1415.16257143,9.38888889
262.00000000,1930.00000000,0.00000000,0.91905783,35084.29680481,122485.29917049,10127.96410229,960.25714286,12661.73153323,25450.77149472,14204.20253291,17542.14840241,35084.29680481,17542.14840241,8.00000000,2.71428571,2.82857143,8004.96000000,1415.16257143,1.50000000,0.80000000,80000.00000000,9.81000000,102.00000000,51.00000000,8004.96000000,1415.16257143,9.50000000
263.00000000,1633.00000000,0.00000000,0.91902479,37403.21037139,109145.86493996,10797.37678824,872.18095238,7852.36954293,16505.02452716,9982.05012708,18701.60518569,37403.21037139,18701.60518569,7.22222222,2.85714286,2.65714286,7226.70000000,1329.39514286,1.50000000,0.80000000,80000.00000000,9.81000000,102.00000000,51.00000000,7226.70000000,1329.39514286,8.72222222
264.00000000,2083.00000000,1.00000000,0.91900851,37450.21417189,106388.26819104,10810.94561668,885.29523810,8015.66422764,15014.89678077,8457.27883884,18725.10708595,37450.21417189,18725.10708595,7.22222222,2.85714286,2.91428571,7226.70000000,1458.04628571,1.50000000,0.80000000,80000.00000000,9.81000000,102.00000000,51.00000000,7226.70000000,1458.04628571,8.72222222
265.00000000,1638.00000000,0.00000000,0.91896649,36222.04600057,117632.74967848,10456.40400451,928.84761905,10214.69828458,21929.63126725,13044.32812552,18111.02300028,36222.04600057,18111.02300028,7.77777778,2.85714286,2.65714286,7782.60000000,1329.39514286,1.50000000,0.80000000,80000.00000000,9.81000000,102.00000000,51.00000000,7782.60000000,1329.39514286,9.27777778
266.00000000,1162.00000000,0.00000000,0.91895933,35845.10254192,126815.80730337,10347.58980085,847.73333333,10711.28291616,26962.42910977,17451.89019360,17922.55127096,35845.10254192,17922.55127096,7.11111111,2.57142857,2.40000000,7115.52000000,1200.74400000,1.50000000,0.80000000,80000.00000000,9.81000000,102.00000000,51.00000000,7115.52000000,1200.74400000,8.61111111
267.00000000,1487.00000000,0.00000000,0.91885951,36425.69897574,117714.08149865,10515.19355453,913.14285714,9721.62490566,21788.08605930,13352.97258221,18212.84948787,36425.69897574,18212.84948787,7.66666667,2.85714286,2.57142857,7671.42000000,1286.51142857,1.50000000,0.80000000,80000.00000000,9.81000000,102.00000000,51.00000000,7671.42000000,1286.51142857,9.16666667
268.00000000,1769.00000000,0.00000000,0.91884927,34516.70497702,127895.38075791,9964.11445501,944.55238095,13711.14776025,28744.84597337,16405.97707026,17258.35248851,34516.70497702,17258.35248851,7.88888889,2.57142857,2.74285714,7893.78000000,1372.27885714,1.50000000,0.80000000,80000.00000000,9.81000000,102.00000000,51.00000000,7893.78000000,1372.27885714,9.38888889
269.00000000,2233.00000000,1.00000000,0.91882751,37466.50882273,105707.45706360,10815.64947720,889.66666667,8068.84235453,14636.75470907,8068.84235453,18733.25441137,37466.50882273,18733.25441137,7.22222222,2.85714286,3.00000000,7226.70000000,1500.93000000,1.50000000,0.80000000,80000.00000000,9.81000000,102.00000000,51.00000000,7226.70000000,1500.93000000,8.72222222
270.00000000,1483.00000000,0.00000000,0.91876938,37388.16915523,110399.30813454,10793.03476314,867.80952381,7796.68454668,17168.22919776,10658.05607964,18694.08457761,37388.16915523,18694.08457761,7.22222222,2.85714286,2.57142857,7226.70000000,1286.51142857,1.50000000,0.80000000,80000.00000000,9.81000000,102.00000000,51.00000000,7226.70000000,1286.51142857,8.72222222
271.00000000,1326.00000000,0.00000000,0.91875648,35812.56068714,124515.58138719,10338.19577655,897.43809524,10862.13405428,25823.41614931,16204.90980931,17906.28034357,35812.56068714,17906.28034357,7.55555556,2.71428571,2.48571429,7560.24000000,1243.62771429,1.50000000,0.80000000,80000.00000000,9.81000000,102.00000000,51.00000000,7560.24000000,1243.62771429,9.05555556
272.00000000,2175.00000000,1.00000000,0.91875148,34900.59416000,136103.21624000,9353.23283197,912.33333333,18200.76208000,34900.59416000,18200.76208000,16200.27448000,32400.54896000,16200.27448000,7.44444444,2.00000000,3.00000000,7449.06000000,1500.93000000,1.50000000,0.80000000,80000.00000000,9.81000000,102.00000000,51.00000000,7449.06000000,1500.93000000,8.94444444
273.00000000,1789.00000000,0.00000000,0.91874312,36026.54869412,117586.79262047,10399.96879326,944.55238095,10691.46032605,22080.70818755,12761.52671864,18013.27434706,36026.54869412,18013.27434706,7.88888889,2.85714286,2.74285714,7893.78000000,1372.27885714,1.50000000,0.80000000,80000.00000000,9.81000000,102.00000000,51.00000000,7893.78000000,1372.27885714,9.38888889
274.00000000,1618.00000000,0.00000000,0.91873763,34678.85824196,128720.83949956,10010.92407059,928.84761905,13301.07380179,29016.86393639,17045.18527746,17339.42912098,34678.85824196,17339.42912098,7.77777778,2.57142857,2.65714286,7782.60000000,1329.39514286,1.50000000,0.80000000,80000.00000000,9.81000000,102.00000000,51.00000000,7782.60000000,1329.39514286,9.27777778
275.00000000,1335.00000000,0.00000000,0.91869694,36873.14659587,115938.66925580,10644.36055650,886.10476190,8740.96223684,20474.37417489,12977.03965234,18436.57329793,36873.14659587,18436.57329793,7.44444444,2.85714286,2.48571429,7449.06000000,1243.62771429,1.50000000,0.80000000,80000.00000000,9.81000000,102.00000000,51.00000000,7449.06000000,1243.62771429,8.94444444
276.00000000,1909.00000000,0.00000000,0.91867735,33821.46884620,130714.04909437,9763.41707137,948.92380952,15187.38745046,30827.97441527,17055.74953624,16910.73442310,33821.46884620,16910.73442310,7.88888889,2.42857143,2.82857143,7893.78000000,1415.16257143,1.50000000,0.80000000,80000.00000000,9.81000000,102.00000000,51.00000000,7893.78000000,1415.16257143,9.38888889
277.00000000,1334.00000000,0.00000000,0.91867468,37118.12635993,113957.52855509,10715.08012286,874.77142857,8251.00270871,19238.82406047,12231.44906605,18559.06317997,37118.12635993,18559.06317997,7.33333333,2.85714286,2.48571429,7337.88000000,1243.62771429,1.50000000,0.80000000,80000.00000000,9.81000000,102.00000000,51.00000000,7337.88000000,1243.62771429,8.83333333
278.00000000,1758.00000000,0.00000000,0.91863061,33968.69321583,131636.97829983,9805.91708609,933.21904762,14807.17128264,31163.65650552,17728.76408003,16984.34660791,33968.69321583,16984.34660791,7.77777778,2.42857143,2.74285714,7782.60000000,1372.27885714,1.50000000,0.80000000,80000.00000000,9.81000000,102.00000000,51.00000000,7782.60000000,1372.27885714,9.27777778
279.00000000,1455.00000000,0.00000000,0.91862302,34461.12950757,132644.80945676,9948.07119889,890.47619048,13650.76384200,31218.01950653,18853.76709309,17230.56475378,34461.12950757,17230.56475378,7.44444444,2.42857143,2.57142857,7449.06000000,1286.51142857,1.50000000,0.80000000,80000.00000000,9.81000000,102.00000000,51.00000000,7449.06000000,1286.51142857,8.94444444
280.00000000,1872.00000000,1.00000000,0.91858565,35119.69052654,137281.67526464,9472.46052964,869.59047619,17203.19350273,35119.69052654,19331.65959524,16406.78291003,32813.56582007,16406.78291003,7.11111111,2.00000000,2.82857143,7115.52000000,1415.16257143,1.50000000,0.80000000,80000.00000000,9.81000000,102.00000000,51.00000000,7115.52000000,1415.16257143,8.61111111
281.00000000,1920.00000000,0.00000000,0.91854674,34360.90924183,127198.98587123,9919.14010018,960.25714286,14108.50665920,28531.00240808,15837.65832030,17180.45462091,34360.90924183,17180.45462091,8.00000000,2.57142857,2.82857143,8004.96000000,1415.16257143,1.50000000,0.80000000,80000.00000000,9.81000000,102.00000000,51.00000000,8004.96000000,1415.16257143,9.50000000
282.00000000,1174.00000000,0.00000000,0.91849872,36237.73908482,123412.95726485,10460.93420772,870.40000000,9926.00983035,24868.36754760,16143.10171725,18118.86954241,36237.73908482,18118.86954241,7.33333333,2.71428571,2.40000000,7337.88000000,1200.74400000,1.50000000,0.80000000,80000.00000000,9.81000000,102.00000000,51.00000000,7337.88000000,1200.74400000,8.83333333
283.00000000,2240.00000000,1.00000000,0.91847843,35867.29473118,115302.74161290,10353.99613408,969.00000000,11267.27053763,21033.61107527,11267.27053763,17933.64736559,35867.29473118,17933.64736559,8.00000000,2.85714286,3.00000000,8004.96000000,1500.93000000,1.50000000,0.80000000,80000.00000000,9.81000000,102.00000000,51.00000000,8004.96000000,1500.93000000,9.50000000
284.00000000,1315.00000000,0.00000000,0.91844601,35220.05409593,129307.15642922,10167.15385658,886.10476190,12047.14723672,28811.71026154,18008.19073911,17610.02704796,35220.05409593,17610.02704796,7.44444444,2.57142857,2.48571429,7449.06000000,1243.62771429,1.50000000,0.80000000,80000.00000000,9.81000000,102.00000000,51.00000000,7449.06000000,1243.62771429,8.94444444
285.00000000,2090.00000000,0.00000000,0.91842577,35852.90793671,116359.33135610,10349.84302425,964.62857143,11210.27669800,21597.73459848,11845.50418619,17926.45396836,35852.90793671,17926.45396836,8.00000000,2.85714286,2.91428571,8004.96000000,1458.04628571,1.50000000,0.80000000,80000.00000000,9.81000000,102.00000000,51.00000000,8004.96000000,1458.04628571,9.50000000
286.00000000,1629.00000000,0.00000000,0.91840834,35241.97686618,124674.72790332,10173.48241523,940.18095238,12174.83655335,26430.68951405,15585.24810356,17620.98843309,35241.97686618,17620.98843309,7.88888889,2.71428571,2.65714286,7893.78000000,1329.39514286,1.50000000,0.80000000,80000.00000000,9.81000000,102.00000000,51.00000000,7893.78000000,1329.39514286,9.38888889
287.00000000,1336.00000000,0.00000000,0.91840411,36637.94620874,117840.72456035,10576.46405309,897.43809524,9211.36301108,21660.60221429,13692.86691749,18318.97310437,36637.94620874,18318.97310437,7.55555556,2.85714286,2.48571429,7560.24000000,1243.62771429,1.50000000,0.80000000,80000.00000000,9.81000000,102.00000000,51.00000000,7560.24000000,1243.62771429,9.05555556
288.00000000,1303.00000000,0.00000000,0.91837408,34828.46547166,132473.91660804,10054.11195776,863.43809524,12830.32448525,30786.67897522,19199.98220426,17414.23273583,34828.46547166,17414.23273583,7.22222222,2.42857143,2.48571429,7226.70000000,1243.62771429,1.50000000,0.80000000,80000.00000000,9.81000000,102.00000000,51.00000000,7226.70000000,1243.62771429,8.72222222
289.00000000,1333.00000000,0.00000000,0.91831229,37373.44129774,111892.80775369,10788.78319690,863.43809524,7740.37283309,17951.14872197,11454.40360316,18686.72064887,37373.44129774,18686.72064887,7.22222222,2.85714286,2.48571429,7226.70000000,1243.62771429,1.50000000,0.80000000,80000.00000000,9.81000000,102.00000000,51.00000000,7226.70000000,1243.62771429,8.72222222
290.00000000,2060.00000000,0.00000000,0.91830655,33680.00442540,129923.51691159,9722.57981066,964.62857143,15556.08372063,30552.73088754,16454.69345262,16840.00221270,33680.00442540,16840.00221270,8.00000000,2.42857143,2.91428571,8004.96000000,1458.04628571,1.50000000,0.80000000,80000.00000000,9.81000000,102.00000000,51.00000000,8004.96000000,1458.04628571,9.50000000
291.00000000,1595.00000000,0.00000000,0.91826138,33735.04503511,135502.31217101,9738.46866607,894.84761905,15188.70021549,33351.41347897,19492.10840633,16867.52251755,33735.04503511,16867.52251755,7.44444444,2.28571429,2.65714286,7449.06000000,1329.39514286,1.50000000,0.80000000,80000.00000000,9.81000000,102.00000000,51.00000000,7449.06000000,1329.39514286,8.94444444
292.00000000,1478.00000000,0.00000000,0.91823085,35420.21735878,125355.74178753,10224.93601342,924.47619048,11732.58813957,26614.39782069,16168.32110969,17710.10867939,35420.21735878,17710.10867939,7.77777778,2.71428571,2.57142857,7782.60000000,1286.51142857,1.50000000,0.80000000,80000.00000000,9.81000000,102.00000000,51.00000000,7782.60000000,1286.51142857,9.27777778
293.00000000,1940.00000000,0.00000000,0.91820908,35838.79781137,117568.87325681,10345.76978191,960.25714286,11152.72952012,22238.05753132,12500.49058263,17919.39890568,35838.79781137,17919.39890568,8.00000000,2.85714286,2.82857143,8004.96000000,1415.16257143,1.50000000,0.80000000,80000.00000000,9.81000000,102.00000000,51.00000000,8004.96000000,1415.16257143,9.50000000
294.00000000,1443.00000000,0.00000000,0.91820461,34068.87423639,135625.94951770,9834.83685568,867.80952381,14435.27438436,33100.84480817,19952.08185239,17034.43711820,34068.87423639,17034.43711820,7.22222222,2.28571429,2.57142857,7226.70000000,1286.51142857,1.50000000,0.80000000,80000.00000000,9.81000000,102.00000000,51.00000000,7226.70000000,1286.51142857,8.72222222
295.00000000,1780.00000000,0.00000000,0.91818541,35070.75457925,124112.55933577,10124.05479851,955.88571429,12603.04855579,26299.38566007,15068.61596142,17535.37728962,35070.75457925,17535.37728962,8.00000000,2.71428571,2.74285714,8004.96000000,1372.27885714,1.50000000,0.80000000,80000.00000000,9.81000000,102.00000000,51.00000000,8004.96000000,1372.27885714,9.50000000
296.00000000,1488.00000000,0.00000000,0.91816370,36208.30624934,119366.26621932,10452.43767998,924.47619048,10156.41035847,22831.57114604,13961.67221614,18104.15312467,36208.30624934,18104.15312467,7.77777778,2.85714286,2.57142857,7782.60000000,1286.51142857,1.50000000,0.80000000,80000.00000000,9.81000000,102.00000000,51.00000000,7782.60000000,1286.51142857,9.27777778
297.00000000,1467.00000000,0.00000000,0.91815879,34847.69035585,129706.94700980,10059.66170379,913.14285714,12877.64214544,29362.52743476,17771.39671790,17423.84517793,34847.69035585,17423.84517793,7.66666667,2.57142857,2.57142857,7671.42000000,1286.51142857,1.50000000,0.80000000,80000.00000000,9.81000000,102.00000000,51.00000000,7671.42000000,1286.51142857,9.16666667
298.00000000,1639.00000000,0.00000000,0.91814332,36012.76129339,119136.49905598,10395.98871350,940.18095238,10633.26769894,22890.79066318,13586.91810709,18006.38064669,36012.76129339,18006.38064669,7.88888889,2.85714286,2.65714286,7893.78000000,1329.39514286,1.50000000,0.80000000,80000.00000000,9.81000000,102.00000000,51.00000000,7893.78000000,1329.39514286,9.38888889
299.00000000,1582.00000000,1.00000000,0.91813748,34384.25097660,137118.20309473,9673.54792738,860.84761905,15638.48428705,34384.25097660,20075.16183241,16755.07649967,33510.15299933,16755.07649967,7.11111111,2.14285714,2.65714286,7115.52000000,1329.39514286,1.50000000,0.80000000,80000.00000000,9.81000000,102.00000000,51.00000000,7115.52000000,1329.39514286,8.61111111
300.00000000,1782.00000000,1.00000000,0.91811345,37685.68513829,106258.89551890,10878.92022959,865.21904762,7373.18743771,14757.62319259,8756.71461202,18842.84256914,37685.68513829,18842.84256914,7.11111111,2.85714286,2.74285714,7115.52000000,1372.27885714,1.50000000,0.80000000,80000.00000000,9.81000000,102.00000000,51.00000000,7115.52000000,1372.27885714,8.61111111
301.00000000,1607.00000000,0.00000000,0.91811102,34121.96247875,132722.23868709,9850.16211119,917.51428571,14414.86532822,31574.45929337,18488.98910801,17060.98123937,34121.96247875,17060.98123937,7.66666667,2.42857143,2.65714286,7671.42000000,1329.39514286,1.50000000,0.80000000,80000.00000000,9.81000000,102.00000000,51.00000000,7671.42000000,1329.39514286,9.16666667
302.00000000,1632.00000000,1.00000000,0.91807716,37670.03406132,107228.68731602,10874.40215284,860.84761905,7318.72216307,15279.61202526,9290.28500504,18835.01703066,37670.03406132,18835.01703066,7.11111111,2.85714286,2.65714286,7115.52000000,1329.39514286,1.50000000,0.80000000,80000.00000000,9.81000000,102.00000000,51.00000000,7115.52000000,1329.39514286,8.61111111
303.00000000,1932.00000000,1.00000000,0.91805266,37701.65562499,105430.25137452,10883.53051199,869.59047619,7427.01389289,14305.88877656,8294.03745510,18850.82781249,37701.65562499,18850.82781249,7.11111111,2.85714286,2.82857143,7115.52000000,1415.16257143,1.50000000,0.80000000,80000.00000000,9.81000000,102.00000000,51.00000000,7115.52000000,1415.16257143,8.61111111
304.00000000,1898.00000000,0.00000000,0.91801851,33287.81027028,134191.43723423,9609.36311014,937.59047619,16254.70460230,33100.32706112,18260.78503025,16643.90513514,33287.81027028,16643.90513514,7.77777778,2.28571429,2.82857143,7782.60000000,1415.16257143,1.50000000,0.80000000,80000.00000000,9.81000000,102.00000000,51.00000000,7782.60000000,1415.16257143,9.27777778
305.00000000,2049.00000000,0.00000000,0.91800069,33154.45626037,133204.21151754,9570.86712338,953.29523810,16607.18005069,32718.62635554,17569.49259056,16577.22813018,33154.45626037,16577.22813018,7.88888889,2.28571429,2.91428571,7893.78000000,1458.04628571,1.50000000,0.80000000,80000.00000000,9.81000000,102.00000000,51.00000000,7893.78000000,1458.04628571,9.38888889
306.00000000,1163.00000000,0.00000000,0.91796581,35623.63974761,128735.15152069,10283.65899890,859.06666667,11154.20850477,28143.56401273,18190.09950796,17811.81987381,35623.63974761,17811.81987381,7.22222222,2.57142857,2.40000000,7226.70000000,1200.74400000,1.50000000,0.80000000,80000.00000000,9.81000000,102.00000000,51.00000000,7226.70000000,1200.74400000,8.72222222
307.00000000,2162.00000000,1.00000000,0.91793142,35912.65016451,137621.30024677,9280.19398114,878.33333333,18706.79008226,35912.65016451,18706.79008226,16073.76747944,32147.53495887,16073.76747944,7.11111111,1.85714286,3.00000000,7115.52000000,1500.93000000,1.50000000,0.80000000,80000.00000000,9.81000000,102.00000000,51.00000000,7115.52000000,1500.93000000,8.61111111
308.00000000,1482.00000000,1.00000000,0.91791552,37654.70239409,108373.65551921,10869.97628174,856.47619048,7263.61806897,15888.86965123,9911.76301084,18827.35119704,37654.70239409,18827.35119704,7.11111111,2.85714286,2.57142857,7115.52000000,1286.51142857,1.50000000,0.80000000,80000.00000000,9.81000000,102.00000000,51.00000000,7115.52000000,1286.51142857,8.61111111
309.00000000,2082.00000000,1.00000000,0.91791478,37717.94552142,104716.97552430,10888.23300004,873.96190476,7480.20152859,13911.51909788,7889.36385500,18858.97276071,37717.94552142,18858.97276071,7.11111111,2.85714286,2.91428571,7115.52000000,1458.04628571,1.50000000,0.80000000,80000.00000000,9.81000000,102.00000000,51.00000000,7115.52000000,1458.04628571,8.61111111
310.00000000,2188.00000000,1.00000000,0.91791259,33911.40948832,134619.43923248,9424.62108653,946.33333333,17706.16974416,33911.40948832,17706.16974416,16323.92256396,32647.84512792,16323.92256396,7.77777778,2.14285714,3.00000000,7782.60000000,1500.93000000,1.50000000,0.80000000,80000.00000000,9.81000000,102.00000000,51.00000000,7782.60000000,1500.93000000,9.27777778
311.00000000,1337.00000000,0.00000000,0.91782306,36412.00855224,119667.87256514,10511.24146968,908.77142857,9663.23832410,22800.11387319,14380.50326338,18206.00427612,36412.00855224,18206.00427612,7.66666667,2.85714286,2.48571429,7671.42000000,1243.62771429,1.50000000,0.80000000,80000.00000000,9.81000000,102.00000000,51.00000000,7671.42000000,1243.62771429,9.16666667
312.00000000,1790.00000000,0.00000000,0.91778709,35824.96435515,118963.12707275,10341.77640708,955.88571429,11094.62900399,22970.45975266,13248.10960581,17912.48217757,35824.96435515,17912.48217757,8.00000000,2.85714286,2.74285714,8004.96000000,1372.27885714,1.50000000,0.80000000,80000.00000000,9.81000000,102.00000000,51.00000000,8004.96000000,1372.27885714,9.50000000
313.00000000,1184.00000000,0.00000000,0.91775479,37103.97985976,115905.53721540,10710.99638002,870.40000000,8193.52828048,20248.41674794,13255.63246746,18551.98992988,37103.97985976,18551.98992988,7.33333333,2.85714286,2.40000000,7337.88000000,1200.74400000,1.50000000,0.80000000,80000.00000000,9.81000000,102.00000000,51.00000000,7337.88000000,1200.74400000,8.83333333
314.00000000,2232.00000000,1.00000000,0.91771424,37734.55482759,104099.18103448,10893.02769373,878.33333333,7532.75034483,13564.57068966,7532.75034483,18867.27741379,37734.55482759,18867.27741379,7.11111111,2.85714286,3.00000000,7115.52000000,1500.93000000,1.50000000,0.80000000,80000.00000000,9.81000000,102.00000000,51.00000000,7115.52000000,1500.93000000,8.61111111
315.00000000,1021.00000000,1.00000000,0.91770496,36952.37692981,119581.55885310,10667.23238381,832.02857143,8410.96671182,22259.47235388,15006.36592778,18476.18846490,36952.37692981,18476.18846490,7.00000000,2.71428571,2.31428571,7004.34000000,1157.86028571,1.50000000,0.80000000,80000.00000000,9.81000000,102.00000000,51.00000000,7004.34000000,1157.86028571,8.50000000
316.00000000,1734.00000000,0.00000000,0.91766299,34579.04675903,136920.16009823,9582.54045333,887.88571429,16354.76999126,34579.04675903,19596.55562491,16597.44693076,33194.89386152,16597.44693076,7.33333333,2.14285714,2.74285714,7337.88000000,1372.27885714,1.50000000,0.80000000,80000.00000000,9.81000000,102.00000000,51.00000000,7337.88000000,1372.27885714,8.83333333
317.00000000,1175.00000000,0.00000000,0.91760890,36014.07786548,125351.35449919,10396.36877512,881.73333333,10373.33226904,26061.22738412,16888.63911507,18007.03893274,36014.07786548,18007.03893274,7.44444444,2.71428571,2.40000000,7449.06000000,1200.74400000,1.50000000,0.80000000,80000.00000000,9.81000000,102.00000000,51.00000000,7449.06000000,1200.74400000,8.94444444
318.00000000,2024.00000000,1.00000000,0.91760623,35300.02026157,137114.26405167,9390.05036090,896.62857143,17859.91532862,35300.02026157,18898.15121867,16264.04431070,32528.08862140,16264.04431070,7.33333333,2.00000000,2.91428571,7337.88000000,1458.04628571,1.50000000,0.80000000,80000.00000000,9.81000000,102.00000000,51.00000000,7337.88000000,1458.04628571,8.83333333
319.00000000,1327.00000000,0.00000000,0.91760577,35605.83862119,126187.33374664,10278.52025633,908.77142857,11275.57818619,26866.01439499,16834.06392308,17802.91931060,35605.83862119,17802.91931060,7.66666667,2.71428571,2.48571429,7671.42000000,1243.62771429,1.50000000,0.80000000,80000.00000000,9.81000000,102.00000000,51.00000000,7671.42000000,1243.62771429,9.16666667
320.00000000,1332.00000000,1.00000000,0.91758749,37639.69013659,109739.66496993,10865.64261629,852.10476190,7207.87515539,16608.32849123,10644.08105013,18819.84506830,37639.69013659,18819.84506830,7.11111111,2.85714286,2.48571429,7115.52000000,1243.62771429,1.50000000,0.80000000,80000.00000000,9.81000000,102.00000000,51.00000000,7115.52000000,1243.62771429,8.61111111
321.00000000,1185.00000000,0.00000000,0.91758348,36859.25831082,118026.45730621,10640.35135394,881.73333333,8682.97137836,21553.59834229,14071.37096393,18429.62915541,36859.25831082,18429.62915541,7.44444444,2.85714286,2.40000000,7449.06000000,1200.74400000,1.50000000,0.80000000,80000.00000000,9.81000000,102.00000000,51.00000000,7449.06000000,1200.74400000,8.94444444
322.00000000,1183.00000000,0.00000000,0.91757986,37359.02679892,113695.13040938,10784.62208951,859.06666667,7683.43440217,18888.16640577,12405.47600361,18679.51339946,37359.02679892,18679.51339946,7.22222222,2.85714286,2.40000000,7226.70000000,1200.74400000,1.50000000,0.80000000,80000.00000000,9.81000000,102.00000000,51.00000000,7226.70000000,1200.74400000,8.72222222
323.00000000,2200.00000000,1.00000000,0.91757028,33026.32089109,132348.58465347,9533.87762841,969.00000000,16949.21821782,32397.50643564,16949.21821782,16513.16044554,33026.32089109,16513.16044554,8.00000000,2.28571429,3.00000000,8004.96000000,1500.93000000,1.50000000,0.80000000,80000.00000000,9.81000000,102.00000000,51.00000000,8004.96000000,1500.93000000,9.50000000
324.00000000,2037.00000000,0.00000000,0.91754500,34289.86449579,135584.17517114,9460.80790578,930.62857143,17369.69267758,34289.86449579,18378.21810393,16386.59997346,32773.19994692,16386.59997346,7.66666667,2.14285714,2.91428571,7671.42000000,1458.04628571,1.50000000,0.80000000,80000.00000000,9.81000000,102.00000000,51.00000000,7671.42000000,1458.04628571,9.16666667
325.00000000,1747.00000000,0.00000000,0.91746230,33556.18611163,135337.92253429,9649.43856753,921.88571429,15891.28626041,33556.18611163,19037.17870837,16713.31786347,33426.63572694,16713.31786347,7.66666667,2.28571429,2.74285714,7671.42000000,1372.27885714,1.50000000,0.80000000,80000.00000000,9.81000000,102.00000000,51.00000000,7671.42000000,1372.27885714,9.16666667
326.00000000,1022.00000000,1.00000000,0.91743896,36699.46472655,121950.94686252,10594.22291950,843.36190476,8916.79111832,23697.07856185,15938.14772924,18349.73236328,36699.46472655,18349.73236328,7.11111111,2.71428571,2.31428571,7115.52000000,1157.86028571,1.50000000,0.80000000,80000.00000000,9.81000000,102.00000000,51.00000000,7115.52000000,1157.86028571,8.61111111
327.00000000,1291.00000000,1.00000000,0.91737286,34430.85036913,135689.41265462,9939.33036452,840.77142857,13625.55469031,32792.04210104,20410.11512501,17215.42518456,34430.85036913,17215.42518456,7.00000000,2.28571429,2.48571429,7004.34000000,1243.62771429,1.50000000,0.80000000,80000.00000000,9.81000000,102.00000000,51.00000000,7004.34000000,1243.62771429,8.50000000
328.00000000,1151.00000000,1.00000000,0.91735157,35227.06343059,132172.14626824,10169.17727721,836.40000000,11947.36113882,30258.63770353,19512.02056471,17613.53171529,35227.06343059,17613.53171529,7.00000000,2.42857143,2.40000000,7004.34000000,1200.74400000,1.50000000,0.80000000,80000.00000000,9.81000000,102.00000000,51.00000000,7004.34000000,1200.74400000,8.50000000
329.00000000,1489.00000000,0.00000000,0.91723075,35999.25526818,120955.05367610,10392.08985986,935.80952381,10574.51232078,23835.01585558,14547.01496337,17999.62763409,35999.25526818,17999.62763409,7.88888889,2.85714286,2.57142857,7893.78000000,1286.51142857,1.50000000,0.80000000,80000.00000000,9.81000000,102.00000000,51.00000000,7893.78000000,1286.51142857,9.38888889
330.00000000,1770.00000000,0.00000000,0.91719234,34347.64623741,129049.64387661,9915.31140060,955.88571429,14049.26523947,29491.03627233,16814.04989000,17173.82311870,34347.64623741,17173.82311870,8.00000000,2.57142857,2.74285714,8004.96000000,1372.27885714,1.50000000,0.80000000,80000.00000000,9.81000000,102.00000000,51.00000000,8004.96000000,1372.27885714,9.50000000
331.00000000,1619.00000000,0.00000000,0.91713395,34503.49539518,129980.85402830,9960.30117719,940.18095238,13651.79949536,29822.23404755,17499.82969504,17251.74769759,34503.49539518,17251.74769759,7.88888889,2.57142857,2.65714286,7893.78000000,1329.39514286,1.50000000,0.80000000,80000.00000000,9.81000000,102.00000000,51.00000000,7893.78000000,1329.39514286,9.38888889
332.00000000,1640.00000000,0.00000000,0.91710451,35811.40756805,120583.26286026,10337.86289974,951.51428571,11035.97514962,23815.52629065,14108.94628389,17905.70378402,35811.40756805,17905.70378402,8.00000000,2.85714286,2.65714286,8004.96000000,1329.39514286,1.50000000,0.80000000,80000.00000000,9.81000000,102.00000000,51.00000000,8004.96000000,1329.39514286,9.50000000
333.00000000,1186.00000000,0.00000000,0.91709511,36624.30688143,120062.70302757,10572.52671844,893.06666667,9152.87423713,22806.67263235,14854.54239522,18312.15344072,36624.30688143,18312.15344072,7.55555556,2.85714286,2.40000000,7560.24000000,1200.74400000,1.50000000,0.80000000,80000.00000000,9.81000000,102.00000000,51.00000000,7560.24000000,1200.74400000,9.05555556
334.00000000,1456.00000000,0.00000000,0.91705434,34281.58068948,134009.38047425,9896.23991966,901.80952381,14009.86147819,32079.85383336,19356.50378375,17140.79034474,34281.58068948,17140.79034474,7.55555556,2.42857143,2.57142857,7560.24000000,1286.51142857,1.50000000,0.80000000,80000.00000000,9.81000000,102.00000000,51.00000000,7560.24000000,1286.51142857,9.05555556
335.00000000,1316.00000000,0.00000000,0.91705000,35023.54466221,130896.31967576,10110.42646935,897.43809524,12440.16610414,29802.80131852,18606.26292867,17511.77233111,35023.54466221,17511.77233111,7.55555556,2.57142857,2.48571429,7560.24000000,1243.62771429,1.50000000,0.80000000,80000.00000000,9.81000000,102.00000000,51.00000000,7560.24000000,1243.62771429,9.05555556
336.00000000,1182.00000000,1.00000000,0.91703200,37624.99728883,111390.05283016,10861.40115648,847.73333333,7151.49342234,17469.65712625,11518.90770391,18812.49864441,37624.99728883,18812.49864441,7.11111111,2.85714286,2.40000000,7115.52000000,1200.74400000,1.50000000,0.80000000,80000.00000000,9.81000000,102.00000000,51.00000000,7115.52000000,1200.74400000,8.61111111
337.00000000,1338.00000000,0.00000000,0.91698154,36194.85274293,121424.00215347,10448.55398720,920.10476190,10097.54994272,23895.33447666,15041.41224823,18097.42637146,36194.85274293,18097.42637146,7.77777778,2.85714286,2.48571429,7782.60000000,1243.62771429,1.50000000,0.80000000,80000.00000000,9.81000000,102.00000000,51.00000000,7782.60000000,1243.62771429,9.27777778
338.00000000,1630.00000000,0.00000000,0.91696639,35057.48319820,126000.34907328,10120.22368079,951.51428571,12543.82388932,27277.99376702,16063.56502055,17528.74159910,35057.48319820,17528.74159910,8.00000000,2.71428571,2.65714286,8004.96000000,1329.39514286,1.50000000,0.80000000,80000.00000000,9.81000000,102.00000000,51.00000000,8004.96000000,1329.39514286,9.50000000
339.00000000,1304.00000000,0.00000000,0.91695108,34634.38556261,134043.43239427,9998.08591390,874.77142857,13218.48430335,31765.51677738,19790.66018832,17317.19278131,34634.38556261,17317.19278131,7.33333333,2.42857143,2.48571429,7337.88000000,1243.62771429,1.50000000,0.80000000,80000.00000000,9.81000000,102.00000000,51.00000000,7337.88000000,1243.62771429,8.83333333
340.00000000,1759.00000000,0.00000000,0.91687888,33808.26633439,132732.30666276,9759.60583450,944.55238095,15128.02504551,31871.74756842,18116.00138005,16904.13316719,33808.26633439,16904.13316719,7.88888889,2.42857143,2.74285714,7893.78000000,1372.27885714,1.50000000,0.80000000,80000.00000000,9.81000000,102.00000000,51.00000000,7893.78000000,1372.27885714,9.38888889
341.00000000,1910.00000000,0.00000000,0.91687384,33666.74945916,131722.22058407,9718.75343149,960.25714286,15496.82622453,31486.77954716,17405.11589406,16833.37472958,33666.74945916,16833.37472958,8.00000000,2.42857143,2.82857143,8004.96000000,1415.16257143,1.50000000,0.80000000,80000.00000000,9.81000000,102.00000000,51.00000000,8004.96000000,1415.16257143,9.50000000
342.00000000,1479.00000000,0.00000000,0.91684728,35228.75991167,126810.81838560,10169.66700911,935.80952381,12115.50303380,27533.39356684,16704.40196161,17614.37995583,35228.75991167,17614.37995583,7.88888889,2.71428571,2.57142857,7893.78000000,1286.51142857,1.50000000,0.80000000,80000.00000000,9.81000000,102.00000000,51.00000000,7893.78000000,1286.51142857,9.38888889
343.00000000,1023.00000000,0.00000000,0.91683683,36456.93535248,124223.06415645,10524.21071979,854.69523810,9401.84986647,25075.66658289,16831.67700214,18228.46767624,36456.93535248,18228.46767624,7.22222222,2.71428571,2.31428571,7226.70000000,1157.86028571,1.50000000,0.80000000,80000.00000000,9.81000000,102.00000000,51.00000000,7226.70000000,1157.86028571,8.72222222
344.00000000,1631.00000000,1.00000000,0.91677192,37948.46017505,105228.14412851,10954.77684870,849.51428571,6761.86993562,14000.91431778,8568.43952502,18974.23008752,37948.46017505,18974.23008752,7.00000000,2.85714286,2.65714286,7004.34000000,1329.39514286,1.50000000,0.80000000,80000.00000000,9.81000000,102.00000000,51.00000000,7004.34000000,1329.39514286,8.50000000
345.00000000,1781.00000000,1.00000000,0.91674998,37964.41943074,104355.81310834,10959.38388898,853.88571429,6815.71885280,13527.34769486,8083.90769920,18982.20971537,37964.41943074,18982.20971537,7.00000000,2.85714286,2.74285714,7004.34000000,1372.27885714,1.50000000,0.80000000,80000.00000000,9.81000000,102.00000000,51.00000000,7004.34000000,1372.27885714,8.50000000
346.00000000,1164.00000000,0.00000000,0.91674709,35411.02260380,130577.83343371,10222.28171629,870.40000000,11579.44279240,29277.52211305,18898.82332066,17705.51130190,35411.02260380,17705.51130190,7.33333333,2.57142857,2.40000000,7337.88000000,1200.74400000,1.50000000,0.80000000,80000.00000000,9.81000000,102.00000000,51.00000000,7337.88000000,1200.74400000,8.83333333
347.00000000,1011.00000000,1.00000000,0.91671987,36061.95820861,127923.37634644,10410.19063962,832.02857143,10191.80415422,27320.79982176,18286.85595326,18030.97910430,36061.95820861,18030.97910430,7.00000000,2.57142857,2.31428571,7004.34000000,1157.86028571,1.50000000,0.80000000,80000.00000000,9.81000000,102.00000000,51.00000000,7004.34000000,1157.86028571,8.50000000
348.00000000,1481.00000000,1.00000000,0.91669329,37932.82661844,106259.91141410,10950.26382964,845.14285714,6707.36962025,14553.87337432,9133.01518264,18966.41330922,37932.82661844,18966.41330922,7.00000000,2.85714286,2.57142857,7004.34000000,1286.51142857,1.50000000,0.80000000,80000.00000000,9.81000000,102.00000000,51.00000000,7004.34000000,1286.51142857,8.50000000
349.00000000,1931.00000000,1.00000000,0.91664974,37980.70438553,103611.93364450,10964.08495050,858.25714286,6868.91637179,13117.68115100,7663.92735064,18990.35219277,37980.70438553,18990.35219277,7.00000000,2.85714286,2.82857143,7004.34000000,1415.16257143,1.50000000,0.80000000,80000.00000000,9.81000000,102.00000000,51.00000000,7004.34000000,1415.16257143,8.50000000
350.00000000,1444.00000000,0.00000000,0.91659701,33950.23075325,136970.81059740,9783.75423026,879.14285714,14789.18519481,33950.23075325,20447.55698701,16945.95941558,33891.91883117,16945.95941558,7.33333333,2.28571429,2.57142857,7337.88000000,1286.51142857,1.50000000,0.80000000,80000.00000000,9.81000000,102.00000000,51.00000000,7337.88000000,1286.51142857,8.83333333
351.00000000,1468.00000000,0.00000000,0.91659236,34665.70385292,131090.04443212,10007.12672556,924.47619048,13241.61515131,30236.06264886,18280.95892612,17332.85192646,34665.70385292,17332.85192646,7.77777778,2.57142857,2.57142857,7782.60000000,1286.51142857,1.50000000,0.80000000,80000.00000000,9.81000000,102.00000000,51.00000000,7782.60000000,1286.51142857,9.27777778
352.00000000,1886.00000000,0.00000000,0.91655795,34735.70629164,136694.06302639,9498.49270935,914.92380952,17022.83727118,34735.70629164,19128.03159189,16451.87196792,32903.74393584,16451.87196792,7.55555556,2.14285714,2.82857143,7560.24000000,1415.16257143,1.50000000,0.80000000,80000.00000000,9.81000000,102.00000000,51.00000000,7560.24000000,1415.16257143,9.05555556
353.00000000,2081.00000000,1.00000000,0.91648679,37997.31503942,102973.03247253,10968.88003325,862.62857143,6921.46249259,12760.17805399,7296.76184711,18998.65751971,37997.31503942,18998.65751971,7.00000000,2.85714286,2.91428571,7004.34000000,1458.04628571,1.50000000,0.80000000,80000.00000000,9.81000000,102.00000000,51.00000000,7004.34000000,1458.04628571,8.50000000
354.00000000,1331.00000000,1.00000000,0.91648161,37917.51876094,107492.87696432,10945.84483182,840.77142857,6652.21790669,15207.10586408,9798.51567167,18958.75938047,37917.51876094,18958.75938047,7.00000000,2.85714286,2.48571429,7004.34000000,1243.62771429,1.50000000,0.80000000,80000.00000000,9.81000000,102.00000000,51.00000000,7004.34000000,1243.62771429,8.50000000
355.00000000,1176.00000000,0.00000000,0.91647641,35799.22862879,127213.38121719,10334.34714281,893.06666667,10803.03074243,27207.08997981,17604.80323738,17899.61431439,35799.22862879,17899.61431439,7.55555556,2.71428571,2.40000000,7560.24000000,1200.74400000,1.50000000,0.80000000,80000.00000000,9.81000000,102.00000000,51.00000000,7560.24000000,1200.74400000,9.05555556
356.00000000,1798.00000000,0.00000000,0.91647448,37060.66023421,110526.30693296,10698.49108128,933.21904762,8623.23724587,17516.35380370,10265.39541497,18530.33011710,37060.66023421,18530.33011710,7.77777778,3.00000000,2.74285714,7782.60000000,1372.27885714,1.50000000,0.80000000,80000.00000000,9.81000000,102.00000000,51.00000000,7782.60000000,1372.27885714,9.27777778
357.00000000,1033.00000000,0.00000000,0.91646006,37344.92565877,115903.99707652,10780.55144098,854.69523810,7625.86925390,20028.14273663,13560.13376845,18672.46282938,37344.92565877,18672.46282938,7.22222222,2.85714286,2.31428571,7226.70000000,1157.86028571,1.50000000,0.80000000,80000.00000000,9.81000000,102.00000000,51.00000000,7226.70000000,1157.86028571,8.72222222
358.00000000,1948.00000000,0.00000000,0.91640502,37075.29816449,109511.67740740,10702.71668778,937.59047619,8679.72881387,16972.95925349,9708.39301105,18537.64908225,37075.29816449,18537.64908225,7.77777778,3.00000000,2.82857143,7782.60000000,1415.16257143,1.50000000,0.80000000,80000.00000000,9.81000000,102.00000000,51.00000000,7782.60000000,1415.16257143,9.27777778
359.00000000,1648.00000000,0.00000000,0.91640440,37046.31506252,111710.22382588,10694.34998692,928.84761905,8566.16016066,18144.09927899,10907.33426118,18523.15753126,37046.31506252,18523.15753126,7.77777778,3.00000000,2.65714286,7782.60000000,1329.39514286,1.50000000,0.80000000,80000.00000000,9.81000000,102.00000000,51.00000000,7782.60000000,1329.39514286,9.27777778
360.00000000,1608.00000000,0.00000000,0.91640041,33955.54486032,133917.98009357,9802.12148279,928.84761905,14747.70056507,32338.74761503,18920.44219282,16977.77243016,33955.54486032,16977.77243016,7.77777778,2.42857143,2.65714286,7782.60000000,1329.39514286,1.50000000,0.80000000,80000.00000000,9.81000000,102.00000000,51.00000000,7782.60000000,1329.39514286,9.27777778
361.00000000,1797.00000000,0.00000000,0.91638723,37298.44681500,108902.79855373,10767.13415450,921.88571429,8147.66408428,16466.81303329,9691.42780615,18649.22340750,37298.44681500,18649.22340750,7.66666667,3.00000000,2.74285714,7671.42000000,1372.27885714,1.50000000,0.80000000,80000.00000000,9.81000000,102.00000000,51.00000000,7671.42000000,1372.27885714,9.16666667
362.00000000,1647.00000000,0.00000000,0.91638416,37283.84317176,110003.54037434,10762.91844582,917.51428571,8091.10394220,17053.22944398,10291.52064464,18641.92158588,37283.84317176,18641.92158588,7.66666667,3.00000000,2.65714286,7671.42000000,1329.39514286,1.50000000,0.80000000,80000.00000000,9.81000000,102.00000000,51.00000000,7671.42000000,1329.39514286,9.16666667
363.00000000,1034.00000000,0.00000000,0.91638082,37090.14089220,118290.92804749,10707.00141420,866.02857143,8135.43878702,21476.39298868,14498.81448737,18545.07044610,37090.14089220,18545.07044610,7.33333333,2.85714286,2.31428571,7337.88000000,1157.86028571,1.50000000,0.80000000,80000.00000000,9.81000000,102.00000000,51.00000000,7337.88000000,1157.86028571,8.83333333
364.00000000,1187.00000000,0.00000000,0.91632021,36398.60941434,122018.74774239,10507.37347175,904.40000000,9604.26917132,24010.39245686,15606.86728553,18199.30470717,36398.60941434,18199.30470717,7.66666667,2.85714286,2.40000000,7671.42000000,1200.74400000,1.50000000,0.80000000,80000.00000000,9.81000000,102.00000000,51.00000000,7671.42000000,1200.74400000,9.16666667
365.00000000,1799.00000000,0.00000000,0.91628178,36832.11127361,112086.74466391,10632.51467932,944.55238095,9080.33516706,18525.12162977,10817.06531985,18416.05563681,36832.11127361,18416.05563681,7.88888889,3.00000000,2.74285714,7893.78000000,1372.27885714,1.50000000,0.80000000,80000.00000000,9.81000000,102.00000000,51.00000000,7893.78000000,1372.27885714,9.38888889
366.00000000,2231.00000000,1.00000000,0.91627237,38014.25139241,102421.00164557,10973.76913722,867.00000000,6973.35721519,12445.78443038,6973.35721519,19007.12569620,38014.25139241,19007.12569620,7.00000000,2.85714286,3.00000000,7004.34000000,1500.93000000,1.50000000,0.80000000,80000.00000000,9.81000000,102.00000000,51.00000000,7004.34000000,1500.93000000,8.50000000
367.00000000,1947.00000000,0.00000000,0.91626938,37313.34849178,107960.51075862,10771.43589805,926.25714286,8203.62815929,15959.32560181,9170.86001395,18656.67424589,37313.34849178,18656.67424589,7.66666667,3.00000000,2.82857143,7671.42000000,1415.16257143,1.50000000,0.80000000,80000.00000000,9.81000000,102.00000000,51.00000000,7671.42000000,1415.16257143,9.16666667
368.00000000,1949.00000000,0.00000000,0.91626448,36846.49463120,111002.59075339,10636.66679701,948.92380952,9137.33588046,17947.21945978,10225.04615075,18423.24731560,36846.49463120,18423.24731560,7.88888889,3.00000000,2.82857143,7893.78000000,1415.16257143,1.50000000,0.80000000,80000.00000000,9.81000000,102.00000000,51.00000000,7893.78000000,1415.16257143,9.38888889
369.00000000,1328.00000000,0.00000000,0.91625877,35407.05667355,127794.87471449,10221.13685084,920.10476190,11673.14208146,27868.56682655,17439.05245937,17703.52833678,35407.05667355,17703.52833678,7.77777778,2.71428571,2.48571429,7782.60000000,1243.62771429,1.50000000,0.80000000,80000.00000000,9.81000000,102.00000000,51.00000000,7782.60000000,1243.62771429,9.27777778
370.00000000,2098.00000000,0.00000000,0.91622638,37090.22885339,108635.44927020,10707.02680640,941.96190476,8735.63486466,16498.47263886,9220.88405992,18545.11442669,37090.22885339,18545.11442669,7.77777778,3.00000000,2.91428571,7782.60000000,1458.04628571,1.50000000,0.80000000,80000.00000000,9.81000000,102.00000000,51.00000000,7782.60000000,1458.04628571,9.27777778
371.00000000,1497.00000000,0.00000000,0.91622344,37269.53756205,111300.90824269,10758.78877201,913.14285714,8033.94773304,17737.66084501,10990.22454054,18634.76878103,37269.53756205,18634.76878103,7.66666667,3.00000000,2.57142857,7671.42000000,1286.51142857,1.50000000,0.80000000,80000.00000000,9.81000000,102.00000000,51.00000000,7671.42000000,1286.51142857,9.16666667
372.00000000,1721.00000000,1.00000000,0.91618519,35624.10716648,138536.73791601,9514.19040912,853.88571429,16828.31298838,35624.10716648,20168.07303524,16479.06118148,32958.12236295,16479.06118148,7.00000000,2.00000000,2.74285714,7004.34000000,1372.27885714,1.50000000,0.80000000,80000.00000000,9.81000000,102.00000000,51.00000000,7004.34000000,1372.27885714,8.50000000
373.00000000,1032.00000000,1.00000000,0.91615528,37610.62385080,113414.82454064,10857.25190232,843.36190476,7094.47286983,18517.85827667,12581.24569255,18805.31192540,37610.62385080,18805.31192540,7.11111111,2.85714286,2.31428571,7115.52000000,1157.86028571,1.50000000,0.80000000,80000.00000000,9.81000000,102.00000000,51.00000000,7115.52000000,1157.86028571,8.61111111
374.00000000,1498.00000000,0.00000000,0.91615229,37032.26264945,113104.19757847,10690.29340468,924.47619048,8508.49755824,18876.58042550,11654.59429583,18516.13132472,37032.26264945,18516.13132472,7.77777778,3.00000000,2.57142857,7782.60000000,1286.51142857,1.50000000,0.80000000,80000.00000000,9.81000000,102.00000000,51.00000000,7782.60000000,1286.51142857,9.27777778
375.00000000,1649.00000000,0.00000000,0.91614089,36818.01558318,113350.59786268,10628.44560399,940.18095238,9022.75911936,19192.58577673,11499.22180023,18409.00779159,36818.01558318,18409.00779159,7.88888889,3.00000000,2.65714286,7893.78000000,1329.39514286,1.50000000,0.80000000,80000.00000000,9.81000000,102.00000000,51.00000000,7893.78000000,1329.39514286,9.38888889
376.00000000,2099.00000000,0.00000000,0.91612353,36861.16565594,110065.35892701,10640.90195705,953.29523810,9193.76125956,17442.49066471,9706.77569087,18430.58282797,36861.16565594,18430.58282797,7.88888889,3.00000000,2.91428571,7893.78000000,1458.04628571,1.50000000,0.80000000,80000.00000000,9.81000000,102.00000000,51.00000000,7893.78000000,1458.04628571,9.38888889
377.00000000,1181.00000000,1.00000000,0.91608808,37902.53660253,108984.71211139,10941.51985522,836.40000000,6596.41479494,15989.44745316,10593.77665823,18951.26830127,37902.53660253,18951.26830127,7.00000000,2.85714286,2.40000000,7004.34000000,1200.74400000,1.50000000,0.80000000,80000.00000000,9.81000000,102.00000000,51.00000000,7004.34000000,1200.74400000,8.50000000
378.00000000,1490.00000000,0.00000000,0.91608603,35798.12745008,122483.62509370,10334.02925989,947.14285714,10976.76795699,24800.42938249,15110.17285407,17899.06372504,35798.12745008,17899.06372504,8.00000000,2.85714286,2.57142857,8004.96000000,1286.51142857,1.50000000,0.80000000,80000.00000000,9.81000000,102.00000000,51.00000000,8004.96000000,1286.51142857,9.50000000
379.00000000,1152.00000000,0.00000000,0.91606751,35016.84600051,133994.03066222,10108.49273228,847.73333333,12367.79599897,31379.79733059,20212.74533162,17508.42300026,35016.84600051,17508.42300026,7.11111111,2.42857143,2.40000000,7115.52000000,1200.74400000,1.50000000,0.80000000,80000.00000000,9.81000000,102.00000000,51.00000000,7115.52000000,1200.74400000,8.61111111
380.00000000,1646.00000000,0.00000000,0.91605980,37531.10790886,108226.89744854,10834.29762708,906.18095238,7596.57446800,15917.64324398,9650.46391884,18765.55395443,37531.10790886,18765.55395443,7.55555556,3.00000000,2.65714286,7560.24000000,1329.39514286,1.50000000,0.80000000,80000.00000000,9.81000000,102.00000000,51.00000000,7560.24000000,1329.39514286,9.05555556
381.00000000,2097.00000000,1.00000000,0.91605673,37328.54820210,107147.75879038,10775.82367647,930.62857143,8258.99616724,15516.30805024,8715.35816871,18664.27410105,37328.54820210,18664.27410105,7.66666667,3.00000000,2.91428571,7671.42000000,1458.04628571,1.50000000,0.80000000,80000.00000000,9.81000000,102.00000000,51.00000000,7671.42000000,1458.04628571,9.16666667
382.00000000,1596.00000000,0.00000000,0.91605019,34103.87763515,136679.55447987,9691.17126549,906.18095238,15516.38621899,34103.87763515,19916.88655901,16785.60101668,33571.20203336,16785.60101668,7.55555556,2.28571429,2.65714286,7560.24000000,1329.39514286,1.50000000,0.80000000,80000.00000000,9.81000000,102.00000000,51.00000000,7560.24000000,1329.39514286,9.05555556
383.00000000,2176.00000000,1.00000000,0.91604001,35445.36417323,136920.37125984,9313.91744275,923.66666667,18473.14708661,35445.36417323,18473.14708661,16132.17822835,32264.35645669,16132.17822835,7.55555556,2.00000000,3.00000000,7560.24000000,1500.93000000,1.50000000,0.80000000,80000.00000000,9.81000000,102.00000000,51.00000000,7560.24000000,1500.93000000,9.05555556
384.00000000,1796.00000000,0.00000000,0.91600124,37545.97950886,107212.74774742,10838.59068821,910.55238095,7652.59869657,15374.25493628,9093.93509685,18772.98975443,37545.97950886,18772.98975443,7.55555556,3.00000000,2.74285714,7560.24000000,1372.27885714,1.50000000,0.80000000,80000.00000000,9.81000000,102.00000000,51.00000000,7560.24000000,1372.27885714,9.05555556
385.00000000,1496.00000000,0.00000000,0.91598474,37516.53981090,109423.69115147,10830.09217944,901.80952381,7539.94323535,16552.05005055,10298.61824377,18758.26990545,37516.53981090,18758.26990545,7.55555556,3.00000000,2.57142857,7560.24000000,1286.51142857,1.50000000,0.80000000,80000.00000000,9.81000000,102.00000000,51.00000000,7560.24000000,1286.51142857,9.05555556
386.00000000,2011.00000000,1.00000000,0.91597447,36333.61820878,138679.86094229,9317.65078093,862.62857143,18361.51433241,36333.61820878,19430.15016208,16138.64455975,32277.28911951,16138.64455975,7.00000000,1.85714286,2.91428571,7004.34000000,1458.04628571,1.50000000,0.80000000,80000.00000000,9.81000000,102.00000000,51.00000000,7004.34000000,1458.04628571,8.50000000
387.00000000,2248.00000000,1.00000000,0.91596068,37105.45230088,107873.79619469,10711.42143716,946.33333333,8790.95539823,16080.98079646,8790.95539823,18552.72615044,37105.45230088,18552.72615044,7.77777778,3.00000000,3.00000000,7782.60000000,1500.93000000,1.50000000,0.80000000,80000.00000000,9.81000000,102.00000000,51.00000000,7782.60000000,1500.93000000,9.27777778
388.00000000,1035.00000000,0.00000000,0.91595018,36845.67194502,120581.21607901,10636.42930796,877.36190476,8624.37668139,22866.00595163,15399.48955595,18422.83597251,36845.67194502,18422.83597251,7.44444444,2.85714286,2.31428571,7449.06000000,1157.86028571,1.50000000,0.80000000,80000.00000000,9.81000000,102.00000000,51.00000000,7449.06000000,1157.86028571,8.94444444
389.00000000,1292.00000000,0.00000000,0.91594699,34239.36681183,137237.93185713,9884.05382285,852.10476190,14008.52180491,33757.78525959,20992.89116896,17119.68340592,34239.36681183,17119.68340592,7.11111111,2.28571429,2.48571429,7115.52000000,1243.62771429,1.50000000,0.80000000,80000.00000000,9.81000000,102.00000000,51.00000000,7115.52000000,1243.62771429,8.61111111
390.00000000,1024.00000000,0.00000000,0.91593501,36224.22320600,126403.20952872,10457.03250959,866.02857143,9867.27415942,26398.45141550,17689.03754179,18112.11160300,36224.22320600,18112.11160300,7.33333333,2.71428571,2.31428571,7337.88000000,1157.86028571,1.50000000,0.80000000,80000.00000000,9.81000000,102.00000000,51.00000000,7337.88000000,1157.86028571,8.83333333
391.00000000,2050.00000000,0.00000000,0.91592027,33301.29410498,134086.78178506,9530.05347777,964.62857143,16889.94528204,33301.29410498,17869.39510865,16506.53682235,33013.07364470,16506.53682235,8.00000000,2.28571429,2.91428571,8004.96000000,1458.04628571,1.50000000,0.80000000,80000.00000000,9.81000000,102.00000000,51.00000000,8004.96000000,1458.04628571,9.50000000
392.00000000,1339.00000000,0.00000000,0.91590727,35986.03061850,123112.73759446,10388.27223233,931.43809524,10515.19419156,24948.52432158,15676.95784431,17993.01530925,35986.03061850,17993.01530925,7.88888889,2.85714286,2.48571429,7893.78000000,1243.62771429,1.50000000,0.80000000,80000.00000000,9.81000000,102.00000000,51.00000000,7893.78000000,1243.62771429,9.38888889
393.00000000,2249.00000000,1.00000000,0.91588418,36876.12434783,109249.76391304,10645.22015944,957.66666667,9249.61130435,16998.29260870,9249.61130435,18438.06217391,36876.12434783,18438.06217391,7.88888889,3.00000000,3.00000000,7893.78000000,1500.93000000,1.50000000,0.80000000,80000.00000000,9.81000000,102.00000000,51.00000000,7893.78000000,1500.93000000,9.38888889
394.00000000,1950.00000000,0.00000000,0.91586694,36626.46369733,112436.34070956,10573.14933756,960.25714286,9577.39774819,18884.12537173,10721.89019497,18313.23184867,36626.46369733,18313.23184867,8.00000000,3.00000000,2.82857143,8004.96000000,1415.16257143,1.50000000,0.80000000,80000.00000000,9.81000000,102.00000000,51.00000000,8004.96000000,1415.16257143,9.50000000
395.00000000,1347.00000000,0.00000000,0.91585230,37255.52998588,112846.35140612,10754.74513307,908.77142857,7976.19545681,18545.83186004,11813.26411751,18627.76499294,37255.52998588,18627.76499294,7.66666667,3.00000000,2.48571429,7671.42000000,1243.62771429,1.50000000,0.80000000,80000.00000000,9.81000000,102.00000000,51.00000000,7671.42000000,1243.62771429,9.16666667
396.00000000,1946.00000000,0.00000000,0.91583998,37561.15461090,106345.77411148,10842.97136284,914.92380952,7708.01592106,14904.15115913,8611.29780950,18780.57730545,37561.15461090,18780.57730545,7.55555556,3.00000000,2.82857143,7560.24000000,1415.16257143,1.50000000,0.80000000,80000.00000000,9.81000000,102.00000000,51.00000000,7560.24000000,1415.16257143,9.05555556
397.00000000,1800.00000000,0.00000000,0.91582949,36612.32620911,113587.34613882,10569.06819624,955.88571429,9519.90529608,19495.20743173,11347.58099280,18306.16310455,36612.32620911,18306.16310455,8.00000000,3.00000000,2.74285714,8004.96000000,1372.27885714,1.50000000,0.80000000,80000.00000000,9.81000000,102.00000000,51.00000000,8004.96000000,1372.27885714,9.50000000
398.00000000,1499.00000000,0.00000000,0.91579369,36804.20755989,114837.41625909,10624.45957101,935.80952381,8964.60773736,19971.24485537,12293.14854658,18402.10377995,36804.20755989,18402.10377995,7.88888889,3.00000000,2.57142857,7893.78000000,1286.51142857,1.50000000,0.80000000,80000.00000000,9.81000000,102.00000000,51.00000000,7893.78000000,1286.51142857,9.38888889
399.00000000,1873.00000000,0.00000000,0.91577610,35769.16929394,138275.57459051,9428.42916988,880.92380952,17508.25171165,35769.16929394,19676.08015371,16330.51835780,32661.03671560,16330.51835780,7.22222222,2.00000000,2.82857143,7226.70000000,1415.16257143,1.50000000,0.80000000,80000.00000000,9.81000000,102.00000000,51.00000000,7226.70000000,1415.16257143,8.72222222
400.00000000,2247.00000000,1.00000000,0.91576823,37344.04594595,106442.23432432,10780.29748976,935.00000000,8313.76810811,15126.60621622,8313.76810811,18672.02297297,37344.04594595,18672.02297297,7.66666667,3.00000000,3.00000000,7671.42000000,1500.93000000,1.50000000,0.80000000,80000.00000000,9.81000000,102.00000000,51.00000000,7671.42000000,1500.93000000,9.16666667
401.00000000,2100.00000000,0.00000000,0.91576641,36640.88393532,111440.45087994,10577.31210170,964.62857143,9634.32470078,18350.31836179,10174.03994672,18320.44196766,36640.88393532,18320.44196766,8.00000000,3.00000000,2.91428571,8004.96000000,1458.04628571,1.50000000,0.80000000,80000.00000000,9.81000000,102.00000000,51.00000000,8004.96000000,1458.04628571,9.50000000
402.00000000,1346.00000000,0.00000000,0.91573130,37502.27521498,110850.93346645,10825.97434530,897.43809524,7482.70499861,17301.37766110,11062.30037677,18751.13760749,37502.27521498,18751.13760749,7.55555556,3.00000000,2.48571429,7560.24000000,1243.62771429,1.50000000,0.80000000,80000.00000000,9.81000000,102.00000000,51.00000000,7560.24000000,1243.62771429,9.05555556
403.00000000,1899.00000000,0.00000000,0.91571445,33724.34529214,135146.37422411,9567.05784535,948.92380952,16547.80407445,33724.34529214,18591.70378912,16570.63026710,33141.26053421,16570.63026710,7.88888889,2.28571429,2.82857143,7893.78000000,1415.16257143,1.50000000,0.80000000,80000.00000000,9.81000000,102.00000000,51.00000000,7893.78000000,1415.16257143,9.38888889
404.00000000,1012.00000000,0.00000000,0.91567665,35831.40905628,130083.25787877,10343.63683204,843.36190476,10652.90245887,28631.28974025,19136.24756709,17915.70452814,35831.40905628,17915.70452814,7.11111111,2.57142857,2.31428571,7115.52000000,1157.86028571,1.50000000,0.80000000,80000.00000000,9.81000000,102.00000000,51.00000000,7115.52000000,1157.86028571,8.61111111
405.00000000,1348.00000000,0.00000000,0.91565743,37018.50299498,114763.17837601,10686.32133457,920.10476190,8450.24943861,19741.27233588,12534.65061155,18509.25149749,37018.50299498,18509.25149749,7.77777778,3.00000000,2.48571429,7782.60000000,1243.62771429,1.50000000,0.80000000,80000.00000000,9.81000000,102.00000000,51.00000000,7782.60000000,1243.62771429,9.27777778
406.00000000,1650.00000000,0.00000000,0.91561549,36598.47147064,114928.06296754,10565.06867775,951.51428571,9461.84734443,20200.86244170,12068.41024013,18299.23573532,36598.47147064,18299.23573532,8.00000000,3.00000000,2.65714286,8004.96000000,1329.39514286,1.50000000,0.80000000,80000.00000000,9.81000000,102.00000000,51.00000000,8004.96000000,1329.39514286,9.50000000
407.00000000,2096.00000000,1.00000000,0.91559792,37576.63321498,105599.10689178,10847.43965095,919.29523810,7762.82614147,14493.89708805,8189.11723230,18788.31660749,37576.63321498,18788.31660749,7.55555556,3.00000000,2.91428571,7560.24000000,1458.04628571,1.50000000,0.80000000,80000.00000000,9.81000000,102.00000000,51.00000000,7560.24000000,1458.04628571,9.05555556
408.00000000,2250.00000000,1.00000000,0.91555625,36655.58692308,110572.98846154,10581.55648867,969.00000000,9690.68615385,17880.44230769,9690.68615385,18327.79346154,36655.58692308,18327.79346154,8.00000000,3.00000000,3.00000000,8004.96000000,1500.93000000,1.50000000,0.80000000,80000.00000000,9.81000000,102.00000000,51.00000000,8004.96000000,1500.93000000,9.50000000
409.00000000,1317.00000000,0.00000000,0.91549512,34834.59301929,132424.36339681,10055.88082840,908.77142857,12818.06938999,30755.77482197,19181.33314627,17417.29650964,34834.59301929,17417.29650964,7.66666667,2.57142857,2.48571429,7671.42000000,1243.62771429,1.50000000,0.80000000,80000.00000000,9.81000000,102.00000000,51.00000000,7671.42000000,1243.62771429,9.16666667
410.00000000,1031.00000000,1.00000000,0.91543714,37887.88014322,110817.37085375,10937.28889986,832.02857143,6539.96028499,16941.87514080,11559.77514152,18943.94007161,37887.88014322,18943.94007161,7.00000000,2.85714286,2.31428571,7004.34000000,1157.86028571,1.50000000,0.80000000,80000.00000000,9.81000000,102.00000000,51.00000000,7004.34000000,1157.86028571,8.50000000
411.00000000,1495.00000000,0.00000000,0.91541589,37773.81485409,107468.40082319,10904.36108716,890.47619048,7025.39314896,15317.12984322,9578.24812283,18886.90742705,37773.81485409,18886.90742705,7.44444444,3.00000000,2.57142857,7449.06000000,1286.51142857,1.50000000,0.80000000,80000.00000000,9.81000000,102.00000000,51.00000000,7449.06000000,1286.51142857,8.94444444
412.00000000,1645.00000000,0.00000000,0.91541313,37788.65525295,106376.37208729,10908.64514130,894.84761905,7081.47977982,14734.83321927,8982.74858231,18894.32762647,37788.65525295,18894.32762647,7.44444444,3.00000000,2.65714286,7449.06000000,1329.39514286,1.50000000,0.80000000,80000.00000000,9.81000000,102.00000000,51.00000000,7449.06000000,1329.39514286,8.94444444
413.00000000,1620.00000000,0.00000000,0.91541140,34334.64849308,131194.05028783,9911.55927500,951.51428571,13989.49329956,30597.67907941,17937.58092271,17167.32424654,34334.64849308,17167.32424654,8.00000000,2.57142857,2.65714286,8004.96000000,1329.39514286,1.50000000,0.80000000,80000.00000000,9.81000000,102.00000000,51.00000000,8004.96000000,1329.39514286,9.50000000
414.00000000,1305.00000000,0.00000000,0.91538284,34447.87264193,135551.75427454,9944.24427142,886.10476190,13591.51014470,32706.19063819,20358.30820778,17223.93632097,34447.87264193,17223.93632097,7.44444444,2.42857143,2.48571429,7449.06000000,1243.62771429,1.50000000,0.80000000,80000.00000000,9.81000000,102.00000000,51.00000000,7449.06000000,1243.62771429,8.94444444
415.00000000,1457.00000000,0.00000000,0.91536679,34108.87006562,135321.98121555,9846.38265707,913.14285714,14355.28272590,32908.86482786,19840.09353054,17054.43503281,34108.87006562,17054.43503281,7.66666667,2.42857143,2.57142857,7671.42000000,1286.51142857,1.50000000,0.80000000,80000.00000000,9.81000000,102.00000000,51.00000000,7671.42000000,1286.51142857,9.16666667
416.00000000,2189.00000000,1.00000000,0.91533519,34446.79832421,135422.52248631,9385.98272547,957.66666667,17973.86416210,34446.79832421,17973.86416210,16256.99895947,32513.99791895,16256.99895947,7.88888889,2.14285714,3.00000000,7893.78000000,1500.93000000,1.50000000,0.80000000,80000.00000000,9.81000000,102.00000000,51.00000000,7893.78000000,1500.93000000,9.38888889
417.00000000,1165.00000000,0.00000000,0.91533291,35206.78844882,132347.86277692,10163.32439411,881.73333333,11987.91110237,30366.77093964,19579.60383728,17603.39422441,35206.78844882,17603.39422441,7.44444444,2.57142857,2.40000000,7449.06000000,1200.74400000,1.50000000,0.80000000,80000.00000000,9.81000000,102.00000000,51.00000000,7449.06000000,1200.74400000,8.94444444
418.00000000,1583.00000000,0.00000000,0.91532482,35153.99149963,138322.47455817,9625.16459169,872.18095238,15973.69386965,35153.99149963,20509.69277283,16671.27410402,33342.54820803,16671.27410402,7.22222222,2.14285714,2.65714286,7226.70000000,1329.39514286,1.50000000,0.80000000,80000.00000000,9.81000000,102.00000000,51.00000000,7226.70000000,1329.39514286,8.72222222
419.00000000,1480.00000000,0.00000000,0.91530626,35044.48266165,128211.32548571,10116.47074916,947.14285714,12484.05753383,28417.92436692,17220.37826165,17522.24133083,35044.48266165,17522.24133083,8.00000000,2.71428571,2.57142857,8004.96000000,1286.51142857,1.50000000,0.80000000,80000.00000000,9.81000000,102.00000000,51.00000000,8004.96000000,1286.51142857,9.50000000
420.00000000,871.00000000,1.00000000,0.91530016,36938.40001552,122682.90259745,10663.19759620,827.65714286,8353.15311182,23845.56299749,16607.38645710,18469.20000776,36938.40001552,18469.20000776,7.00000000,2.71428571,2.22857143,7004.34000000,1114.97657143,1.50000000,0.80000000,80000.00000000,9.81000000,102.00000000,51.00000000,7004.34000000,1114.97657143,8.50000000
421.00000000,1795.00000000,0.00000000,0.91529985,37803.80482678,105452.42316298,10913.01844657,899.21904762,7136.94806073,14236.26732614,8471.59812255,18901.90241339,37803.80482678,18901.90241339,7.44444444,3.00000000,2.74285714,7449.06000000,1372.27885714,1.50000000,0.80000000,80000.00000000,9.81000000,102.00000000,51.00000000,7449.06000000,1372.27885714,8.94444444
422.00000000,2246.00000000,1.00000000,0.91529090,37592.41532110,104952.01807339,10851.99555256,923.66666667,7817.02935780,14133.12871560,7817.02935780,18796.20766055,37592.41532110,18796.20766055,7.55555556,3.00000000,3.00000000,7560.24000000,1500.93000000,1.50000000,0.80000000,80000.00000000,9.81000000,102.00000000,51.00000000,7560.24000000,1500.93000000,9.05555556
423.00000000,1188.00000000,0.00000000,0.91528959,36181.68548133,123898.75516176,10444.75292619,915.73333333,10038.11703733,25167.32009955,16329.94706222,18090.84274067,36181.68548133,18090.84274067,7.77777778,2.85714286,2.40000000,7782.60000000,1200.74400000,1.50000000,0.80000000,80000.00000000,9.81000000,102.00000000,51.00000000,7782.60000000,1200.74400000,9.27777778
424.00000000,1345.00000000,0.00000000,0.91527136,37759.28363021,108772.51758674,10900.16628416,886.10476190,6968.68816815,16005.16130601,10280.10085215,18879.64181511,37759.28363021,18879.64181511,7.44444444,3.00000000,2.48571429,7449.06000000,1243.62771429,1.50000000,0.80000000,80000.00000000,9.81000000,102.00000000,51.00000000,7449.06000000,1243.62771429,8.94444444
425.00000000,1196.00000000,0.00000000,0.91523306,37488.31412110,112574.64028379,10821.94412464,893.06666667,7424.85975780,18198.63402080,11974.51826300,18744.15706055,37488.31412110,18744.15706055,7.55555556,3.00000000,2.40000000,7560.24000000,1200.74400000,1.50000000,0.80000000,80000.00000000,9.81000000,102.00000000,51.00000000,7560.24000000,1200.74400000,9.05555556
426.00000000,1036.00000000,0.00000000,0.91520269,36610.96406124,122780.05835861,10568.67497802,888.69523810,9093.79244895,24200.13497521,16264.20281197,18305.48203062,36610.96406124,18305.48203062,7.55555556,2.85714286,2.31428571,7560.24000000,1157.86028571,1.50000000,0.80000000,80000.00000000,9.81000000,102.00000000,51.00000000,7560.24000000,1157.86028571,9.05555556
427.00000000,1197.00000000,0.00000000,0.91519288,37241.82044324,114710.91882523,10750.78752901,904.40000000,7917.84711351,19513.26696937,12796.16385586,18620.91022162,37241.82044324,18620.91022162,7.66666667,3.00000000,2.40000000,7671.42000000,1200.74400000,1.50000000,0.80000000,80000.00000000,9.81000000,102.00000000,51.00000000,7671.42000000,1200.74400000,9.16666667
428.00000000,1431.00000000,1.00000000,0.91517899,35012.02705618,138651.98807705,9719.89710721,845.14285714,15231.60032103,35012.02705618,21066.93816372,16835.35563403,33670.71126806,16835.35563403,7.00000000,2.14285714,2.57142857,7004.34000000,1286.51142857,1.50000000,0.80000000,80000.00000000,9.81000000,102.00000000,51.00000000,7004.34000000,1286.51142857,8.50000000
429.00000000,1349.00000000,0.00000000,0.91517176,36790.68720376,116605.51477454,10620.55658038,931.43809524,8905.88102105,20890.25632637,13228.00301961,18395.34360188,36790.68720376,18395.34360188,7.88888889,3.00000000,2.48571429,7893.78000000,1243.62771429,1.50000000,0.80000000,80000.00000000,9.81000000,102.00000000,51.00000000,7893.78000000,1243.62771429,9.38888889
430.00000000,1500.00000000,0.00000000,0.91517142,36584.89948195,116504.15765149,10561.15078209,947.14285714,9403.22389325,21023.92362951,12907.21116484,18292.44974097,36584.89948195,18292.44974097,8.00000000,3.00000000,2.57142857,8004.96000000,1286.51142857,1.50000000,0.80000000,80000.00000000,9.81000000,102.00000000,51.00000000,8004.96000000,1286.51142857,9.50000000
431.00000000,1177.00000000,0.00000000,0.91513166,35592.73614317,129002.98275916,10274.73789673,904.40000000,11216.01571365,28308.38323641,18293.11152276,17796.36807159,35592.73614317,17796.36807159,7.66666667,2.71428571,2.40000000,7671.42000000,1200.74400000,1.50000000,0.80000000,80000.00000000,9.81000000,102.00000000,51.00000000,7671.42000000,1200.74400000,9.16666667
432.00000000,2163.00000000,1.00000000,0.91511483,36466.95175723,138452.75263584,9240.19070942,889.66666667,18983.94087861,36466.95175723,18983.94087861,16004.47978035,32008.95956069,16004.47978035,7.22222222,1.85714286,3.00000000,7226.70000000,1500.93000000,1.50000000,0.80000000,80000.00000000,9.81000000,102.00000000,51.00000000,7226.70000000,1500.93000000,8.72222222
433.00000000,1945.00000000,0.00000000,0.91510133,37819.26357559,104663.90279318,10917.48100296,903.59047619,7191.79799168,13805.10653529,8028.47111504,18909.63178779,37819.26357559,18909.63178779,7.44444444,3.00000000,2.82857143,7449.06000000,1415.16257143,1.50000000,0.80000000,80000.00000000,9.81000000,102.00000000,51.00000000,7449.06000000,1415.16257143,8.94444444
434.00000000,1760.00000000,0.00000000,0.91503801,33653.75439423,133787.25025419,9715.00207937,955.88571429,15437.04892583,32553.73130429,18488.96123561,16826.87719711,33653.75439423,16826.87719711,8.00000000,2.42857143,2.74285714,8004.96000000,1372.27885714,1.50000000,0.80000000,80000.00000000,9.81000000,102.00000000,51.00000000,8004.96000000,1372.27885714,9.50000000
435.00000000,1195.00000000,0.00000000,0.91492454,37745.06158131,110349.49562866,10896.06073227,881.73333333,6911.36483738,16829.31423302,11118.69339564,18872.53079065,37745.06158131,18872.53079065,7.44444444,3.00000000,2.40000000,7449.06000000,1200.74400000,1.50000000,0.80000000,80000.00000000,9.81000000,102.00000000,51.00000000,7449.06000000,1200.74400000,8.94444444
436.00000000,1469.00000000,0.00000000,0.91489790,34490.55539664,132421.17269982,9956.56572138,935.80952381,13591.91206386,31076.77523898,18771.37460369,17245.27769832,34490.55539664,17245.27769832,7.88888889,2.57142857,2.57142857,7893.78000000,1286.51142857,1.50000000,0.80000000,80000.00000000,9.81000000,102.00000000,51.00000000,7893.78000000,1286.51142857,9.38888889
437.00000000,1748.00000000,0.00000000,0.91485567,34226.94153309,136375.49732685,9605.56917741,933.21904762,16195.22231075,34226.94153309,19403.99807948,16637.33385088,33274.66770177,16637.33385088,7.77777778,2.28571429,2.74285714,7782.60000000,1372.27885714,1.50000000,0.80000000,80000.00000000,9.81000000,102.00000000,51.00000000,7782.60000000,1372.27885714,9.27777778
438.00000000,2038.00000000,0.00000000,0.91485413,34861.68029041,136450.30791887,9420.75439807,941.96190476,17647.19151908,34861.68029041,18672.53505704,16317.22526309,32634.45052617,16317.22526309,7.77777778,2.14285714,2.91428571,7782.60000000,1458.04628571,1.50000000,0.80000000,80000.00000000,9.81000000,102.00000000,51.00000000,7782.60000000,1458.04628571,9.27777778
439.00000000,2095.00000000,1.00000000,0.91483536,37835.03149937,103986.07517709,10922.03281048,907.96190476,7246.02957269,13428.98294632,7640.99965934,18917.51574969,37835.03149937,18917.51574969,7.44444444,3.00000000,2.91428571,7449.06000000,1458.04628571,1.50000000,0.80000000,80000.00000000,9.81000000,102.00000000,51.00000000,7449.06000000,1458.04628571,8.94444444
440.00000000,1198.00000000,0.00000000,0.91483080,37005.03609912,116763.04980767,10682.43377660,915.73333333,8391.41580177,20776.11680472,13585.44500295,18502.51804956,37005.03609912,18502.51804956,7.77777778,3.00000000,2.40000000,7782.60000000,1200.74400000,1.50000000,0.80000000,80000.00000000,9.81000000,102.00000000,51.00000000,7782.60000000,1200.74400000,9.27777778
441.00000000,1735.00000000,0.00000000,0.91482977,35263.90173347,137979.54513682,9537.74891071,899.21904762,16665.09490155,35263.90173347,19971.08568906,16519.86570318,33039.73140637,16519.86570318,7.44444444,2.14285714,2.74285714,7449.06000000,1372.27885714,1.50000000,0.80000000,80000.00000000,9.81000000,102.00000000,51.00000000,7449.06000000,1372.27885714,8.94444444
442.00000000,882.00000000,1.00000000,0.91480832,37596.56982250,115946.34104363,10853.19485381,838.99047619,7036.81349785,19819.11241360,13897.27548717,18798.28491125,37596.56982250,18798.28491125,7.11111111,2.85714286,2.22857143,7115.52000000,1114.97657143,1.50000000,0.80000000,80000.00000000,9.81000000,102.00000000,51.00000000,7115.52000000,1114.97657143,8.61111111
443.00000000,883.00000000,0.00000000,0.91477678,37331.13787729,118663.11507114,10776.57125130,850.32380952,7567.67738829,21442.93137257,14990.23055571,18665.56893864,37331.13787729,18665.56893864,7.22222222,2.85714286,2.22857143,7226.70000000,1114.97657143,1.50000000,0.80000000,80000.00000000,9.81000000,102.00000000,51.00000000,7226.70000000,1114.97657143,8.72222222
444.00000000,1025.00000000,0.00000000,0.91476963,36000.80303418,128496.30377005,10392.53666141,877.36190476,10314.11450308,27668.41870799,18512.16449063,18000.40151709,36000.80303418,18000.40151709,7.44444444,2.71428571,2.31428571,7449.06000000,1157.86028571,1.50000000,0.80000000,80000.00000000,9.81000000,102.00000000,51.00000000,7449.06000000,1157.86028571,8.94444444
445.00000000,2025.00000000,0.00000000,0.91476649,35882.35436703,137996.32894671,9349.26008577,907.96190476,18142.51864451,35882.35436703,19197.88200824,16193.39348173,32386.78696346,16193.39348173,7.44444444,2.00000000,2.91428571,7449.06000000,1458.04628571,1.50000000,0.80000000,80000.00000000,9.81000000,102.00000000,51.00000000,7449.06000000,1458.04628571,8.94444444
446.00000000,1329.00000000,0.00000000,0.91474111,35215.81831038,129341.41104278,10165.93109062,931.43809524,12055.61880781,28833.07335387,18021.08226034,17607.90915519,35215.81831038,17607.90915519,7.88888889,2.71428571,2.48571429,7893.78000000,1243.62771429,1.50000000,0.80000000,80000.00000000,9.81000000,102.00000000,51.00000000,7893.78000000,1243.62771429,9.38888889
447.00000000,872.00000000,0.00000000,0.91464345,36685.75117270,125268.83781222,10590.26415749,838.99047619,8858.45079746,25391.17944770,17647.70522167,18342.87558635,36685.75117270,18342.87558635,7.11111111,2.71428571,2.22857143,7115.52000000,1114.97657143,1.50000000,0.80000000,80000.00000000,9.81000000,102.00000000,51.00000000,7115.52000000,1114.97657143,8.61111111
448.00000000,1340.00000000,0.00000000,0.91462723,35785.12400123,124737.46067329,10330.27548755,942.77142857,10917.00742611,25961.79247827,16288.41276645,17892.56200061,35785.12400123,17892.56200061,8.00000000,2.85714286,2.48571429,8004.96000000,1243.62771429,1.50000000,0.80000000,80000.00000000,9.81000000,102.00000000,51.00000000,8004.96000000,1243.62771429,9.50000000
449.00000000,1153.00000000,0.00000000,0.91460741,34815.03254023,135743.08065137,10050.23420447,859.06666667,12771.42291955,32456.13578546,20885.45686591,17407.51627011,34815.03254023,17407.51627011,7.22222222,2.42857143,2.40000000,7226.70000000,1200.74400000,1.50000000,0.80000000,80000.00000000,9.81000000,102.00000000,51.00000000,7226.70000000,1200.74400000,8.72222222
450.00000000,1609.00000000,0.00000000,0.91459396,33795.32787281,135069.16881862,9755.87082236,940.18095238,15068.13454009,33074.55896507,19335.81956784,16897.66393641,33795.32787281,16897.66393641,7.88888889,2.42857143,2.65714286,7893.78000000,1329.39514286,1.50000000,0.80000000,80000.00000000,9.81000000,102.00000000,51.00000000,7893.78000000,1329.39514286,9.38888889
451.00000000,2245.00000000,1.00000000,0.91451474,37851.10859813,103399.85841121,10926.67386913,912.33333333,7299.64280374,13098.35560748,7299.64280374,18925.55429907,37851.10859813,18925.55429907,7.44444444,3.00000000,3.00000000,7449.06000000,1500.93000000,1.50000000,0.80000000,80000.00000000,9.81000000,102.00000000,51.00000000,7449.06000000,1500.93000000,8.94444444
452.00000000,1494.00000000,0.00000000,0.91449943,38041.94970845,105430.57593003,10981.76495234,879.14285714,6489.12344023,14030.08254227,8827.47053061,19020.97485423,38041.94970845,19020.97485423,7.33333333,3.00000000,2.57142857,7337.88000000,1286.51142857,1.50000000,0.80000000,80000.00000000,9.81000000,102.00000000,51.00000000,7337.88000000,1286.51142857,8.83333333
453.00000000,1344.00000000,0.00000000,0.91445226,38027.14169936,106606.36102755,10977.49024832,874.77142857,6432.97202985,14654.22495727,9464.88064170,19013.57084968,38027.14169936,19013.57084968,7.33333333,3.00000000,2.48571429,7337.88000000,1243.62771429,1.50000000,0.80000000,80000.00000000,9.81000000,102.00000000,51.00000000,7337.88000000,1243.62771429,8.83333333
454.00000000,1644.00000000,0.00000000,0.91442867,38057.07278157,104447.74243715,10986.13060751,883.51428571,6544.64472257,13502.10086557,8286.85128587,19028.53639079,38057.07278157,19028.53639079,7.33333333,3.00000000,2.65714286,7337.88000000,1329.39514286,1.50000000,0.80000000,80000.00000000,9.81000000,102.00000000,51.00000000,7337.88000000,1329.39514286,8.83333333
455.00000000,1350.00000000,0.00000000,0.91442149,36571.61024301,118377.18063103,10557.31450925,942.77142857,9344.03494254,21995.16621536,13894.75898710,18285.80512151,36571.61024301,18285.80512151,8.00000000,3.00000000,2.48571429,8004.96000000,1243.62771429,1.50000000,0.80000000,80000.00000000,9.81000000,102.00000000,51.00000000,8004.96000000,1243.62771429,9.50000000
456.00000000,881.00000000,1.00000000,0.91440727,37873.54938300,113111.37377734,10933.15196572,827.65714286,6482.85437685,18124.64921996,12756.77141453,18936.77469150,37873.54938300,18936.77469150,7.00000000,2.85714286,2.22857143,7004.34000000,1114.97657143,1.50000000,0.80000000,80000.00000000,9.81000000,102.00000000,51.00000000,7004.34000000,1114.97657143,8.50000000
457.00000000,1013.00000000,0.00000000,0.91439305,35610.19362817,132155.69715267,10279.77743856,854.69523810,11095.33331510,29888.72480531,19951.25177593,17805.09681408,35610.19362817,17805.09681408,7.22222222,2.57142857,2.31428571,7226.70000000,1157.86028571,1.50000000,0.80000000,80000.00000000,9.81000000,102.00000000,51.00000000,7226.70000000,1157.86028571,8.72222222
458.00000000,1046.00000000,0.00000000,0.91438838,37474.65652926,114688.62365817,10818.00151748,888.69523810,7366.40751290,19290.72515696,13082.17792978,18737.32826463,37474.65652926,18737.32826463,7.55555556,3.00000000,2.31428571,7560.24000000,1157.86028571,1.50000000,0.80000000,80000.00000000,9.81000000,102.00000000,51.00000000,7560.24000000,1157.86028571,9.05555556
459.00000000,884.00000000,0.00000000,0.91435068,37076.60945726,121268.28831144,10703.09522539,861.65714286,8076.73422834,23000.04641275,16038.28875583,18538.30472863,37076.60945726,18538.30472863,7.33333333,2.85714286,2.22857143,7337.88000000,1114.97657143,1.50000000,0.80000000,80000.00000000,9.81000000,102.00000000,51.00000000,7337.88000000,1114.97657143,8.83333333
460.00000000,1045.00000000,0.00000000,0.91429060,37731.14870738,112285.69693686,10892.04443152,877.36190476,6853.42315667,17832.76961819,12137.20674724,18865.57435369,37731.14870738,18865.57435369,7.44444444,3.00000000,2.31428571,7449.06000000,1157.86028571,1.50000000,0.80000000,80000.00000000,9.81000000,102.00000000,51.00000000,7449.06000000,1157.86028571,8.94444444
461.00000000,1794.00000000,0.00000000,0.91426907,38072.51091872,103617.80915595,10990.58721382,887.88571429,6599.53587685,13050.25423069,7822.99721098,19036.25545936,38072.51091872,19036.25545936,7.33333333,3.00000000,2.74285714,7337.88000000,1372.27885714,1.50000000,0.80000000,80000.00000000,9.81000000,102.00000000,51.00000000,7337.88000000,1372.27885714,8.83333333
462.00000000,1194.00000000,0.00000000,0.91424330,38012.64875429,108030.40679619,10973.30649545,870.40000000,6376.19049143,15402.18264381,10226.73615238,19006.32437714,38012.64875429,19006.32437714,7.33333333,3.00000000,2.40000000,7337.88000000,1200.74400000,1.50000000,0.80000000,80000.00000000,9.81000000,102.00000000,51.00000000,7337.88000000,1200.74400000,8.83333333
463.00000000,1199.00000000,0.00000000,0.91417539,36777.45451478,118735.42353855,10616.73663211,927.06666667,8846.57897043,21989.88525449,14344.05028406,18388.72725739,36777.45451478,18388.72725739,7.88888889,3.00000000,2.40000000,7893.78000000,1200.74400000,1.50000000,0.80000000,80000.00000000,9.81000000,102.00000000,51.00000000,7893.78000000,1200.74400000,9.38888889
464.00000000,1037.00000000,0.00000000,0.91417346,36385.50156205,124892.28598261,10503.58956072,900.02857143,9544.71744733,25481.71128640,17094.85412478,18192.75078102,36385.50156205,18192.75078102,7.66666667,2.85714286,2.31428571,7671.42000000,1157.86028571,1.50000000,0.80000000,80000.00000000,9.81000000,102.00000000,51.00000000,7671.42000000,1157.86028571,9.16666667
465.00000000,1047.00000000,0.00000000,0.91412699,37228.40893414,116995.57481247,10746.91595981,900.02857143,7858.90270314,20690.44832924,13989.40591181,18614.20446707,37228.40893414,18614.20446707,7.66666667,3.00000000,2.31428571,7671.42000000,1157.86028571,1.50000000,0.80000000,80000.00000000,9.81000000,102.00000000,51.00000000,7671.42000000,1157.86028571,9.16666667
466.00000000,1944.00000000,0.00000000,0.91404050,38088.26411988,102911.06053680,10995.13477129,892.25714286,6653.79690309,12659.68486280,7421.05053114,19044.13205994,38088.26411988,19044.13205994,7.33333333,3.00000000,2.82857143,7337.88000000,1415.16257143,1.50000000,0.80000000,80000.00000000,9.81000000,102.00000000,51.00000000,7337.88000000,1415.16257143,8.83333333
467.00000000,1189.00000000,0.00000000,0.91403338,35973.08734435,125706.60568230,10384.53583092,927.06666667,10455.31331130,26279.84349680,17025.27418550,17986.54367217,35973.08734435,17986.54367217,7.88888889,2.85714286,2.40000000,7893.78000000,1200.74400000,1.50000000,0.80000000,80000.00000000,9.81000000,102.00000000,51.00000000,7893.78000000,1200.74400000,9.38888889
468.00000000,1044.00000000,0.00000000,0.91380430,37998.47087324,109781.31033043,10969.21369373,866.02857143,6318.77882496,16313.25414912,11152.33560988,18999.23543662,37998.47087324,18999.23543662,7.33333333,3.00000000,2.31428571,7337.88000000,1157.86028571,1.50000000,0.80000000,80000.00000000,9.81000000,102.00000000,51.00000000,7337.88000000,1157.86028571,8.83333333
469.00000000,1318.00000000,0.00000000,0.91380408,34652.82351364,133894.32548594,10003.40849189,920.10476190,13181.60840128,31672.52537218,19734.54468519,17326.41175682,34652.82351364,17326.41175682,7.77777778,2.57142857,2.48571429,7782.60000000,1243.62771429,1.50000000,0.80000000,80000.00000000,9.81000000,102.00000000,51.00000000,7782.60000000,1243.62771429,9.27777778
470.00000000,2094.00000000,1.00000000,0.91375688,38104.33238507,102304.98479968,10999.77327991,896.62857143,6707.42780128,12319.13687191,7069.75535634,19052.16619254,38104.33238507,19052.16619254,7.33333333,3.00000000,2.91428571,7337.88000000,1458.04628571,1.50000000,0.80000000,80000.00000000,9.81000000,102.00000000,51.00000000,7337.88000000,1458.04628571,8.83333333
471.00000000,1166.00000000,0.00000000,0.91375083,35010.50633341,134048.97444374,10106.66262803,893.06666667,12380.47533317,31413.60888845,20233.87755528,17505.25316671,35010.50633341,17505.25316671,7.55555556,2.57142857,2.40000000,7560.24000000,1200.74400000,1.50000000,0.80000000,80000.00000000,9.81000000,102.00000000,51.00000000,7560.24000000,1200.74400000,9.05555556
472.00000000,1445.00000000,0.00000000,0.91372330,34766.81758692,138263.73975072,9734.64416482,890.47619048,15129.42970884,34766.81758692,20923.89930666,16860.89828708,33721.79657415,16860.89828708,7.44444444,2.28571429,2.57142857,7449.06000000,1286.51142857,1.50000000,0.80000000,80000.00000000,9.81000000,102.00000000,51.00000000,7449.06000000,1286.51142857,8.94444444
473.00000000,1887.00000000,0.00000000,0.91370817,35348.39416747,137631.66113940,9456.95558507,926.25714286,17310.61490983,35348.39416747,19452.94182907,16379.92755826,32759.85511651,16379.92755826,7.66666667,2.14285714,2.82857143,7671.42000000,1415.16257143,1.50000000,0.80000000,80000.00000000,9.81000000,102.00000000,51.00000000,7671.42000000,1415.16257143,9.16666667
474.00000000,1306.00000000,0.00000000,0.91369054,34268.54609465,137001.96026567,9892.47715624,897.43809524,13950.16323928,33610.62018105,20904.08465605,17134.27304732,34268.54609465,17134.27304732,7.55555556,2.42857143,2.48571429,7560.24000000,1243.62771429,1.50000000,0.80000000,80000.00000000,9.81000000,102.00000000,51.00000000,7560.24000000,1243.62771429,9.05555556
475.00000000,873.00000000,0.00000000,0.91365674,36443.47541785,127748.60142064,10520.32517135,850.32380952,9343.00230715,26873.33700675,18645.31127103,18221.73770893,36443.47541785,18221.73770893,7.22222222,2.71428571,2.22857143,7226.70000000,1114.97657143,1.50000000,0.80000000,80000.00000000,9.81000000,102.00000000,51.00000000,7226.70000000,1114.97657143,8.72222222
476.00000000,1178.00000000,0.00000000,0.91360322,35394.17600290,130723.83730818,10217.41852151,915.73333333,11613.13599420,29367.37065119,18954.97865699,17697.08800145,35394.17600290,17697.08800145,7.77777778,2.71428571,2.40000000,7782.60000000,1200.74400000,1.50000000,0.80000000,80000.00000000,9.81000000,102.00000000,51.00000000,7782.60000000,1200.74400000,9.27777778
477.00000000,1458.00000000,0.00000000,0.91357792,33942.66483860,136585.14094090,9798.40334079,924.47619048,14687.69317994,33706.64991756,20305.46816620,16971.33241930,33942.66483860,16971.33241930,7.77777778,2.42857143,2.57142857,7782.60000000,1286.51142857,1.50000000,0.80000000,80000.00000000,9.81000000,102.00000000,51.00000000,7782.60000000,1286.51142857,9.27777778
478.00000000,1293.00000000,0.00000000,0.91357747,34685.34599419,138725.22751777,9830.96274045,863.43809524,14376.34761346,34685.34599419,21552.62609501,17027.72695378,34055.45390756,17027.72695378,7.22222222,2.28571429,2.48571429,7226.70000000,1243.62771429,1.50000000,0.80000000,80000.00000000,9.81000000,102.00000000,51.00000000,7226.70000000,1243.62771429,8.72222222
479.00000000,885.00000000,0.00000000,0.91357066,36832.38749845,123767.97188977,10632.59441856,872.99047619,8565.17814595,24494.11016072,17043.90858620,18416.19374923,36832.38749845,18416.19374923,7.44444444,2.85714286,2.22857143,7449.06000000,1114.97657143,1.50000000,0.80000000,80000.00000000,9.81000000,102.00000000,51.00000000,7449.06000000,1114.97657143,8.94444444
480.00000000,1048.00000000,0.00000000,0.91353831,36991.86196186,119211.64644757,10678.63073075,911.36190476,8331.99664772,22035.03111907,14860.89475707,18495.93098093,36991.86196186,18495.93098093,7.77777778,3.00000000,2.31428571,7782.60000000,1157.86028571,1.50000000,0.80000000,80000.00000000,9.81000000,102.00000000,51.00000000,7782.60000000,1157.86028571,9.27777778
481.00000000,2244.00000000,1.00000000,0.91342817,38120.71571429,101782.21571429,11004.50273967,901.00000000,6760.42857143,12019.92714286,6760.42857143,19060.35785714,38120.71571429,19060.35785714,7.33333333,3.00000000,3.00000000,7337.88000000,1500.93000000,1.50000000,0.80000000,80000.00000000,9.81000000,102.00000000,51.00000000,7337.88000000,1500.93000000,8.83333333
482.00000000,1026.00000000,0.00000000,0.91337537,35786.18639778,130506.92278468,10330.58217502,888.69523810,10743.34777586,28888.34485170,19302.85736155,17893.09319889,35786.18639778,17893.09319889,7.55555556,2.71428571,2.31428571,7560.24000000,1157.86028571,1.50000000,0.80000000,80000.00000000,9.81000000,102.00000000,51.00000000,7560.24000000,1157.86028571,9.05555556
483.00000000,1343.00000000,0.00000000,0.91325729,38306.48144109,104347.35268134,11058.12868586,863.43809524,5874.29254638,13245.38104243,8614.71621034,19153.24072055,38306.48144109,19153.24072055,7.22222222,3.00000000,2.48571429,7226.70000000,1243.62771429,1.50000000,0.80000000,80000.00000000,9.81000000,102.00000000,51.00000000,7226.70000000,1243.62771429,8.72222222
484.00000000,1200.00000000,0.00000000,0.91325592,36558.60375385,120632.13013333,10553.55985924,938.40000000,9284.28049231,23157.08931282,15073.55282051,18279.30187692,36558.60375385,18279.30187692,8.00000000,3.00000000,2.40000000,8004.96000000,1200.74400000,1.50000000,0.80000000,80000.00000000,9.81000000,102.00000000,51.00000000,8004.96000000,1200.74400000,9.50000000
485.00000000,895.00000000,0.00000000,0.91323386,37717.54500843,114708.12443472,10888.11738189,872.99047619,6794.86312600,19079.02892322,13399.14236865,18858.77250422,37717.54500843,18858.77250422,7.44444444,3.00000000,2.22857143,7449.06000000,1114.97657143,1.50000000,0.80000000,80000.00000000,9.81000000,102.00000000,51.00000000,7449.06000000,1114.97657143,8.94444444
486.00000000,1493.00000000,0.00000000,0.91322120,38321.57698435,103305.40863325,11062.48639384,867.80952381,5929.86888845,12687.87161799,8044.51415811,19160.78849217,38321.57698435,19160.78849217,7.22222222,3.00000000,2.57142857,7226.70000000,1286.51142857,1.50000000,0.80000000,80000.00000000,9.81000000,102.00000000,51.00000000,7226.70000000,1286.51142857,8.72222222
487.00000000,1597.00000000,0.00000000,0.91318846,34827.91823021,137812.32766893,9645.66047567,917.51428571,15831.69422007,34827.91823021,20325.61915300,16706.77401641,33413.54803282,16706.77401641,7.66666667,2.28571429,2.65714286,7671.42000000,1329.39514286,1.50000000,0.80000000,80000.00000000,9.81000000,102.00000000,51.00000000,7671.42000000,1329.39514286,9.16666667
488.00000000,2177.00000000,1.00000000,0.91317981,35969.79465116,137707.01697674,9276.06993305,935.00000000,18735.36232558,35969.79465116,18735.36232558,16066.62441860,32133.24883721,16066.62441860,7.66666667,2.00000000,3.00000000,7671.42000000,1500.93000000,1.50000000,0.80000000,80000.00000000,9.81000000,102.00000000,51.00000000,7671.42000000,1500.93000000,9.16666667
489.00000000,1193.00000000,0.00000000,0.91316898,38291.70707961,105611.90131003,11053.86369507,859.06666667,5818.07384078,13913.87157540,9296.54173463,19145.85353981,38291.70707961,19145.85353981,7.22222222,3.00000000,2.40000000,7226.70000000,1200.74400000,1.50000000,0.80000000,80000.00000000,9.81000000,102.00000000,51.00000000,7226.70000000,1200.74400000,8.72222222
490.00000000,1722.00000000,1.00000000,0.91314478,36323.50104794,139618.61282639,9468.44797894,865.21904762,17145.22584092,36323.50104794,20550.55406416,16399.83296834,32799.66593668,16399.83296834,7.11111111,2.00000000,2.74285714,7115.52000000,1372.27885714,1.50000000,0.80000000,80000.00000000,9.81000000,102.00000000,51.00000000,7115.52000000,1372.27885714,8.61111111
491.00000000,1470.00000000,0.00000000,0.91309413,34321.91600884,133702.83204713,9907.88372340,947.14285714,13929.19083947,31886.24430044,19243.56488954,17160.95800442,34321.91600884,17160.95800442,8.00000000,2.57142857,2.57142857,8004.96000000,1286.51142857,1.50000000,0.80000000,80000.00000000,9.81000000,102.00000000,51.00000000,8004.96000000,1286.51142857,9.50000000
492.00000000,1643.00000000,0.00000000,0.91309407,38336.99370937,102436.45873372,11066.93681901,872.18095238,5984.80286697,12216.53808606,7561.13036195,19168.49685469,38336.99370937,19168.49685469,7.22222222,3.00000000,2.65714286,7226.70000000,1329.39514286,1.50000000,0.80000000,80000.00000000,9.81000000,102.00000000,51.00000000,7226.70000000,1329.39514286,8.72222222
493.00000000,1330.00000000,0.00000000,0.91307637,35031.75296962,130829.93945062,10112.79600360,942.77142857,12423.74948932,29761.40289854,18581.28112350,17515.87648481,35031.75296962,17515.87648481,8.00000000,2.71428571,2.48571429,8004.96000000,1243.62771429,1.50000000,0.80000000,80000.00000000,9.81000000,102.00000000,51.00000000,8004.96000000,1243.62771429,9.50000000
494.00000000,1900.00000000,0.00000000,0.91305342,34325.49620548,136066.31728848,9526.30286849,960.25714286,16830.16283678,34325.49620548,18910.49594014,16500.04057652,33000.08115304,16500.04057652,8.00000000,2.28571429,2.82857143,8004.96000000,1415.16257143,1.50000000,0.80000000,80000.00000000,9.81000000,102.00000000,51.00000000,8004.96000000,1415.16257143,9.50000000
495.00000000,896.00000000,0.00000000,0.91303635,37461.30243947,117330.84249351,10814.14652381,884.32380952,7307.34826392,20646.63052157,14454.25882908,18730.65121973,37461.30243947,18730.65121973,7.55555556,3.00000000,2.22857143,7560.24000000,1114.97657143,1.50000000,0.80000000,80000.00000000,9.81000000,102.00000000,51.00000000,7560.24000000,1114.97657143,9.05555556
496.00000000,1001.00000000,1.00000000,0.91303377,35213.44154487,135872.63772246,10165.24497751,832.02857143,11888.83748168,32143.94717350,21412.96997753,17606.72077244,35213.44154487,17606.72077244,7.00000000,2.42857143,2.31428571,7004.34000000,1157.86028571,1.50000000,0.80000000,80000.00000000,9.81000000,102.00000000,51.00000000,7004.34000000,1157.86028571,8.50000000
497.00000000,894.00000000,0.00000000,0.91302501,37984.60805621,111974.65559274,10965.21184316,861.65714286,6260.73703044,17445.23145445,12299.47099544,18992.30402810,37984.60805621,18992.30402810,7.33333333,3.00000000,2.22857143,7337.88000000,1114.97657143,1.50000000,0.80000000,80000.00000000,9.81000000,102.00000000,51.00000000,7337.88000000,1114.97657143,8.83333333
498.00000000,2012.00000000,1.00000000,0.91301611,36926.67824950,139578.17247456,9276.10919509,873.96190476,18649.32288158,36926.67824950,19735.40165363,16066.69242246,32133.38484492,16066.69242246,7.11111111,1.85714286,2.91428571,7115.52000000,1458.04628571,1.50000000,0.80000000,80000.00000000,9.81000000,102.00000000,51.00000000,7115.52000000,1458.04628571,8.61111111
499.00000000,1154.00000000,0.00000000,0.91299700,34621.18566840,137423.08687385,9994.27543266,870.40000000,13159.11666320,33489.98576853,21531.61310533,17310.59283420,34621.18566840,17310.59283420,7.33333333,2.42857143,2.40000000,7337.88000000,1200.74400000,1.50000000,0.80000000,80000.00000000,9.81000000,102.00000000,51.00000000,7337.88000000,1200.74400000,8.83333333
500.00000000,1043.00000000,0.00000000,0.91290391,38277.25389990,107169.55355431,11049.69142147,854.69523810,5761.21277163,14728.59273440,10125.24024849,19138.62694995,38277.25389990,19138.62694995,7.22222222,3.00000000,2.31428571,7226.70000000,1157.86028571,1.50000000,0.80000000,80000.00000000,9.81000000,102.00000000,51.00000000,7226.70000000,1157.86028571,8.72222222
501.00000000,1014.00000000,0.00000000,0.91290283,35397.81507203,134145.34888914,10218.46903028,866.02857143,11520.09042738,31095.92922969,20733.69908802,17698.90753601,35397.81507203,17698.90753601,7.33333333,2.57142857,2.31428571,7337.88000000,1157.86028571,1.50000000,0.80000000,80000.00000000,9.81000000,102.00000000,51.00000000,7337.88000000,1157.86028571,8.83333333
502.00000000,1793.00000000,1.00000000,0.91289783,38352.73161617,101704.57818715,11071.47996138,876.55238095,6039.09448195,11813.41804883,7146.60242403,19176.36580808,38352.73161617,19176.36580808,7.22222222,3.00000000,2.74285714,7226.70000000,1372.27885714,1.50000000,0.80000000,80000.00000000,9.81000000,102.00000000,51.00000000,7226.70000000,1372.27885714,8.72222222
503.00000000,1038.00000000,0.00000000,0.91289693,36168.80446456,126922.39563277,10441.03449694,911.36190476,9978.11164231,26713.46320897,17893.21185238,18084.40223228,36168.80446456,18084.40223228,7.77777778,2.85714286,2.31428571,7782.60000000,1157.86028571,1.50000000,0.80000000,80000.00000000,9.81000000,102.00000000,51.00000000,7782.60000000,1157.86028571,9.27777778
504.00000000,731.00000000,1.00000000,0.91279469,37859.54432188,116051.51911392,10929.10905282,823.28571429,6425.09707052,19630.16880651,14277.16459313,18929.77216094,37859.54432188,18929.77216094,7.00000000,2.85714286,2.14285714,7004.34000000,1072.09285714,1.50000000,0.80000000,80000.00000000,9.81000000,102.00000000,51.00000000,7004.34000000,1072.09285714,8.50000000
505.00000000,1874.00000000,0.00000000,0.91276040,36393.67792570,139231.26204215,9386.09065842,892.25714286,17801.58152354,36393.67792570,20007.25897359,16257.18590483,32514.37180966,16257.18590483,7.33333333,2.00000000,2.82857143,7337.88000000,1415.16257143,1.50000000,0.80000000,80000.00000000,9.81000000,102.00000000,51.00000000,7337.88000000,1415.16257143,8.83333333
506.00000000,1141.00000000,1.00000000,0.91274644,34577.66463755,139190.56503602,9935.40308692,836.40000000,13566.99623908,34577.66463755,22211.41239847,17208.62294023,34417.24588046,17208.62294023,7.00000000,2.28571429,2.40000000,7004.34000000,1200.74400000,1.50000000,0.80000000,80000.00000000,9.81000000,102.00000000,51.00000000,7004.34000000,1200.74400000,8.50000000
507.00000000,732.00000000,1.00000000,0.91274452,37582.83520394,119187.55578391,10849.23001095,834.61904762,6978.51530640,21474.89625944,15568.47381018,18791.41760197,37582.83520394,18791.41760197,7.11111111,2.85714286,2.14285714,7115.52000000,1072.09285714,1.50000000,0.80000000,80000.00000000,9.81000000,102.00000000,51.00000000,7115.52000000,1072.09285714,8.61111111
508.00000000,861.00000000,1.00000000,0.91269151,36048.31808744,131793.15292020,10406.25307581,827.65714286,10133.31696799,29290.77008695,20272.42969039,18024.15904372,36048.31808744,18024.15904372,7.00000000,2.57142857,2.22857143,7004.34000000,1114.97657143,1.50000000,0.80000000,80000.00000000,9.81000000,102.00000000,51.00000000,7004.34000000,1114.97657143,8.50000000
509.00000000,1049.00000000,0.00000000,0.91265544,36764.50949295,121341.58010360,10612.99972619,922.69523810,8786.70158552,23327.35041599,15698.50911618,18382.25474648,36764.50949295,18382.25474648,7.88888889,3.00000000,2.31428571,7893.78000000,1157.86028571,1.50000000,0.80000000,80000.00000000,9.81000000,102.00000000,51.00000000,7893.78000000,1157.86028571,9.38888889
510.00000000,1943.00000000,1.00000000,0.91264735,38368.79070474,101083.11311292,11076.11582093,880.92380952,6092.74373339,11465.18456601,6787.60340405,19184.39535237,38368.79070474,19184.39535237,7.22222222,3.00000000,2.82857143,7226.70000000,1415.16257143,1.50000000,0.80000000,80000.00000000,9.81000000,102.00000000,51.00000000,7226.70000000,1415.16257143,8.72222222
511.00000000,2190.00000000,1.00000000,0.91259857,34962.65757282,136196.31135922,9348.75379096,969.00000000,18231.79378641,34962.65757282,18231.79378641,16192.51655340,32385.03310680,16192.51655340,8.00000000,2.14285714,3.00000000,8004.96000000,1500.93000000,1.50000000,0.80000000,80000.00000000,9.81000000,102.00000000,51.00000000,8004.96000000,1500.93000000,9.50000000
512.00000000,1190.00000000,0.00000000,0.91258032,35772.39722151,127445.92008029,10326.60158270,938.40000000,10856.69355699,27350.19081864,17694.24126165,17886.19861075,35772.39722151,17886.19861075,8.00000000,2.85714286,2.40000000,8004.96000000,1200.74400000,1.50000000,0.80000000,80000.00000000,9.81000000,102.00000000,51.00000000,8004.96000000,1200.74400000,9.50000000
513.00000000,1610.00000000,0.00000000,0.91257229,33783.23569231,136177.90498866,9711.32575430,951.51428571,15376.75182453,33783.23569231,19735.87901064,16820.50961530,33641.01923059,16820.50961530,8.00000000,2.42857143,2.65714286,8004.96000000,1329.39514286,1.50000000,0.80000000,80000.00000000,9.81000000,102.00000000,51.00000000,8004.96000000,1329.39514286,9.50000000
514.00000000,886.00000000,0.00000000,0.91247816,36597.91774816,126167.83874571,10564.90883184,884.32380952,9034.11764653,25928.51333898,18009.37226387,18298.95887408,36597.91774816,18298.95887408,7.55555556,2.85714286,2.22857143,7560.24000000,1114.97657143,1.50000000,0.80000000,80000.00000000,9.81000000,102.00000000,51.00000000,7560.24000000,1114.97657143,9.05555556
515.00000000,897.00000000,0.00000000,0.91246932,37215.29545858,119848.79629793,10743.13042549,895.65714286,7799.36222570,22151.61440467,15467.22875040,18607.64772929,37215.29545858,18607.64772929,7.66666667,3.00000000,2.22857143,7671.42000000,1114.97657143,1.50000000,0.80000000,80000.00000000,9.81000000,102.00000000,51.00000000,7671.42000000,1114.97657143,9.16666667
516.00000000,874.00000000,0.00000000,0.91238280,36211.00768004,130127.97708996,10453.21751585,861.65714286,9807.93778277,28295.49257922,19602.53136788,18105.50384002,36211.00768004,18105.50384002,7.33333333,2.71428571,2.22857143,7337.88000000,1114.97657143,1.50000000,0.80000000,80000.00000000,9.81000000,102.00000000,51.00000000,7337.88000000,1114.97657143,8.83333333
517.00000000,893.00000000,0.00000000,0.91237654,38263.12190196,109123.98446564,11045.61186507,850.32380952,5703.70933893,15741.38204514,11152.64927764,19131.56095098,38263.12190196,19131.56095098,7.22222222,3.00000000,2.22857143,7226.70000000,1114.97657143,1.50000000,0.80000000,80000.00000000,9.81000000,102.00000000,51.00000000,7226.70000000,1114.97657143,8.72222222
518.00000000,2093.00000000,1.00000000,0.91235300,38385.17097507,100551.87117724,11080.84439767,885.29523810,6145.75062128,11161.74147069,6474.03713512,19192.58548754,38385.17097507,19192.58548754,7.22222222,3.00000000,2.91428571,7226.70000000,1458.04628571,1.50000000,0.80000000,80000.00000000,9.81000000,102.00000000,51.00000000,7226.70000000,1458.04628571,8.72222222
519.00000000,733.00000000,0.00000000,0.91224226,37317.66345448,122192.83561119,10772.68152048,845.95238095,7508.85880534,23242.70792255,16805.94197435,18658.83172724,37317.66345448,18658.83172724,7.22222222,2.85714286,2.14285714,7226.70000000,1072.09285714,1.50000000,0.80000000,80000.00000000,9.81000000,102.00000000,51.00000000,7226.70000000,1072.09285714,8.72222222
520.00000000,1584.00000000,0.00000000,0.91220634,35893.92542033,139480.11311153,9578.65480014,883.51428571,16295.92315770,35893.92542033,20927.39740549,16590.71678200,33181.43356401,16590.71678200,7.33333333,2.14285714,2.65714286,7337.88000000,1329.39514286,1.50000000,0.80000000,80000.00000000,9.81000000,102.00000000,51.00000000,7337.88000000,1329.39514286,8.83333333
521.00000000,2164.00000000,1.00000000,0.91216391,37000.05484642,139252.40726962,9201.71730792,901.00000000,19250.49242321,37000.05484642,19250.49242321,15937.84189420,31875.68378840,15937.84189420,7.33333333,1.85714286,3.00000000,7337.88000000,1500.93000000,1.50000000,0.80000000,80000.00000000,9.81000000,102.00000000,51.00000000,7337.88000000,1500.93000000,8.83333333
522.00000000,1167.00000000,0.00000000,0.91202592,34821.77434946,135684.65163803,10052.18039716,904.40000000,12757.93930108,32420.17946955,20862.98416847,17410.88717473,34821.77434946,17410.88717473,7.66666667,2.57142857,2.40000000,7671.42000000,1200.74400000,1.50000000,0.80000000,80000.00000000,9.81000000,102.00000000,51.00000000,7671.42000000,1200.74400000,9.16666667
523.00000000,2243.00000000,1.00000000,0.91202214,38401.87242718,100095.27543689,11085.66569161,889.66666667,6198.11514563,10895.30029126,6198.11514563,19200.93621359,38401.87242718,19200.93621359,7.22222222,3.00000000,3.00000000,7226.70000000,1500.93000000,1.50000000,0.80000000,80000.00000000,9.81000000,102.00000000,51.00000000,7226.70000000,1500.93000000,8.72222222
524.00000000,1749.00000000,0.00000000,0.91199973,34872.87435071,137374.67465412,9563.32325905,944.55238095,16487.91061874,34872.87435071,19757.24258912,16564.16177389,33128.32354777,16564.16177389,7.88888889,2.28571429,2.74285714,7893.78000000,1372.27885714,1.50000000,0.80000000,80000.00000000,9.81000000,102.00000000,51.00000000,7893.78000000,1372.27885714,9.38888889
525.00000000,1319.00000000,0.00000000,0.91199732,34477.88498141,135309.04579011,9952.90808755,931.43809524,13531.48546576,32554.82405651,20266.96630503,17238.94249070,34477.88498141,17238.94249070,7.88888889,2.57142857,2.48571429,7893.78000000,1243.62771429,1.50000000,0.80000000,80000.00000000,9.81000000,102.00000000,51.00000000,7893.78000000,1243.62771429,9.38888889
526.00000000,2039.00000000,0.00000000,0.91199369,35412.44655951,137284.55682649,9382.17532905,953.29523810,17914.47514968,35412.44655951,18956.01769555,16250.40435544,32500.80871087,16250.40435544,7.88888889,2.14285714,2.91428571,7893.78000000,1458.04628571,1.50000000,0.80000000,80000.00000000,9.81000000,102.00000000,51.00000000,7893.78000000,1458.04628571,9.38888889
527.00000000,1432.00000000,0.00000000,0.91199012,35848.17202454,139975.88427695,9669.61080278,856.47619048,15579.99405784,35848.17202454,21554.68939527,16748.25719982,33496.51439965,16748.25719982,7.11111111,2.14285714,2.57142857,7115.52000000,1286.51142857,1.50000000,0.80000000,80000.00000000,9.81000000,102.00000000,51.00000000,7115.52000000,1286.51142857,8.61111111
528.00000000,1179.00000000,0.00000000,0.91191741,35203.15206231,132379.37812667,10162.27465975,927.06666667,11995.18387539,30386.16500103,19591.72512564,17601.57603115,35203.15206231,17601.57603115,7.88888889,2.71428571,2.40000000,7893.78000000,1200.74400000,1.50000000,0.80000000,80000.00000000,9.81000000,102.00000000,51.00000000,7893.78000000,1200.74400000,9.38888889
529.00000000,721.00000000,1.00000000,0.91183448,36924.74075838,126645.95950029,10659.25450830,823.28571429,8294.70419753,25862.19256320,18639.58122281,18462.37037919,36924.74075838,18462.37037919,7.00000000,2.71428571,2.14285714,7004.34000000,1072.09285714,1.50000000,0.80000000,80000.00000000,9.81000000,102.00000000,51.00000000,7004.34000000,1072.09285714,8.50000000
530.00000000,1027.00000000,0.00000000,0.91178475,35579.91850163,132439.32728544,10271.03776233,900.02857143,11155.88356816,30060.81499823,20062.79171578,17789.95925082,35579.91850163,17789.95925082,7.66666667,2.71428571,2.31428571,7671.42000000,1157.86028571,1.50000000,0.80000000,80000.00000000,9.81000000,102.00000000,51.00000000,7671.42000000,1157.86028571,9.16666667
531.00000000,2026.00000000,0.00000000,0.91177099,36442.73939544,138845.14744562,9310.00725948,919.29523810,18414.47020241,36442.73939544,19486.31547875,16125.40559225,32250.81118451,16125.40559225,7.55555556,2.00000000,2.91428571,7560.24000000,1458.04628571,1.50000000,0.80000000,80000.00000000,9.81000000,102.00000000,51.00000000,7560.24000000,1458.04628571,9.05555556
532.00000000,1736.00000000,0.00000000,0.91176265,35922.79687105,138998.77355277,9494.65521826,910.55238095,16963.65676077,35922.79687105,20331.41896743,16445.22523838,32890.45047676,16445.22523838,7.55555556,2.14285714,2.74285714,7560.24000000,1372.27885714,1.50000000,0.80000000,80000.00000000,9.81000000,102.00000000,51.00000000,7560.24000000,1372.27885714,9.05555556
533.00000000,744.00000000,0.00000000,0.91171935,37971.06030321,114787.67132556,10961.30094374,857.28571429,6202.06510787,18886.72893100,13756.75668027,18985.53015160,37971.06030321,18985.53015160,7.33333333,3.00000000,2.14285714,7337.88000000,1072.09285714,1.50000000,0.80000000,80000.00000000,9.81000000,102.00000000,51.00000000,7337.88000000,1072.09285714,8.83333333
534.00000000,1192.00000000,1.00000000,0.91168564,38582.91801188,103088.07323036,11137.92905014,847.73333333,5235.65197624,12360.74660330,8325.83862706,19291.45900594,38582.91801188,19291.45900594,7.11111111,3.00000000,2.40000000,7115.52000000,1200.74400000,1.50000000,0.80000000,80000.00000000,9.81000000,102.00000000,51.00000000,7115.52000000,1200.74400000,8.61111111
535.00000000,1342.00000000,1.00000000,0.91167372,38597.98493498,101989.97660037,11142.27849619,852.10476190,5291.28555862,11775.18950807,7727.53166374,19298.99246749,38597.98493498,19298.99246749,7.11111111,3.00000000,2.48571429,7115.52000000,1243.62771429,1.50000000,0.80000000,80000.00000000,9.81000000,102.00000000,51.00000000,7115.52000000,1243.62771429,8.61111111
536.00000000,898.00000000,0.00000000,0.91157152,36978.98058320,122267.54855174,10674.91219704,906.99047619,8271.99197645,23597.30540695,16440.29000193,18489.49029160,36978.98058320,18489.49029160,7.77777778,3.00000000,2.22857143,7782.60000000,1114.97657143,1.50000000,0.80000000,80000.00000000,9.81000000,102.00000000,51.00000000,7782.60000000,1114.97657143,9.27777778
537.00000000,1492.00000000,1.00000000,0.91157070,38613.37939988,101087.71027521,11146.72249542,856.47619048,5346.26405739,11287.22002344,7227.46739463,19306.68969994,38613.37939988,19306.68969994,7.11111111,3.00000000,2.57142857,7115.52000000,1286.51142857,1.50000000,0.80000000,80000.00000000,9.81000000,102.00000000,51.00000000,7115.52000000,1286.51142857,8.61111111
538.00000000,1042.00000000,1.00000000,0.91156866,38568.17863059,104444.04818257,11133.67415726,843.36190476,5179.36331024,13074.91531784,9053.41229331,19284.08931530,38568.17863059,19284.08931530,7.11111111,3.00000000,2.31428571,7115.52000000,1157.86028571,1.50000000,0.80000000,80000.00000000,9.81000000,102.00000000,51.00000000,7115.52000000,1157.86028571,8.61111111
539.00000000,745.00000000,0.00000000,0.91152822,37704.25048446,117811.51593808,10884.27958340,868.61904762,6735.68474537,20665.46105601,15001.86916778,18852.12524223,37704.25048446,18852.12524223,7.44444444,3.00000000,2.14285714,7449.06000000,1072.09285714,1.50000000,0.80000000,80000.00000000,9.81000000,102.00000000,51.00000000,7449.06000000,1072.09285714,8.94444444
540.00000000,1050.00000000,0.00000000,0.91151156,36545.88001444,123389.79311282,10549.88683206,934.02857143,9223.96054254,24570.08639911,16503.98614228,18272.94000722,36545.88001444,18272.94000722,8.00000000,3.00000000,2.31428571,8004.96000000,1157.86028571,1.50000000,0.80000000,80000.00000000,9.81000000,102.00000000,51.00000000,8004.96000000,1157.86028571,9.50000000
541.00000000,1002.00000000,0.00000000,0.91147417,35003.46892404,137839.74964394,10104.63110293,843.36190476,12308.78272334,33337.47575507,22186.55331744,17501.73446202,35003.46892404,17501.73446202,7.11111111,2.42857143,2.31428571,7115.52000000,1157.86028571,1.50000000,0.80000000,80000.00000000,9.81000000,102.00000000,51.00000000,7115.52000000,1157.86028571,8.61111111
542.00000000,743.00000000,0.00000000,0.91144061,38249.31108579,111634.16245624,11041.62502585,845.95238095,5645.56354270,17031.72371376,12458.25302820,19124.65554290,38249.31108579,19124.65554290,7.22222222,3.00000000,2.14285714,7226.70000000,1072.09285714,1.50000000,0.80000000,80000.00000000,9.81000000,102.00000000,51.00000000,7226.70000000,1072.09285714,8.72222222
543.00000000,1307.00000000,0.00000000,0.91141736,34480.59841107,138396.92535864,9842.68194158,908.77142857,14295.15460636,34480.59841107,21429.07151900,17048.02520555,34096.05041111,17048.02520555,7.66666667,2.42857143,2.48571429,7671.42000000,1243.62771429,1.50000000,0.80000000,80000.00000000,9.81000000,102.00000000,51.00000000,7671.42000000,1243.62771429,9.16666667
544.00000000,1039.00000000,0.00000000,0.91140596,35960.42544572,128874.57801978,10380.88065563,922.69523810,10394.86967999,27897.93342131,18660.92402704,17980.21272286,35960.42544572,17980.21272286,7.88888889,2.85714286,2.31428571,7893.78000000,1157.86028571,1.50000000,0.80000000,80000.00000000,9.81000000,102.00000000,51.00000000,7893.78000000,1157.86028571,9.38888889
545.00000000,1642.00000000,1.00000000,0.91140035,38629.10140659,100337.61083521,11151.26104782,860.84761905,5400.58747254,10875.00643959,6803.81410991,19314.55070329,38629.10140659,19314.55070329,7.11111111,3.00000000,2.65714286,7115.52000000,1329.39514286,1.50000000,0.80000000,80000.00000000,9.81000000,102.00000000,51.00000000,7115.52000000,1329.39514286,8.61111111
546.00000000,734.00000000,0.00000000,0.91133819,37063.38555492,125074.65180611,10699.27781361,857.28571429,8017.41460444,24937.89391956,17992.57217226,18531.69277746,37063.38555492,18531.69277746,7.33333333,2.85714286,2.14285714,7337.88000000,1072.09285714,1.50000000,0.80000000,80000.00000000,9.81000000,102.00000000,51.00000000,7337.88000000,1072.09285714,8.83333333
547.00000000,892.00000000,1.00000000,0.91126035,38553.76679111,106149.14854142,11129.51381756,838.99047619,5122.41956064,13963.31919389,9955.87620468,19276.88339555,38553.76679111,19276.88339555,7.11111111,3.00000000,2.22857143,7115.52000000,1114.97657143,1.50000000,0.80000000,80000.00000000,9.81000000,102.00000000,51.00000000,7115.52000000,1114.97657143,8.61111111
548.00000000,862.00000000,0.00000000,0.91125906,35818.01987032,134150.32290713,10339.77170698,838.99047619,10593.91340222,30699.65329753,21220.71646675,17909.00993516,35818.01987032,17909.00993516,7.11111111,2.57142857,2.22857143,7115.52000000,1114.97657143,1.50000000,0.80000000,80000.00000000,9.81000000,102.00000000,51.00000000,7115.52000000,1114.97657143,8.61111111
549.00000000,1015.00000000,0.00000000,0.91123709,35193.81118534,136056.54319598,10159.57818083,877.36190476,11928.09820075,32255.53026979,21485.29235476,17596.90559267,35193.81118534,17596.90559267,7.44444444,2.57142857,2.31428571,7449.06000000,1157.86028571,1.50000000,0.80000000,80000.00000000,9.81000000,102.00000000,51.00000000,7449.06000000,1157.86028571,8.94444444
550.00000000,1155.00000000,0.00000000,0.91119506,34483.52086788,139037.58141031,9940.49876793,881.73333333,13531.69232546,34483.52086788,22152.57254243,17217.44891864,34434.89783727,17217.44891864,7.44444444,2.42857143,2.40000000,7449.06000000,1200.74400000,1.50000000,0.80000000,80000.00000000,9.81000000,102.00000000,51.00000000,7449.06000000,1200.74400000,8.94444444
551.00000000,1792.00000000,1.00000000,0.91117820,38645.15095510,99708.05994201,11155.89415340,865.21904762,5454.25580408,10522.73958733,6440.76264039,19322.57547755,38645.15095510,19322.57547755,7.11111111,3.00000000,2.74285714,7115.52000000,1372.27885714,1.50000000,0.80000000,80000.00000000,9.81000000,102.00000000,51.00000000,7115.52000000,1372.27885714,8.61111111
552.00000000,887.00000000,0.00000000,0.91111379,36372.68499536,128473.16221552,10499.88973661,895.65714286,9484.58315213,27306.40782668,18936.80124598,18186.34249768,36372.68499536,18186.34249768,7.66666667,2.85714286,2.22857143,7671.42000000,1114.97657143,1.50000000,0.80000000,80000.00000000,9.81000000,102.00000000,51.00000000,7671.42000000,1114.97657143,9.16666667
553.00000000,1942.00000000,1.00000000,0.91091468,38661.52804542,99175.59882844,11160.62181215,869.59047619,5507.26905201,10218.69008308,6126.58360250,19330.76402271,38661.52804542,19330.76402271,7.11111111,3.00000000,2.82857143,7115.52000000,1415.16257143,1.50000000,0.80000000,80000.00000000,9.81000000,102.00000000,51.00000000,7115.52000000,1415.16257143,8.61111111
554.00000000,746.00000000,0.00000000,0.91091194,37448.25185171,120712.83377582,10810.37914363,879.95238095,7247.68201086,22372.11860763,16196.52945391,18724.12592586,37448.25185171,18724.12592586,7.55555556,3.00000000,2.14285714,7560.24000000,1072.09285714,1.50000000,0.80000000,80000.00000000,9.81000000,102.00000000,51.00000000,7560.24000000,1072.09285714,9.05555556
555.00000000,1459.00000000,0.00000000,0.91090498,34474.70452777,137801.22740707,9752.21203496,935.80952381,15007.71593419,34474.70452777,20753.50002215,16891.32673074,33782.65346148,16891.32673074,7.88888889,2.42857143,2.57142857,7893.78000000,1286.51142857,1.50000000,0.80000000,80000.00000000,9.81000000,102.00000000,51.00000000,7893.78000000,1286.51142857,9.38888889
556.00000000,875.00000000,0.00000000,0.91086244,35987.82319913,132412.33589465,10388.78970578,872.99047619,10254.30674460,29660.85646249,20521.52628931,17993.91159956,35987.82319913,17993.91159956,7.44444444,2.71428571,2.22857143,7449.06000000,1114.97657143,1.50000000,0.80000000,80000.00000000,9.81000000,102.00000000,51.00000000,7449.06000000,1114.97657143,8.94444444
557.00000000,1888.00000000,0.00000000,0.91068054,35938.31325375,138534.41610476,9416.96206900,937.59047619,17587.69811702,35938.31325375,19765.77770815,16310.65675646,32621.31351292,16310.65675646,7.77777778,2.14285714,2.82857143,7782.60000000,1415.16257143,1.50000000,0.80000000,80000.00000000,9.81000000,102.00000000,51.00000000,7782.60000000,1415.16257143,9.27777778
558.00000000,722.00000000,0.00000000,0.91065445,36672.34929052,129506.39613600,10586.39536735,834.61904762,8799.48713324,27544.80234891,19817.40807281,18336.17464526,36672.34929052,18336.17464526,7.11111111,2.71428571,2.14285714,7115.52000000,1072.09285714,1.50000000,0.80000000,80000.00000000,9.81000000,102.00000000,51.00000000,7115.52000000,1072.09285714,8.61111111
559.00000000,742.00000000,1.00000000,0.91065245,38539.68249343,108343.28650300,11125.44803103,834.61904762,5064.82072742,15095.91432949,11103.18645922,19269.84124672,38539.68249343,19269.84124672,7.11111111,3.00000000,2.14285714,7115.52000000,1072.09285714,1.50000000,0.80000000,80000.00000000,9.81000000,102.00000000,51.00000000,7115.52000000,1072.09285714,8.61111111
560.00000000,2092.00000000,1.00000000,0.91061698,38678.23267755,98722.45570118,11165.44402408,873.96190476,5559.62721633,9953.97203018,5852.39109957,19339.11633878,38678.23267755,19339.11633878,7.11111111,3.00000000,2.91428571,7115.52000000,1458.04628571,1.50000000,0.80000000,80000.00000000,9.81000000,102.00000000,51.00000000,7115.52000000,1458.04628571,8.61111111
561.00000000,1446.00000000,0.00000000,0.91050855,35552.22027131,139507.29400100,9687.40953448,901.80952381,15456.68082733,35552.22027131,21382.05087255,16779.08550745,33558.17101491,16779.08550745,7.55555556,2.28571429,2.57142857,7560.24000000,1286.51142857,1.50000000,0.80000000,80000.00000000,9.81000000,102.00000000,51.00000000,7560.24000000,1286.51142857,9.05555556
562.00000000,899.00000000,0.00000000,0.91038196,36751.85213828,124592.27498804,10609.34586263,918.32380952,8726.24886630,24986.79707003,17375.52477516,18375.92606914,36751.85213828,18375.92606914,7.88888889,3.00000000,2.22857143,7893.78000000,1114.97657143,1.50000000,0.80000000,80000.00000000,9.81000000,102.00000000,51.00000000,7893.78000000,1114.97657143,9.38888889
563.00000000,2242.00000000,1.00000000,0.91029020,38695.26485149,98334.92089109,11170.36078918,878.33333333,5611.33029703,9721.73059406,5611.33029703,19347.63242574,38695.26485149,19347.63242574,7.11111111,3.00000000,3.00000000,7115.52000000,1500.93000000,1.50000000,0.80000000,80000.00000000,9.81000000,102.00000000,51.00000000,7115.52000000,1500.93000000,8.61111111
564.00000000,581.00000000,1.00000000,0.91023984,37845.86495986,119936.32708405,10925.16016114,818.91428571,6366.68836600,21607.69401074,16270.21478759,18922.93247993,37845.86495986,18922.93247993,7.00000000,2.85714286,2.05714286,7004.34000000,1029.20914286,1.50000000,0.80000000,80000.00000000,9.81000000,102.00000000,51.00000000,7004.34000000,1029.20914286,8.50000000
565.00000000,1294.00000000,0.00000000,0.91023466,35576.66813731,140154.41647141,9779.94585759,874.77142857,14729.80294608,35576.66813731,22090.49290552,16939.36312062,33878.72624125,16939.36312062,7.33333333,2.28571429,2.48571429,7337.88000000,1243.62771429,1.50000000,0.80000000,80000.00000000,9.81000000,102.00000000,51.00000000,7337.88000000,1243.62771429,8.83333333
566.00000000,2178.00000000,1.00000000,0.91020333,36474.81717557,138464.55076336,9239.62307175,946.33333333,18987.87358779,36474.81717557,18987.87358779,16003.49660305,32006.99320611,16003.49660305,7.77777778,2.00000000,3.00000000,7782.60000000,1500.93000000,1.50000000,0.80000000,80000.00000000,9.81000000,102.00000000,51.00000000,7782.60000000,1500.93000000,9.27777778
567.00000000,1168.00000000,0.00000000,0.91018064,34640.21722414,137258.14672410,9999.76936957,915.73333333,13121.05355172,33388.48413791,21468.17458619,17320.10861207,34640.21722414,17320.10861207,7.77777778,2.57142857,2.40000000,7782.60000000,1200.74400000,1.50000000,0.80000000,80000.00000000,9.81000000,102.00000000,51.00000000,7782.60000000,1200.74400000,9.27777778
568.00000000,1861.00000000,1.00000000,0.91014587,37463.27314006,140868.06683988,9313.57753860,858.25714286,18303.96715453,37463.27314006,20574.46855696,16131.58949708,32263.17899416,16131.58949708,7.00000000,1.85714286,2.82857143,7004.34000000,1415.16257143,1.50000000,0.80000000,80000.00000000,9.81000000,102.00000000,51.00000000,7004.34000000,1415.16257143,8.50000000
569.00000000,1180.00000000,0.00000000,0.91009808,35019.29412211,133972.81360842,10109.19944411,938.40000000,12362.89975579,31366.74068211,20204.58492632,17509.64706105,35019.29412211,17509.64706105,8.00000000,2.71428571,2.40000000,8004.96000000,1200.74400000,1.50000000,0.80000000,80000.00000000,9.81000000,102.00000000,51.00000000,8004.96000000,1200.74400000,9.50000000
570.00000000,1320.00000000,0.00000000,0.91009305,34309.44878468,136671.18198970,9904.28474579,942.77142857,13868.35785920,33404.32835303,20779.59820811,17154.72439234,34309.44878468,17154.72439234,8.00000000,2.57142857,2.48571429,8004.96000000,1243.62771429,1.50000000,0.80000000,80000.00000000,9.81000000,102.00000000,51.00000000,8004.96000000,1243.62771429,9.50000000
571.00000000,735.00000000,0.00000000,0.91008355,36819.40497113,127839.76508909,10628.84668574,868.61904762,8505.37577202,26564.43114484,19131.14822996,18409.70248557,36819.40497113,18409.70248557,7.44444444,2.85714286,2.14285714,7449.06000000,1072.09285714,1.50000000,0.80000000,80000.00000000,9.81000000,102.00000000,51.00000000,7449.06000000,1072.09285714,8.94444444
572.00000000,1598.00000000,0.00000000,0.91006510,35524.89030340,138902.75171892,9601.85112333,928.84761905,16135.21431646,35524.89030340,20719.07112980,16630.89399231,33261.78798463,16630.89399231,7.77777778,2.28571429,2.65714286,7782.60000000,1329.39514286,1.50000000,0.80000000,80000.00000000,9.81000000,102.00000000,51.00000000,7782.60000000,1329.39514286,9.27777778
573.00000000,1028.00000000,0.00000000,0.91002755,35381.57534683,134297.48947255,10213.78102542,911.36190476,11552.56987777,31188.23924659,20793.52965454,17690.78767342,35381.57534683,17690.78767342,7.77777778,2.71428571,2.31428571,7782.60000000,1157.86028571,1.50000000,0.80000000,80000.00000000,9.81000000,102.00000000,51.00000000,7782.60000000,1157.86028571,9.27777778
574.00000000,2013.00000000,1.00000000,0.90991967,37496.83302353,140441.78926463,9236.17203552,885.29523810,18926.01563957,37496.83302353,20028.86366967,15997.51923296,31995.03846593,15997.51923296,7.22222222,1.85714286,2.91428571,7226.70000000,1458.04628571,1.50000000,0.80000000,80000.00000000,9.81000000,102.00000000,51.00000000,7226.70000000,1458.04628571,8.72222222
575.00000000,747.00000000,0.00000000,0.90991801,37202.48001655,123498.24790770,10739.43092604,891.28571429,7739.22568119,24010.59750873,17343.46468468,18601.24000827,37202.48001655,18601.24000827,7.66666667,3.00000000,2.14285714,7671.42000000,1072.09285714,1.50000000,0.80000000,80000.00000000,9.81000000,102.00000000,51.00000000,7671.42000000,1072.09285714,9.16666667
576.00000000,1723.00000000,0.00000000,0.90989289,36995.71888772,140658.44979730,9424.48294233,876.55238095,17449.82454957,36995.71888772,20918.17319529,16323.68329118,32647.36658236,16323.68329118,7.22222222,2.00000000,2.74285714,7226.70000000,1372.27885714,1.50000000,0.80000000,80000.00000000,9.81000000,102.00000000,51.00000000,7226.70000000,1372.27885714,8.72222222
577.00000000,593.00000000,0.00000000,0.90983190,38235.82145140,114956.88265359,11037.73090383,841.58095238,5586.77538292,18728.01530397,14170.44906391,19117.91072570,38235.82145140,19117.91072570,7.22222222,3.00000000,2.05714286,7226.70000000,1029.20914286,1.50000000,0.80000000,80000.00000000,9.81000000,102.00000000,51.00000000,7226.70000000,1029.20914286,8.72222222
578.00000000,1041.00000000,1.00000000,0.90978329,38871.98092616,101597.90036094,11221.37432583,832.02857143,4571.75871911,11348.03911145,7934.14067806,19435.99046308,38871.98092616,19435.99046308,7.00000000,3.00000000,2.31428571,7004.34000000,1157.86028571,1.50000000,0.80000000,80000.00000000,9.81000000,102.00000000,51.00000000,7004.34000000,1157.86028571,8.50000000
579.00000000,1191.00000000,1.00000000,0.90978208,38887.01807273,100452.53936970,11225.71517614,836.40000000,4627.45185455,10738.87961212,7312.17175758,19443.50903636,38887.01807273,19443.50903636,7.00000000,3.00000000,2.40000000,7004.34000000,1200.74400000,1.50000000,0.80000000,80000.00000000,9.81000000,102.00000000,51.00000000,7004.34000000,1200.74400000,8.50000000
580.00000000,1003.00000000,0.00000000,0.90976142,34801.89162904,139728.21061817,10046.44075017,854.69523810,12711.93731335,34483.28353719,22929.20650955,17400.94581452,34801.89162904,17400.94581452,7.22222222,2.42857143,2.31428571,7226.70000000,1157.86028571,1.50000000,0.80000000,80000.00000000,9.81000000,102.00000000,51.00000000,7226.70000000,1157.86028571,8.72222222
581.00000000,1040.00000000,0.00000000,0.90973117,35759.94711091,130752.74347226,10323.00754534,934.02857143,10795.82634962,29037.49448237,19399.52841847,17879.97355545,35759.94711091,17879.97355545,8.00000000,2.85714286,2.31428571,8004.96000000,1157.86028571,1.50000000,0.80000000,80000.00000000,9.81000000,102.00000000,51.00000000,8004.96000000,1157.86028571,9.50000000
582.00000000,1341.00000000,1.00000000,0.90969302,38902.38937811,99528.27110375,11230.15248979,840.77142857,4682.47667236,10239.93231662,6801.08335855,19451.19468905,38902.38937811,19451.19468905,7.00000000,3.00000000,2.48571429,7004.34000000,1243.62771429,1.50000000,0.80000000,80000.00000000,9.81000000,102.00000000,51.00000000,7004.34000000,1243.62771429,8.50000000
583.00000000,891.00000000,1.00000000,0.90965475,38857.27793840,103042.62268087,11217.12993886,827.65714286,4515.39726605,12106.54511632,8706.12442170,19428.63896920,38857.27793840,19428.63896920,7.00000000,3.00000000,2.22857143,7004.34000000,1114.97657143,1.50000000,0.80000000,80000.00000000,9.81000000,102.00000000,51.00000000,7004.34000000,1114.97657143,8.50000000
584.00000000,863.00000000,0.00000000,0.90960959,35597.04631137,136412.05227519,10275.98213511,850.32380952,11035.86052011,32051.49154051,22130.60759182,17798.52315569,35597.04631137,17798.52315569,7.22222222,2.57142857,2.22857143,7226.70000000,1114.97657143,1.50000000,0.80000000,80000.00000000,9.81000000,102.00000000,51.00000000,7226.70000000,1114.97657143,8.72222222
585.00000000,1875.00000000,0.00000000,0.90958453,36994.41498835,140150.57178953,9345.36373853,903.59047619,18083.74590145,36994.41498835,20325.83165832,16186.64481035,32373.28962070,16186.64481035,7.44444444,2.00000000,2.82857143,7449.06000000,1415.16257143,1.50000000,0.80000000,80000.00000000,9.81000000,102.00000000,51.00000000,7449.06000000,1415.16257143,8.94444444
586.00000000,1571.00000000,1.00000000,0.90956489,36983.13195737,141184.19430658,9510.19089063,849.51428571,16770.25503673,36983.13195737,21542.27206349,16472.13381224,32944.26762449,16472.13381224,7.00000000,2.00000000,2.65714286,7004.34000000,1329.39514286,1.50000000,0.80000000,80000.00000000,9.81000000,102.00000000,51.00000000,7004.34000000,1329.39514286,8.50000000
587.00000000,594.00000000,0.00000000,0.90955648,37957.82761423,118506.65011283,10957.48099546,852.91428571,6142.76305726,20780.89287076,15667.33895636,18978.91380711,37957.82761423,18978.91380711,7.33333333,3.00000000,2.05714286,7337.88000000,1029.20914286,1.50000000,0.80000000,80000.00000000,9.81000000,102.00000000,51.00000000,7337.88000000,1029.20914286,8.83333333
588.00000000,592.00000000,1.00000000,0.90954612,38525.92573756,111252.47407639,11121.47679768,830.24761905,5006.56681059,16585.70672920,12608.34906147,19262.96286878,38525.92573756,19262.96286878,7.11111111,3.00000000,2.05714286,7115.52000000,1029.20914286,1.50000000,0.80000000,80000.00000000,9.81000000,102.00000000,51.00000000,7115.52000000,1029.20914286,8.61111111
589.00000000,1491.00000000,1.00000000,0.90954110,38918.09484230,98771.87291280,11234.68626677,845.14285714,4736.83317254,9824.58589981,6374.26415584,19459.04742115,38918.09484230,19459.04742115,7.00000000,3.00000000,2.57142857,7004.34000000,1286.51142857,1.50000000,0.80000000,80000.00000000,9.81000000,102.00000000,51.00000000,7004.34000000,1286.51142857,8.50000000
590.00000000,582.00000000,0.00000000,0.90953583,37569.41999511,123466.31663383,10845.35737374,830.24761905,6919.57829549,23649.13375037,17758.76459774,18784.70999756,37569.41999511,18784.70999756,7.11111111,2.85714286,2.05714286,7115.52000000,1029.20914286,1.50000000,0.80000000,80000.00000000,9.81000000,102.00000000,51.00000000,7115.52000000,1029.20914286,8.61111111
591.00000000,888.00000000,0.00000000,0.90951619,36156.20969260,130688.85060850,10437.39869945,906.99047619,9917.53375765,28630.72732594,19828.17013971,18078.10484630,36156.20969260,18078.10484630,7.77777778,2.85714286,2.22857143,7782.60000000,1114.97657143,1.50000000,0.80000000,80000.00000000,9.81000000,102.00000000,51.00000000,7782.60000000,1114.97657143,9.27777778
592.00000000,2151.00000000,1.00000000,0.90949052,38055.38536842,140835.40305263,9125.55538780,867.00000000,19778.15768421,38055.38536842,19778.15768421,15805.92557895,31611.85115789,15805.92557895,7.00000000,1.71428571,3.00000000,7004.34000000,1500.93000000,1.50000000,0.80000000,80000.00000000,9.81000000,102.00000000,51.00000000,7004.34000000,1500.93000000,8.50000000
593.00000000,1016.00000000,0.00000000,0.90942386,34997.75144655,137893.31338047,10102.98060935,888.69523810,12320.21767834,33369.97510083,22207.61770821,17498.87572327,34997.75144655,17498.87572327,7.55555556,2.57142857,2.31428571,7560.24000000,1157.86028571,1.50000000,0.80000000,80000.00000000,9.81000000,102.00000000,51.00000000,7560.24000000,1157.86028571,9.05555556
594.00000000,1641.00000000,1.00000000,0.90934186,38934.13446531,98145.89182071,11239.31650710,849.51428571,4790.52135510,9474.11387362,6012.98766138,19467.06723265,38934.13446531,19467.06723265,7.00000000,3.00000000,2.65714286,7004.34000000,1329.39514286,1.50000000,0.80000000,80000.00000000,9.81000000,102.00000000,51.00000000,7004.34000000,1329.39514286,8.50000000
595.00000000,741.00000000,1.00000000,0.90932266,38842.90910946,104906.71818800,11212.98201523,823.28571429,4458.36749536,13074.40355597,9688.12891775,19421.45455473,38842.90910946,19421.45455473,7.00000000,3.00000000,2.14285714,7004.34000000,1072.09285714,1.50000000,0.80000000,80000.00000000,9.81000000,102.00000000,51.00000000,7004.34000000,1072.09285714,8.50000000
596.00000000,1142.00000000,0.00000000,0.90922213,35597.63574471,140848.01808515,9880.19553130,847.73333333,13949.48540427,35597.63574471,22848.89434044,17113.00064893,34226.00129787,17113.00064893,7.11111111,2.28571429,2.40000000,7115.52000000,1200.74400000,1.50000000,0.80000000,80000.00000000,9.81000000,102.00000000,51.00000000,7115.52000000,1200.74400000,8.61111111
597.00000000,723.00000000,0.00000000,0.90915940,36430.32139083,132249.37899918,10516.52793083,845.95238095,9283.54293263,29158.32168019,20946.87160471,18215.16069541,36430.32139083,18215.16069541,7.22222222,2.71428571,2.14285714,7226.70000000,1072.09285714,1.50000000,0.80000000,80000.00000000,9.81000000,102.00000000,51.00000000,7226.70000000,1072.09285714,8.72222222
598.00000000,876.00000000,0.00000000,0.90913356,35773.43399414,134606.67246339,10326.90087318,884.32380952,10683.08515459,30972.41395184,21404.30536869,17886.71699707,35773.43399414,17886.71699707,7.55555556,2.71428571,2.22857143,7560.24000000,1114.97657143,1.50000000,0.80000000,80000.00000000,9.81000000,102.00000000,51.00000000,7560.24000000,1114.97657143,9.05555556
599.00000000,2165.00000000,1.00000000,0.90911039,37512.95645017,140021.75967525,9164.70182304,912.33333333,19506.94322508,37512.95645017,19506.94322508,15873.72919373,31747.45838746,15873.72919373,7.44444444,1.85714286,3.00000000,7449.06000000,1500.93000000,1.50000000,0.80000000,80000.00000000,9.81000000,102.00000000,51.00000000,7449.06000000,1500.93000000,8.94444444
600.00000000,1791.00000000,1.00000000,0.90910531,38950.50824712,97623.20670683,11244.04321077,853.88571429,4843.54122004,9174.95567772,5703.69331482,19475.25412356,38950.50824712,19475.25412356,7.00000000,3.00000000,2.74285714,7004.34000000,1372.27885714,1.50000000,0.80000000,80000.00000000,9.81000000,102.00000000,51.00000000,7004.34000000,1372.27885714,8.50000000
601.00000000,2040.00000000,0.00000000,0.90899918,35943.11700329,138088.36646926,9345.00389568,964.62857143,18172.00639445,35943.11700329,19229.15689455,16186.02154424,32372.04308849,16186.02154424,8.00000000,2.14285714,2.91428571,8004.96000000,1458.04628571,1.50000000,0.80000000,80000.00000000,9.81000000,102.00000000,51.00000000,8004.96000000,1458.04628571,9.50000000
602.00000000,1750.00000000,0.00000000,0.90894371,35495.13148351,138337.22865641,9522.62580058,955.88571429,16769.87088204,35495.13148351,20097.53945862,16493.67170806,32987.34341612,16493.67170806,8.00000000,2.28571429,2.74285714,8004.96000000,1372.27885714,1.50000000,0.80000000,80000.00000000,9.81000000,102.00000000,51.00000000,8004.96000000,1372.27885714,9.50000000
603.00000000,900.00000000,0.00000000,0.90893864,36533.43902480,126827.79744361,10546.29542770,929.65714286,9163.07509325,26322.97141128,18274.87288946,18266.71951240,36533.43902480,18266.71951240,8.00000000,3.00000000,2.22857143,8004.96000000,1114.97657143,1.50000000,0.80000000,80000.00000000,9.81000000,102.00000000,51.00000000,8004.96000000,1114.97657143,9.50000000
604.00000000,1585.00000000,0.00000000,0.90884777,36605.51350569,140593.40414830,9533.92673376,894.84761905,16605.80829165,36605.51350569,21329.10035690,16513.24549852,33026.49099703,16513.24549852,7.44444444,2.14285714,2.65714286,7449.06000000,1329.39514286,1.50000000,0.80000000,80000.00000000,9.81000000,102.00000000,51.00000000,7449.06000000,1329.39514286,8.94444444
605.00000000,1941.00000000,1.00000000,0.90883809,38967.21618776,97183.69544937,11248.86637779,858.25714286,4895.89276735,8917.05025122,5436.32005530,19483.60809388,38967.21618776,19483.60809388,7.00000000,3.00000000,2.82857143,7004.34000000,1415.16257143,1.50000000,0.80000000,80000.00000000,9.81000000,102.00000000,51.00000000,7004.34000000,1415.16257143,8.50000000
606.00000000,595.00000000,0.00000000,0.90877778,37691.26513546,121910.44791867,10880.53103603,864.24761905,6675.88801480,22749.35425245,17102.67538051,18845.63256773,37691.26513546,18845.63256773,7.44444444,3.00000000,2.05714286,7449.06000000,1029.20914286,1.50000000,0.80000000,80000.00000000,9.81000000,102.00000000,51.00000000,7449.06000000,1029.20914286,8.94444444
607.00000000,2027.00000000,0.00000000,0.90865541,36982.19623411,139662.26589242,9272.22037278,930.62857143,18676.26543294,36982.19623411,19763.97708688,16059.95678462,32119.91356925,16059.95678462,7.66666667,2.00000000,2.91428571,7671.42000000,1458.04628571,1.50000000,0.80000000,80000.00000000,9.81000000,102.00000000,51.00000000,7671.42000000,1458.04628571,9.16666667
608.00000000,591.00000000,1.00000000,0.90864900,38828.87443933,107384.05219226,11208.93055494,818.91428571,4400.66940705,14348.54708537,10977.08682118,19414.43721967,38828.87443933,19414.43721967,7.00000000,3.00000000,2.05714286,7004.34000000,1029.20914286,1.50000000,0.80000000,80000.00000000,9.81000000,102.00000000,51.00000000,7004.34000000,1029.20914286,8.50000000
609.00000000,748.00000000,0.00000000,0.90859438,36966.39196316,126173.91251279,10671.27817545,902.61904762,8211.40178797,25584.51786467,18445.20893384,18483.19598158,36966.39196316,18483.19598158,7.77777778,3.00000000,2.14285714,7782.60000000,1072.09285714,1.50000000,0.80000000,80000.00000000,9.81000000,102.00000000,51.00000000,7782.60000000,1072.09285714,9.27777778
610.00000000,2091.00000000,1.00000000,0.90854474,38984.25828720,96812.11401671,11253.78600814,862.62857143,4947.57599703,8692.77557830,5203.24586698,19492.12914360,38984.25828720,19492.12914360,7.00000000,3.00000000,2.91428571,7004.34000000,1458.04628571,1.50000000,0.80000000,80000.00000000,9.81000000,102.00000000,51.00000000,7004.34000000,1458.04628571,8.50000000
611.00000000,736.00000000,0.00000000,0.90852829,36585.16794220,130494.45141699,10561.22827989,879.95238095,8973.84982989,28126.01133772,20224.25436498,18292.58397110,36585.16794220,18292.58397110,7.55555556,2.85714286,2.14285714,7560.24000000,1072.09285714,1.50000000,0.80000000,80000.00000000,9.81000000,102.00000000,51.00000000,7560.24000000,1072.09285714,9.05555556
612.00000000,1737.00000000,0.00000000,0.90851257,36556.96416403,139979.75108410,9453.17880005,921.88571429,17251.01381540,36556.96416403,20678.22920578,16373.38597472,32746.77194944,16373.38597472,7.66666667,2.14285714,2.74285714,7671.42000000,1372.27885714,1.50000000,0.80000000,80000.00000000,9.81000000,102.00000000,51.00000000,7671.42000000,1372.27885714,9.16666667
613.00000000,1433.00000000,0.00000000,0.90848725,36651.56945718,141247.93021196,9621.29395653,867.80952381,15914.74298811,36651.56945718,22023.33789764,16664.56996726,33329.13993452,16664.56996726,7.22222222,2.14285714,2.57142857,7226.70000000,1286.51142857,1.50000000,0.80000000,80000.00000000,9.81000000,102.00000000,51.00000000,7226.70000000,1286.51142857,8.72222222
614.00000000,583.00000000,0.00000000,0.90836462,37304.50239033,126849.11066408,10768.88224852,841.58095238,7449.41350505,25605.44837028,19185.24400809,18652.25119517,37304.50239033,18652.25119517,7.22222222,2.85714286,2.05714286,7226.70000000,1029.20914286,1.50000000,0.80000000,80000.00000000,9.81000000,102.00000000,51.00000000,7226.70000000,1029.20914286,8.72222222
615.00000000,1169.00000000,0.00000000,0.90823490,34465.48414948,138772.50003787,9949.32827573,927.06666667,13470.51970105,34320.39386946,22050.61816841,17232.74207474,34465.48414948,17232.74207474,7.88888889,2.57142857,2.40000000,7893.78000000,1200.74400000,1.50000000,0.80000000,80000.00000000,9.81000000,102.00000000,51.00000000,7893.78000000,1200.74400000,9.38888889
616.00000000,2241.00000000,1.00000000,0.90822843,39001.63454545,96496.70272727,11258.80210183,867.00000000,4998.59090909,8496.25181818,4998.59090909,19500.81727273,39001.63454545,19500.81727273,7.00000000,3.00000000,3.00000000,7004.34000000,1500.93000000,1.50000000,0.80000000,80000.00000000,9.81000000,102.00000000,51.00000000,7004.34000000,1500.93000000,8.50000000
617.00000000,1029.00000000,0.00000000,0.90813058,35190.76116745,136085.11704776,10158.69771651,922.69523810,11934.19823652,32272.86721357,21496.52926276,17595.38058373,35190.76116745,17595.38058373,7.88888889,2.71428571,2.31428571,7893.78000000,1157.86028571,1.50000000,0.80000000,80000.00000000,9.81000000,102.00000000,51.00000000,7893.78000000,1157.86028571,9.38888889
618.00000000,1308.00000000,0.00000000,0.90806977,35317.80198544,139739.33798650,9794.76266008,920.10476190,14627.14912723,35317.80198544,21934.28057249,16965.02657534,33930.05315067,16965.02657534,7.77777778,2.42857143,2.48571429,7782.60000000,1243.62771429,1.50000000,0.80000000,80000.00000000,9.81000000,102.00000000,51.00000000,7782.60000000,1243.62771429,9.27777778
619.00000000,864.00000000,0.00000000,0.90777894,35384.90104096,138583.42151358,10214.74107062,861.65714286,11460.15106095,33349.32143012,23004.14694060,17692.45052048,35384.90104096,17692.45052048,7.33333333,2.57142857,2.22857143,7337.88000000,1114.97657143,1.50000000,0.80000000,80000.00000000,9.81000000,102.00000000,51.00000000,7337.88000000,1114.97657143,8.83333333
620.00000000,889.00000000,0.00000000,0.90772113,35948.04492262,132819.47825422,10377.30670646,918.32380952,10333.86329762,29904.20591878,20685.31919258,17974.02246131,35948.04492262,17974.02246131,7.88888889,2.85714286,2.22857143,7893.78000000,1114.97657143,1.50000000,0.80000000,80000.00000000,9.81000000,102.00000000,51.00000000,7893.78000000,1114.97657143,9.38888889
621.00000000,1460.00000000,0.00000000,0.90770690,35214.43009524,138972.45955556,9707.72445626,947.14285714,15315.93492063,35214.43009524,21185.00660317,16814.27198413,33628.54396825,16814.27198413,8.00000000,2.42857143,2.57142857,8004.96000000,1286.51142857,1.50000000,0.80000000,80000.00000000,9.81000000,102.00000000,51.00000000,8004.96000000,1286.51142857,9.50000000
622.00000000,1156.00000000,0.00000000,0.90763365,35438.76889804,140589.85945932,9888.79445162,893.06666667,13889.91033677,35438.76889804,22749.60256128,17127.89441581,34255.78883162,17127.89441581,7.55555556,2.42857143,2.40000000,7560.24000000,1200.74400000,1.50000000,0.80000000,80000.00000000,9.81000000,102.00000000,51.00000000,7560.24000000,1200.74400000,9.05555556
623.00000000,596.00000000,0.00000000,0.90755777,37435.50476600,125176.31109790,10806.69937695,875.58095238,7187.40875372,24638.04621152,18479.84660067,18717.75238300,37435.50476600,18717.75238300,7.55555556,3.00000000,2.05714286,7560.24000000,1029.20914286,1.50000000,0.80000000,80000.00000000,9.81000000,102.00000000,51.00000000,7560.24000000,1029.20914286,9.05555556
624.00000000,442.00000000,1.00000000,0.90754915,38512.49652350,115267.09564093,11117.60011750,825.87619048,4947.65781014,18627.88858268,14666.55620111,19256.24826175,38512.49652350,19256.24826175,7.11111111,3.00000000,1.97142857,7115.52000000,986.32542857,1.50000000,0.80000000,80000.00000000,9.81000000,102.00000000,51.00000000,7115.52000000,986.32542857,8.61111111
625.00000000,1889.00000000,0.00000000,0.90751446,36506.51096465,139403.93078357,9378.44115180,948.92380952,17854.57886002,36506.51096465,20067.09467606,16243.93657071,32487.87314142,16243.93657071,7.88888889,2.14285714,2.82857143,7893.78000000,1415.16257143,1.50000000,0.80000000,80000.00000000,9.81000000,102.00000000,51.00000000,7893.78000000,1415.16257143,9.38888889
626.00000000,1017.00000000,0.00000000,0.90748807,34809.23434636,139659.42095060,10048.56041008,900.02857143,12697.25187870,34441.54598608,22902.15439309,17404.61717318,34809.23434636,17404.61717318,7.66666667,2.57142857,2.31428571,7671.42000000,1157.86028571,1.50000000,0.80000000,80000.00000000,9.81000000,102.00000000,51.00000000,7671.42000000,1157.86028571,9.16666667
627.00000000,1281.00000000,1.00000000,0.90741590,36694.31727721,141946.50905780,9715.97462599,840.77142857,15173.00863949,36694.31727721,22764.93635201,16828.56169727,33657.12339454,16828.56169727,7.00000000,2.14285714,2.48571429,7004.34000000,1243.62771429,1.50000000,0.80000000,80000.00000000,9.81000000,102.00000000,51.00000000,7004.34000000,1243.62771429,8.50000000
628.00000000,724.00000000,0.00000000,0.90739914,36198.09250695,134881.30634982,10449.48922652,857.28571429,9748.00070039,30706.51423939,22030.60639615,18099.04625347,36198.09250695,18099.04625347,7.33333333,2.71428571,2.14285714,7337.88000000,1072.09285714,1.50000000,0.80000000,80000.00000000,9.81000000,102.00000000,51.00000000,7337.88000000,1072.09285714,8.83333333
629.00000000,851.00000000,1.00000000,0.90737918,35200.12236773,140474.68558070,10161.40006226,827.65714286,11829.70840739,34479.73213691,23765.00030094,17600.06118387,35200.12236773,17600.06118387,7.00000000,2.42857143,2.22857143,7004.34000000,1114.97657143,1.50000000,0.80000000,80000.00000000,9.81000000,102.00000000,51.00000000,7004.34000000,1114.97657143,8.50000000
630.00000000,441.00000000,1.00000000,0.90735547,38815.17392801,110809.48295625,11204.97555799,814.54285714,4342.30300111,16096.40483582,12740.42726328,19407.58696401,38815.17392801,19407.58696401,7.00000000,3.00000000,1.97142857,7004.34000000,986.32542857,1.50000000,0.80000000,80000.00000000,9.81000000,102.00000000,51.00000000,7004.34000000,986.32542857,8.50000000
631.00000000,877.00000000,0.00000000,0.90723055,35567.38569657,136715.63739137,10267.41985314,895.65714286,11095.18174971,32232.94471340,22252.73953512,17783.69284829,35567.38569657,17783.69284829,7.66666667,2.71428571,2.22857143,7671.42000000,1114.97657143,1.50000000,0.80000000,80000.00000000,9.81000000,102.00000000,51.00000000,7671.42000000,1114.97657143,9.16666667
632.00000000,711.00000000,1.00000000,0.90715120,36034.98796902,136729.82444636,10402.40500208,823.28571429,10074.20977625,31793.87782559,22791.76090648,18017.49398451,36034.98796902,18017.49398451,7.00000000,2.57142857,2.14285714,7004.34000000,1072.09285714,1.50000000,0.80000000,80000.00000000,9.81000000,102.00000000,51.00000000,7004.34000000,1072.09285714,8.50000000
633.00000000,2179.00000000,1.00000000,0.90713814,36961.30729323,139194.28593985,9204.51367170,957.66666667,19231.11864662,36961.30729323,19231.11864662,15942.68533835,31885.37067669,15942.68533835,7.88888889,2.00000000,3.00000000,7893.78000000,1500.93000000,1.50000000,0.80000000,80000.00000000,9.81000000,102.00000000,51.00000000,7893.78000000,1500.93000000,9.38888889
634.00000000,443.00000000,0.00000000,0.90704009,38222.65299877,119535.70027783,11033.92949899,837.20952381,5527.34485960,21052.03442586,16511.01499483,19111.32649939,38222.65299877,19111.32649939,7.22222222,3.00000000,1.97142857,7226.70000000,986.32542857,1.50000000,0.80000000,80000.00000000,9.81000000,102.00000000,51.00000000,7226.70000000,986.32542857,8.72222222
635.00000000,1447.00000000,0.00000000,0.90702516,36307.94945724,140703.86521206,9641.95948772,913.14285714,15771.56798814,36307.94945724,21822.89289768,16700.36371725,33400.72743450,16700.36371725,7.66666667,2.28571429,2.57142857,7671.42000000,1286.51142857,1.50000000,0.80000000,80000.00000000,9.81000000,102.00000000,51.00000000,7671.42000000,1286.51142857,9.16666667
636.00000000,749.00000000,0.00000000,0.90698761,36739.48245075,128745.55365336,10605.77504142,913.95238095,8665.22081278,27097.24794735,19504.11999172,18369.74122538,36739.48245075,18369.74122538,7.88888889,3.00000000,2.14285714,7893.78000000,1072.09285714,1.50000000,0.80000000,80000.00000000,9.81000000,102.00000000,51.00000000,7893.78000000,1072.09285714,9.38888889
637.00000000,1862.00000000,0.00000000,0.90685692,38075.03840526,141804.25307905,9272.10296262,869.59047619,18591.31144576,38075.03840526,20898.88953093,16059.75342427,32119.50684855,16059.75342427,7.11111111,1.85714286,2.82857143,7115.52000000,1415.16257143,1.50000000,0.80000000,80000.00000000,9.81000000,102.00000000,51.00000000,7115.52000000,1415.16257143,8.61111111
638.00000000,584.00000000,0.00000000,0.90679341,37050.46918520,130092.91928346,10695.54917884,852.91428571,7957.47991531,27481.38588510,20553.11511265,18525.23459260,37050.46918520,18525.23459260,7.33333333,2.85714286,2.05714286,7337.88000000,1029.20914286,1.50000000,0.80000000,80000.00000000,9.81000000,102.00000000,51.00000000,7337.88000000,1029.20914286,8.83333333
639.00000000,1599.00000000,0.00000000,0.90673580,36196.06410937,139952.81396374,9559.66336448,940.18095238,16427.49968358,36196.06410937,21097.95956866,16557.82265053,33115.64530107,16557.82265053,7.88888889,2.28571429,2.65714286,7893.78000000,1329.39514286,1.50000000,0.80000000,80000.00000000,9.81000000,102.00000000,51.00000000,7893.78000000,1329.39514286,9.38888889
640.00000000,571.00000000,1.00000000,0.90672803,36911.39915838,131868.73654907,10655.40312013,818.91428571,8235.61996896,28508.36454473,21301.95371863,18455.69957919,36911.39915838,18455.69957919,7.00000000,2.71428571,2.05714286,7004.34000000,1029.20914286,1.50000000,0.80000000,80000.00000000,9.81000000,102.00000000,51.00000000,7004.34000000,1029.20914286,8.50000000
641.00000000,2014.00000000,1.00000000,0.90671960,38045.17698048,141272.36908177,9197.76264019,896.62857143,19192.12373632,38045.17698048,20311.09952987,15930.99220878,31861.98441755,15930.99220878,7.33333333,1.85714286,2.91428571,7337.88000000,1458.04628571,1.50000000,0.80000000,80000.00000000,9.81000000,102.00000000,51.00000000,7337.88000000,1458.04628571,8.83333333
642.00000000,737.00000000,0.00000000,0.90671949,36360.15971429,133044.54466667,10496.27399941,891.28571429,9423.86628571,29626.06619048,21274.29276190,18180.07985714,36360.15971429,18180.07985714,7.66666667,2.85714286,2.14285714,7671.42000000,1072.09285714,1.50000000,0.80000000,80000.00000000,9.81000000,102.00000000,51.00000000,7671.42000000,1072.09285714,9.16666667
643.00000000,1295.00000000,0.00000000,0.90654177,36433.56577818,141528.40751624,9730.89934068,886.10476190,15069.60718297,36433.56577818,22607.58630949,16854.41206140,33708.82412280,16854.41206140,7.44444444,2.28571429,2.48571429,7449.06000000,1243.62771429,1.50000000,0.80000000,80000.00000000,9.81000000,102.00000000,51.00000000,7449.06000000,1243.62771429,8.94444444
644.00000000,1724.00000000,0.00000000,0.90647999,37642.08634639,141658.29945993,9382.20859717,887.88571429,17742.70980428,37642.08634639,21271.65539926,16250.46197750,32500.92395500,16250.46197750,7.33333333,2.00000000,2.74285714,7337.88000000,1372.27885714,1.50000000,0.80000000,80000.00000000,9.81000000,102.00000000,51.00000000,7337.88000000,1372.27885714,8.83333333
645.00000000,2152.00000000,1.00000000,0.90639855,38576.19736479,141616.62104718,9087.96901951,878.33333333,20038.56368239,38576.19736479,20038.56368239,15740.82407940,31481.64815880,15740.82407940,7.11111111,1.71428571,3.00000000,7115.52000000,1500.93000000,1.50000000,0.80000000,80000.00000000,9.81000000,102.00000000,51.00000000,7115.52000000,1500.93000000,8.61111111
646.00000000,1004.00000000,0.00000000,0.90634056,35583.85413023,141542.11400300,9990.54778797,866.02857143,13099.17511460,35583.85413023,23642.53930134,17304.13636421,34608.27272841,17304.13636421,7.33333333,2.42857143,2.31428571,7337.88000000,1157.86028571,1.50000000,0.80000000,80000.00000000,9.81000000,102.00000000,51.00000000,7337.88000000,1157.86028571,8.83333333
647.00000000,1876.00000000,0.00000000,0.90628751,37572.50354813,141035.22246435,9306.17227204,914.92380952,18355.27234620,37572.50354813,20632.39377336,16118.76319916,32237.52639833,16118.76319916,7.55555556,2.00000000,2.82857143,7560.24000000,1415.16257143,1.50000000,0.80000000,80000.00000000,9.81000000,102.00000000,51.00000000,7560.24000000,1415.16257143,9.05555556
648.00000000,1030.00000000,0.00000000,0.90611765,35007.10611910,137805.67486920,10105.68107071,934.02857143,12301.50833323,33316.80117265,22173.15312513,17503.55305955,35007.10611910,17503.55305955,8.00000000,2.71428571,2.31428571,8004.96000000,1157.86028571,1.50000000,0.80000000,80000.00000000,9.81000000,102.00000000,51.00000000,8004.96000000,1157.86028571,9.50000000
649.00000000,431.00000000,1.00000000,0.90606828,37832.51129693,125281.42352320,10921.30529070,814.54285714,6307.62826329,24315.03775039,18993.73491567,18916.25564846,37832.51129693,18916.25564846,7.00000000,2.85714286,1.97142857,7004.34000000,986.32542857,1.50000000,0.80000000,80000.00000000,9.81000000,102.00000000,51.00000000,7004.34000000,986.32542857,8.50000000
650.00000000,1572.00000000,0.00000000,0.90600150,37709.78836910,142321.05998299,9464.51567924,860.84761905,17086.70218378,37709.78836910,21952.48132818,16393.02202548,32786.04405097,16393.02202548,7.11111111,2.00000000,2.65714286,7115.52000000,1329.39514286,1.50000000,0.80000000,80000.00000000,9.81000000,102.00000000,51.00000000,7115.52000000,1329.39514286,8.61111111
651.00000000,2166.00000000,1.00000000,0.90598092,38006.59202867,140762.21304300,9129.07674378,923.66666667,19753.76101433,38006.59202867,19753.76101433,15812.02474642,31624.04949283,15812.02474642,7.55555556,1.85714286,3.00000000,7560.24000000,1500.93000000,1.50000000,0.80000000,80000.00000000,9.81000000,102.00000000,51.00000000,7560.24000000,1500.93000000,9.05555556
652.00000000,597.00000000,0.00000000,0.90595890,37189.96260805,128311.69557629,10735.81746146,886.91428571,7678.49306961,26451.28060866,19801.99668191,18594.98130403,37189.96260805,18594.98130403,7.66666667,3.00000000,2.05714286,7671.42000000,1029.20914286,1.50000000,0.80000000,80000.00000000,9.81000000,102.00000000,51.00000000,7671.42000000,1029.20914286,9.16666667
653.00000000,444.00000000,0.00000000,0.90591014,37944.90998927,123626.09732684,10953.75199834,848.54285714,6082.83087860,23374.97595986,18278.47050983,18972.45499464,37944.90998927,18972.45499464,7.33333333,3.00000000,1.97142857,7337.88000000,986.32542857,1.50000000,0.80000000,80000.00000000,9.81000000,102.00000000,51.00000000,7337.88000000,986.32542857,8.83333333
654.00000000,865.00000000,0.00000000,0.90579905,35181.12230550,140669.15680592,10155.91521674,872.99047619,11867.70853186,34595.96781175,23843.23585131,17590.56115275,35181.12230550,17590.56115275,7.44444444,2.57142857,2.22857143,7449.06000000,1114.97657143,1.50000000,0.80000000,80000.00000000,9.81000000,102.00000000,51.00000000,7449.06000000,1114.97657143,8.94444444
655.00000000,890.00000000,0.00000000,0.90576102,35747.77366943,134869.31343388,10319.49337549,929.65714286,10734.40580399,31129.39476180,21509.96552923,17873.88683472,35747.77366943,17873.88683472,8.00000000,2.85714286,2.22857143,8004.96000000,1114.97657143,1.50000000,0.80000000,80000.00000000,9.81000000,102.00000000,51.00000000,8004.96000000,1114.97657143,9.50000000
656.00000000,2028.00000000,0.00000000,0.90544986,37501.68342606,140449.13619788,9235.83228339,941.96190476,18928.36951139,37501.68342606,20031.36020039,15996.93076501,31993.86153002,15996.93076501,7.77777778,2.00000000,2.91428571,7782.60000000,1458.04628571,1.50000000,0.80000000,80000.00000000,9.81000000,102.00000000,51.00000000,7782.60000000,1458.04628571,9.27777778
657.00000000,725.00000000,0.00000000,0.90541931,35975.13836033,137408.12001153,10385.12790823,868.61904762,10193.90899363,32192.87521686,23071.05908038,17987.56918016,35975.13836033,17987.56918016,7.44444444,2.71428571,2.14285714,7449.06000000,1072.09285714,1.50000000,0.80000000,80000.00000000,9.81000000,102.00000000,51.00000000,7449.06000000,1072.09285714,8.94444444
658.00000000,1586.00000000,0.00000000,0.90530565,37290.12260425,141664.48612508,9490.89447700,906.18095238,16903.94451199,37290.12260425,21715.57323512,16438.71144343,32877.42288686,16438.71144343,7.55555556,2.14285714,2.65714286,7560.24000000,1329.39514286,1.50000000,0.80000000,80000.00000000,9.81000000,102.00000000,51.00000000,7560.24000000,1329.39514286,9.05555556
659.00000000,1143.00000000,0.00000000,0.90524023,36577.27403929,142439.93031385,9827.17105320,859.06666667,14316.84976473,36577.27403929,23461.16827456,17021.15955882,34042.31911763,17021.15955882,7.22222222,2.28571429,2.40000000,7226.70000000,1200.74400000,1.50000000,0.80000000,80000.00000000,9.81000000,102.00000000,51.00000000,7226.70000000,1200.74400000,8.72222222
660.00000000,712.00000000,0.00000000,0.90522196,35804.93498404,139337.09160941,10335.99442568,834.61904762,10534.31574620,33327.56439209,23865.34150303,17902.46749202,35804.93498404,17902.46749202,7.11111111,2.57142857,2.14285714,7115.52000000,1072.09285714,1.50000000,0.80000000,80000.00000000,9.81000000,102.00000000,51.00000000,7115.52000000,1072.09285714,8.61111111
661.00000000,878.00000000,0.00000000,0.90518407,35369.25470534,138743.56636049,10210.22436258,906.99047619,11491.44373218,33445.04018919,23068.57302844,17684.62735267,35369.25470534,17684.62735267,7.77777778,2.71428571,2.22857143,7782.60000000,1114.97657143,1.50000000,0.80000000,80000.00000000,9.81000000,102.00000000,51.00000000,7782.60000000,1114.97657143,9.27777778
662.00000000,750.00000000,0.00000000,0.90514145,36521.28078493,131218.50586604,10542.78564616,925.28571429,9101.62414443,28551.92571952,20522.39443223,18260.64039246,36521.28078493,18260.64039246,8.00000000,3.00000000,2.14285714,8004.96000000,1072.09285714,1.50000000,0.80000000,80000.00000000,9.81000000,102.00000000,51.00000000,8004.96000000,1072.09285714,9.50000000
663.00000000,1738.00000000,0.00000000,0.90512302,37167.55886211,140924.26475768,9413.24409933,933.21904762,17527.68953796,37167.55886211,21012.14818129,16304.21704408,32608.43408816,16304.21704408,7.77777778,2.14285714,2.74285714,7782.60000000,1372.27885714,1.50000000,0.80000000,80000.00000000,9.81000000,102.00000000,51.00000000,7782.60000000,1372.27885714,9.27777778
664.00000000,585.00000000,0.00000000,0.90488697,36806.72436305,133205.35316637,10625.18610950,864.24761905,8444.96955962,29281.34764871,21865.58723194,18403.36218152,36806.72436305,18403.36218152,7.44444444,2.85714286,2.05714286,7449.06000000,1029.20914286,1.50000000,0.80000000,80000.00000000,9.81000000,102.00000000,51.00000000,7449.06000000,1029.20914286,8.94444444
665.00000000,1170.00000000,0.00000000,0.90487906,35217.65962337,140230.55688797,9900.76234217,938.40000000,13806.99435876,35217.65962337,22611.40926460,17148.62341031,34297.24682062,17148.62341031,8.00000000,2.57142857,2.40000000,8004.96000000,1200.74400000,1.50000000,0.80000000,80000.00000000,9.81000000,102.00000000,51.00000000,8004.96000000,1200.74400000,9.50000000
666.00000000,572.00000000,0.00000000,0.90484015,36659.25908002,135088.37139575,10582.61654907,830.24761905,8739.90012567,30370.32204642,22659.63106361,18329.62954001,36659.25908002,18329.62954001,7.11111111,2.71428571,2.05714286,7115.52000000,1029.20914286,1.50000000,0.80000000,80000.00000000,9.81000000,102.00000000,51.00000000,7115.52000000,1029.20914286,8.61111111
667.00000000,291.00000000,1.00000000,0.90482409,38801.80757551,115815.52053152,11201.11702438,810.17142857,4283.26827755,18634.23183311,15294.40526984,19400.90378776,38801.80757551,19400.90378776,7.00000000,3.00000000,1.88571429,7004.34000000,943.44171429,1.50000000,0.80000000,80000.00000000,9.81000000,102.00000000,51.00000000,7004.34000000,943.44171429,8.50000000
668.00000000,1434.00000000,0.00000000,0.90474413,37423.85090391,142470.70916929,9574.84844599,879.14285714,16236.52692425,37423.85090391,22473.83540824,16584.12398322,33168.24796645,16584.12398322,7.33333333,2.14285714,2.57142857,7337.88000000,1286.51142857,1.50000000,0.80000000,80000.00000000,9.81000000,102.00000000,51.00000000,7337.88000000,1286.51142857,8.83333333
669.00000000,738.00000000,0.00000000,0.90470019,36143.90116546,135495.47488669,10433.84553372,902.61904762,9856.38338337,31067.78984931,22283.49932309,18071.95058273,36143.90116546,18071.95058273,7.77777778,2.85714286,2.14285714,7782.60000000,1072.09285714,1.50000000,0.80000000,80000.00000000,9.81000000,102.00000000,51.00000000,7782.60000000,1072.09285714,9.27777778
670.00000000,1309.00000000,0.00000000,0.90442555,36123.80049997,141031.71491498,9748.62947230,931.43809524,14946.76922782,36123.80049997,22420.65898644,16885.12155019,33770.24310037,16885.12155019,7.88888889,2.42857143,2.48571429,7893.78000000,1243.62771429,1.50000000,0.80000000,80000.00000000,9.81000000,102.00000000,51.00000000,7893.78000000,1243.62771429,9.38888889
671.00000000,432.00000000,0.00000000,0.90439507,37556.32419602,129348.90628200,10841.57694217,825.87619048,6860.00246510,26624.96623069,20751.28919416,18778.16209801,37556.32419602,18778.16209801,7.11111111,2.85714286,1.97142857,7115.52000000,986.32542857,1.50000000,0.80000000,80000.00000000,9.81000000,102.00000000,51.00000000,7115.52000000,986.32542857,8.61111111
672.00000000,445.00000000,0.00000000,0.90424709,37678.58896143,127548.27973680,10876.87173978,859.87619048,6615.47293427,25602.38819268,19973.24068698,18839.29448072,37678.58896143,18839.29448072,7.44444444,3.00000000,1.97142857,7449.06000000,986.32542857,1.50000000,0.80000000,80000.00000000,9.81000000,102.00000000,51.00000000,7449.06000000,986.32542857,8.94444444
673.00000000,1890.00000000,0.00000000,0.90424341,37053.97144019,140241.71120825,9341.32611377,960.25714286,18111.71938641,37053.97144019,20357.41462521,16179.65143911,32359.30287822,16179.65143911,8.00000000,2.14285714,2.82857143,8004.96000000,1415.16257143,1.50000000,0.80000000,80000.00000000,9.81000000,102.00000000,51.00000000,8004.96000000,1415.16257143,9.50000000
674.00000000,852.00000000,0.00000000,0.90413779,35762.80614789,142621.36709907,10100.85528757,838.99047619,12249.17491098,35762.80614789,24628.60780833,17495.19455797,34990.38911594,17495.19455797,7.11111111,2.42857143,2.22857143,7115.52000000,1114.97657143,1.50000000,0.80000000,80000.00000000,9.81000000,102.00000000,51.00000000,7115.52000000,1114.97657143,8.61111111
675.00000000,1018.00000000,0.00000000,0.90411825,35472.37393823,141358.37813099,9996.20935861,911.36190476,13059.95060260,35472.37393823,23570.28362134,17313.94249221,34627.88498441,17313.94249221,7.77777778,2.57142857,2.31428571,7782.60000000,1157.86028571,1.50000000,0.80000000,80000.00000000,9.81000000,102.00000000,51.00000000,7782.60000000,1157.86028571,9.27777778
676.00000000,598.00000000,0.00000000,0.90404124,36954.09610172,131323.52942644,10667.72866599,898.24761905,8150.22608228,28193.06404008,21072.04710065,18477.04805086,36954.09610172,18477.04805086,7.77777778,3.00000000,2.05714286,7782.60000000,1029.20914286,1.50000000,0.80000000,80000.00000000,9.81000000,102.00000000,51.00000000,7782.60000000,1029.20914286,9.27777778
677.00000000,2180.00000000,1.00000000,0.90400741,37430.08866667,139897.45800000,9170.68229018,969.00000000,19465.50933333,37430.08866667,19465.50933333,15884.08766667,31768.17533333,15884.08766667,8.00000000,2.00000000,3.00000000,8004.96000000,1500.93000000,1.50000000,0.80000000,80000.00000000,9.81000000,102.00000000,51.00000000,8004.96000000,1500.93000000,9.50000000
678.00000000,292.00000000,0.00000000,0.90381526,38499.39485124,121124.54391310,11113.81799050,821.50476190,4888.09372609,21591.15624817,17646.50423637,19249.69742562,38499.39485124,19249.69742562,7.11111111,3.00000000,1.88571429,7115.52000000,943.44171429,1.50000000,0.80000000,80000.00000000,9.81000000,102.00000000,51.00000000,7115.52000000,943.44171429,8.61111111
679.00000000,1157.00000000,0.00000000,0.90368699,36357.62391896,142082.99886832,9839.05996471,904.40000000,14234.48096961,36357.62391896,23323.88694935,17041.75175760,34083.50351519,17041.75175760,7.66666667,2.42857143,2.40000000,7671.42000000,1200.74400000,1.50000000,0.80000000,80000.00000000,9.81000000,102.00000000,51.00000000,7671.42000000,1200.74400000,9.16666667
680.00000000,1863.00000000,0.00000000,0.90346616,38663.16978755,142704.27231558,9232.23064380,880.92380952,18867.55497381,38663.16978755,21210.77738517,15990.69254226,31981.38508453,15990.69254226,7.22222222,1.85714286,2.82857143,7226.70000000,1415.16257143,1.50000000,0.80000000,80000.00000000,9.81000000,102.00000000,51.00000000,7226.70000000,1415.16257143,8.72222222
681.00000000,2015.00000000,0.00000000,0.90344459,38572.73593704,142071.46573657,9160.80915459,907.96190476,19448.14499466,38572.73593704,20582.63722810,15866.98689419,31733.97378839,15866.98689419,7.44444444,1.85714286,2.91428571,7449.06000000,1458.04628571,1.50000000,0.80000000,80000.00000000,9.81000000,102.00000000,51.00000000,7449.06000000,1458.04628571,8.94444444
682.00000000,1282.00000000,0.00000000,0.90340396,37571.69819120,143353.34397161,9665.75570161,852.10476190,15520.93555365,37571.69819120,23294.39035183,16741.57996873,33483.15993746,16741.57996873,7.11111111,2.14285714,2.48571429,7115.52000000,1243.62771429,1.50000000,0.80000000,80000.00000000,9.81000000,102.00000000,51.00000000,7115.52000000,1243.62771429,8.61111111
683.00000000,1448.00000000,0.00000000,0.90333580,37035.41977234,141855.69321096,9598.20894790,924.47619048,16074.68061943,37035.41977234,22247.25058148,16624.58555943,33249.17111886,16624.58555943,7.77777778,2.28571429,2.57142857,7782.60000000,1286.51142857,1.50000000,0.80000000,80000.00000000,9.81000000,102.00000000,51.00000000,7782.60000000,1286.51142857,9.27777778
684.00000000,726.00000000,0.00000000,0.90326063,35760.97141784,139835.34535968,10323.30323729,879.95238095,10622.24287860,33620.65483342,24070.50481197,17880.48570892,35760.97141784,17880.48570892,7.55555556,2.71428571,2.14285714,7560.24000000,1072.09285714,1.50000000,0.80000000,80000.00000000,9.81000000,102.00000000,51.00000000,7560.24000000,1072.09285714,9.05555556
685.00000000,1600.00000000,0.00000000,0.90324847,36842.63164727,140964.37930530,9519.02227401,951.51428571,16709.06941782,36842.63164727,21462.95737231,16487.43021697,32974.86043395,16487.43021697,8.00000000,2.28571429,2.65714286,8004.96000000,1329.39514286,1.50000000,0.80000000,80000.00000000,9.81000000,102.00000000,51.00000000,8004.96000000,1329.39514286,9.50000000
686.00000000,2153.00000000,1.00000000,0.90324408,39076.96884485,142367.77826727,9051.82895091,889.66666667,20288.94942242,39076.96884485,20288.94942242,15678.22764439,31356.45528879,15678.22764439,7.22222222,1.71428571,3.00000000,7226.70000000,1500.93000000,1.50000000,0.80000000,80000.00000000,9.81000000,102.00000000,51.00000000,7226.70000000,1500.93000000,8.72222222
687.00000000,2001.00000000,1.00000000,0.90318356,39134.07200160,142921.72477554,9121.48971186,862.62857143,19720.55808481,39134.07200160,20871.56020251,15798.88362165,31597.76724331,15798.88362165,7.00000000,1.71428571,2.91428571,7004.34000000,1458.04628571,1.50000000,0.80000000,80000.00000000,9.81000000,102.00000000,51.00000000,7004.34000000,1458.04628571,8.50000000
688.00000000,713.00000000,0.00000000,0.90310908,35584.19779724,141838.77972657,10272.27308857,845.95238095,10975.79011982,34799.14563748,24895.44837481,17792.09889862,35584.19779724,17792.09889862,7.22222222,2.57142857,2.14285714,7226.70000000,1072.09285714,1.50000000,0.80000000,80000.00000000,9.81000000,102.00000000,51.00000000,7226.70000000,1072.09285714,8.72222222
689.00000000,991.00000000,1.00000000,0.90308488,36745.34062401,143456.41581682,9931.56118493,832.02857143,13507.84628834,36745.34062401,24395.35462138,17201.96857077,34403.93714154,17201.96857077,7.00000000,2.28571429,2.31428571,7004.34000000,1157.86028571,1.50000000,0.80000000,80000.00000000,9.81000000,102.00000000,51.00000000,7004.34000000,1157.86028571,8.50000000
690.00000000,879.00000000,0.00000000,0.90302099,35178.64562582,140694.50635085,10155.20026090,918.32380952,11872.66189122,34611.11926389,23853.43394410,17589.32281291,35178.64562582,17589.32281291,7.88888889,2.71428571,2.22857143,7893.78000000,1114.97657143,1.50000000,0.80000000,80000.00000000,9.81000000,102.00000000,51.00000000,7893.78000000,1114.97657143,9.38888889
691.00000000,1725.00000000,0.00000000,0.90294846,38263.84424225,142620.08120509,9341.54379026,899.21904762,18024.44385084,38263.84424225,21611.67924855,16180.02846586,32360.05693172,16180.02846586,7.44444444,2.00000000,2.74285714,7449.06000000,1372.27885714,1.50000000,0.80000000,80000.00000000,9.81000000,102.00000000,51.00000000,7449.06000000,1372.27885714,8.94444444
692.00000000,1877.00000000,0.00000000,0.90290195,38128.99702379,141886.82611649,9268.44484251,926.25714286,18616.65564537,38128.99702379,20927.50394984,16053.41737437,32106.83474874,16053.41737437,7.66666667,2.00000000,2.82857143,7671.42000000,1415.16257143,1.50000000,0.80000000,80000.00000000,9.81000000,102.00000000,51.00000000,7671.42000000,1415.16257143,9.16666667
693.00000000,1711.00000000,1.00000000,0.90284345,38752.50142859,143375.97279021,9309.58416376,853.88571429,18245.86663840,38752.50142859,21878.91364733,16124.67276897,32249.34553794,16124.67276897,7.00000000,1.85714286,2.74285714,7004.34000000,1372.27885714,1.50000000,0.80000000,80000.00000000,9.81000000,102.00000000,51.00000000,7004.34000000,1372.27885714,8.50000000
694.00000000,2167.00000000,1.00000000,0.90279764,38481.84016287,141475.08524430,9094.77866400,935.00000000,19991.38508143,38481.84016287,19991.38508143,15752.61872964,31505.23745928,15752.61872964,7.66666667,1.85714286,3.00000000,7671.42000000,1500.93000000,1.50000000,0.80000000,80000.00000000,9.81000000,102.00000000,51.00000000,7671.42000000,1500.93000000,9.16666667
695.00000000,586.00000000,0.00000000,0.90270521,36572.71464335,136193.47727941,10557.63332217,875.58095238,8912.98899901,31009.41942492,23125.63956877,18286.35732168,36572.71464335,18286.35732168,7.55555556,2.85714286,2.05714286,7560.24000000,1029.20914286,1.50000000,0.80000000,80000.00000000,9.81000000,102.00000000,51.00000000,7560.24000000,1029.20914286,9.05555556
696.00000000,573.00000000,0.00000000,0.90266742,36417.47327141,138175.79018266,10512.81899823,841.58095238,9223.47174289,32155.81724849,23961.55464845,18208.73663570,36417.47327141,18208.73663570,7.22222222,2.71428571,2.05714286,7226.70000000,1029.20914286,1.50000000,0.80000000,80000.00000000,9.81000000,102.00000000,51.00000000,7226.70000000,1029.20914286,8.72222222
697.00000000,1296.00000000,0.00000000,0.90258132,37257.73390986,142849.91848601,9683.72617287,897.43809524,15396.43247657,37257.73390986,23104.92914758,16772.70573800,33545.41147600,16772.70573800,7.55555556,2.28571429,2.48571429,7560.24000000,1243.62771429,1.50000000,0.80000000,80000.00000000,9.81000000,102.00000000,51.00000000,7560.24000000,1243.62771429,9.05555556
698.00000000,739.00000000,0.00000000,0.90250892,35935.94577504,137852.30264480,10373.81398340,913.95238095,10272.29416421,32454.15911879,23253.95781172,17967.97288752,35935.94577504,17967.97288752,7.88888889,2.85714286,2.14285714,7893.78000000,1072.09285714,1.50000000,0.80000000,80000.00000000,9.81000000,102.00000000,51.00000000,7893.78000000,1072.09285714,9.38888889
699.00000000,866.00000000,0.00000000,0.90230068,35794.06190613,142673.66038690,10099.38041330,884.32380952,12259.39313964,35794.06190613,24649.64533791,17492.64000080,34985.28000161,17492.64000080,7.55555556,2.57142857,2.22857143,7560.24000000,1114.97657143,1.50000000,0.80000000,80000.00000000,9.81000000,102.00000000,51.00000000,7560.24000000,1114.97657143,9.05555556
700.00000000,1573.00000000,0.00000000,0.90228100,38408.20320982,143413.74126605,9420.61563933,872.18095238,17390.85058216,38408.20320982,22346.74777052,16316.98492589,32633.96985178,16316.98492589,7.22222222,2.00000000,2.65714286,7226.70000000,1329.39514286,1.50000000,0.80000000,80000.00000000,9.81000000,102.00000000,51.00000000,7226.70000000,1329.39514286,8.72222222
701.00000000,433.00000000,0.00000000,0.90225529,37291.65468486,133246.76635538,10765.17343542,837.20952381,7389.34148742,28838.56577854,22435.54971970,18645.82734243,37291.65468486,18645.82734243,7.22222222,2.85714286,1.97142857,7226.70000000,986.32542857,1.50000000,0.80000000,80000.00000000,9.81000000,102.00000000,51.00000000,7226.70000000,986.32542857,8.72222222
702.00000000,2029.00000000,0.00000000,0.90217945,38002.10185763,141207.12293982,9200.77988767,953.29523810,19171.21963259,38002.10185763,20288.92851076,15936.21823471,31872.43646942,15936.21823471,7.88888889,2.00000000,2.91428571,7893.78000000,1458.04628571,1.50000000,0.80000000,80000.00000000,9.81000000,102.00000000,51.00000000,7893.78000000,1458.04628571,9.38888889
703.00000000,446.00000000,0.00000000,0.90213858,37423.06118233,131311.50702913,10803.10722376,871.20952381,7126.52849249,27739.52961795,21599.32655403,18711.53059116,37423.06118233,18711.53059116,7.55555556,3.00000000,1.97142857,7560.24000000,986.32542857,1.50000000,0.80000000,80000.00000000,9.81000000,102.00000000,51.00000000,7560.24000000,986.32542857,9.05555556
704.00000000,293.00000000,0.00000000,0.90199377,38209.80572792,126208.44185592,11030.22081135,832.83809524,5467.27197274,24422.69434290,19898.86408445,19104.90286396,38209.80572792,19104.90286396,7.22222222,3.00000000,1.88571429,7226.70000000,943.44171429,1.50000000,0.80000000,80000.00000000,9.81000000,102.00000000,51.00000000,7226.70000000,943.44171429,8.72222222
705.00000000,1005.00000000,0.00000000,0.90196747,36641.50173875,143285.27395038,9936.83468844,877.36190476,13471.31038427,36641.50173875,24328.05164020,17211.10254679,34422.20509358,17211.10254679,7.44444444,2.42857143,2.31428571,7449.06000000,1157.86028571,1.50000000,0.80000000,80000.00000000,9.81000000,102.00000000,51.00000000,7449.06000000,1157.86028571,8.94444444
706.00000000,599.00000000,0.00000000,0.90186046,36727.40043038,134218.25876810,10602.28726256,909.58095238,8603.61742495,29867.12438224,22292.71610014,18363.70021519,36727.40043038,18363.70021519,7.88888889,3.00000000,2.05714286,7893.78000000,1029.20914286,1.50000000,0.80000000,80000.00000000,9.81000000,102.00000000,51.00000000,7893.78000000,1029.20914286,9.38888889
707.00000000,1739.00000000,0.00000000,0.90163055,37755.66535627,141833.99199084,9374.78019371,944.55238095,17794.17529313,37755.66535627,21333.76892028,16237.59560529,32475.19121058,16237.59560529,7.88888889,2.14285714,2.74285714,7893.78000000,1372.27885714,1.50000000,0.80000000,80000.00000000,9.81000000,102.00000000,51.00000000,7893.78000000,1372.27885714,9.38888889
708.00000000,1587.00000000,0.00000000,0.90162763,37949.03307471,142695.36218370,9449.47755074,917.51428571,17190.88939429,37949.03307471,22087.53882328,16366.97522286,32733.95044571,16366.97522286,7.66666667,2.14285714,2.65714286,7671.42000000,1329.39514286,1.50000000,0.80000000,80000.00000000,9.81000000,102.00000000,51.00000000,7671.42000000,1329.39514286,9.16666667
709.00000000,727.00000000,0.00000000,0.90095880,35555.13772799,142168.12717800,10263.88416917,891.28571429,11033.91025830,34992.87943244,25031.06203128,17777.56886400,35555.13772799,17777.56886400,7.66666667,2.71428571,2.14285714,7671.42000000,1072.09285714,1.50000000,0.80000000,80000.00000000,9.81000000,102.00000000,51.00000000,7671.42000000,1072.09285714,9.16666667
710.00000000,1144.00000000,0.00000000,0.90091052,37518.63282812,143969.63834570,9776.21851413,870.40000000,14669.85931055,37518.63282812,24049.51751758,16932.90717236,33865.81434473,16932.90717236,7.33333333,2.28571429,2.40000000,7337.88000000,1200.74400000,1.50000000,0.80000000,80000.00000000,9.81000000,102.00000000,51.00000000,7337.88000000,1200.74400000,8.83333333
711.00000000,1421.00000000,1.00000000,0.90087460,38564.10209105,144276.10688226,9506.27299496,845.14285714,16711.63158556,38564.10209105,23138.98193407,16465.34781790,32930.69563579,16465.34781790,7.00000000,2.00000000,2.57142857,7004.34000000,1286.51142857,1.50000000,0.80000000,80000.00000000,9.81000000,102.00000000,51.00000000,7004.34000000,1286.51142857,8.50000000
712.00000000,1435.00000000,0.00000000,0.90082310,38166.54130222,143646.63563327,9530.18256043,890.47619048,16545.98125688,38166.54130222,22907.07147391,16506.76040007,33013.52080013,16506.76040007,7.44444444,2.14285714,2.57142857,7449.06000000,1286.51142857,1.50000000,0.80000000,80000.00000000,9.81000000,102.00000000,51.00000000,7449.06000000,1286.51142857,8.94444444
713.00000000,1310.00000000,0.00000000,0.90055370,36900.06490026,142276.41472923,9704.19818527,942.77142857,15254.59821414,36900.06490026,22889.09440040,16808.16430361,33616.32860722,16808.16430361,8.00000000,2.42857143,2.48571429,8004.96000000,1243.62771429,1.50000000,0.80000000,80000.00000000,9.81000000,102.00000000,51.00000000,8004.96000000,1243.62771429,9.50000000
714.00000000,587.00000000,0.00000000,0.90030193,36347.92571881,139063.85893119,10492.74234912,886.91428571,9362.56684809,32669.39917535,24336.04147012,18173.96285941,36347.92571881,18173.96285941,7.66666667,2.85714286,2.05714286,7671.42000000,1029.20914286,1.50000000,0.80000000,80000.00000000,9.81000000,102.00000000,51.00000000,7671.42000000,1029.20914286,9.16666667
715.00000000,574.00000000,0.00000000,0.90026678,36185.47768671,141138.19534107,10445.84764159,852.91428571,9687.46291228,33869.01541239,25210.76164296,18092.73884336,36185.47768671,18092.73884336,7.33333333,2.71428571,2.05714286,7337.88000000,1029.20914286,1.50000000,0.80000000,80000.00000000,9.81000000,102.00000000,51.00000000,7337.88000000,1029.20914286,8.83333333
716.00000000,740.00000000,0.00000000,0.90017948,35735.87689708,140119.74992832,10316.05907313,925.28571429,10672.43192012,33787.95163851,24187.61257552,17867.93844854,35735.87689708,17867.93844854,8.00000000,2.85714286,2.14285714,8004.96000000,1072.09285714,1.50000000,0.80000000,80000.00000000,9.81000000,102.00000000,51.00000000,8004.96000000,1072.09285714,9.50000000
717.00000000,2016.00000000,0.00000000,0.90011833,39080.47237395,142840.53710424,9125.24416061,919.29523810,19694.54650080,39080.47237395,20843.97215886,15805.38651766,31610.77303531,15805.38651766,7.55555556,1.85714286,2.91428571,7560.24000000,1458.04628571,1.50000000,0.80000000,80000.00000000,9.81000000,102.00000000,51.00000000,7560.24000000,1458.04628571,9.05555556
718.00000000,2154.00000000,1.00000000,0.90004760,39558.63816054,143090.28224080,9017.06746227,901.00000000,20529.78408027,39558.63816054,20529.78408027,15618.01897993,31236.03795987,15618.01897993,7.33333333,1.71428571,3.00000000,7337.88000000,1500.93000000,1.50000000,0.80000000,80000.00000000,9.81000000,102.00000000,51.00000000,7337.88000000,1500.93000000,8.83333333
719.00000000,1864.00000000,0.00000000,0.90000429,39228.79655096,143569.85266565,9193.88402378,892.25714286,19133.22815056,39228.79655096,21510.73097183,15924.27424807,31848.54849615,15924.27424807,7.33333333,1.85714286,2.82857143,7337.88000000,1415.16257143,1.50000000,0.80000000,80000.00000000,9.81000000,102.00000000,51.00000000,7337.88000000,1415.16257143,8.83333333
720.00000000,2002.00000000,1.00000000,0.89987679,39669.73108279,143733.09073675,9083.96884353,873.96190476,19980.51028598,39669.73108279,21147.26708253,15733.89557136,31467.79114273,15733.89557136,7.11111111,1.71428571,2.91428571,7115.52000000,1458.04628571,1.50000000,0.80000000,80000.00000000,9.81000000,102.00000000,51.00000000,7115.52000000,1458.04628571,8.61111111
721.00000000,1019.00000000,0.00000000,0.89981882,36464.45104480,142993.46817702,9945.82628589,922.69523810,13409.01476973,36464.45104480,24213.29656079,17226.67645042,34453.35290085,17226.67645042,7.88888889,2.57142857,2.31428571,7893.78000000,1157.86028571,1.50000000,0.80000000,80000.00000000,9.81000000,102.00000000,51.00000000,7893.78000000,1157.86028571,9.38888889
722.00000000,434.00000000,0.00000000,0.89973835,37037.86034809,136984.46476964,10691.90932109,848.54285714,7896.93016096,30961.20932244,24050.60459006,18518.93017405,37037.86034809,18518.93017405,7.33333333,2.85714286,1.97142857,7337.88000000,986.32542857,1.50000000,0.80000000,80000.00000000,9.81000000,102.00000000,51.00000000,7337.88000000,986.32542857,8.83333333
723.00000000,447.00000000,0.00000000,0.89966733,37177.74323309,134924.37137235,10732.29003174,882.54285714,7617.16439095,29791.27973880,23160.44077641,18588.87161655,37177.74323309,18588.87161655,7.66666667,3.00000000,1.97142857,7671.42000000,986.32542857,1.50000000,0.80000000,80000.00000000,9.81000000,102.00000000,51.00000000,7671.42000000,986.32542857,9.16666667
724.00000000,2168.00000000,1.00000000,0.89957881,38939.52681283,142161.61521925,9061.74797518,946.33333333,20220.22840642,38939.52681283,20220.22840642,15695.40789840,31390.81579679,15695.40789840,7.77777778,1.85714286,3.00000000,7782.60000000,1500.93000000,1.50000000,0.80000000,80000.00000000,9.81000000,102.00000000,51.00000000,7782.60000000,1500.93000000,9.27777778
725.00000000,880.00000000,0.00000000,0.89951642,35733.44239229,142572.23927720,10102.24088337,929.65714286,12239.57522165,35733.44239229,24608.84374206,17497.59448030,34995.18896060,17497.59448030,8.00000000,2.71428571,2.22857143,8004.96000000,1114.97657143,1.50000000,0.80000000,80000.00000000,9.81000000,102.00000000,51.00000000,8004.96000000,1114.97657143,9.50000000
726.00000000,294.00000000,0.00000000,0.89949859,37932.30742834,131080.07867076,10950.11395237,844.17142857,6022.26857190,27136.01104990,22057.18419229,18966.15371417,37932.30742834,18966.15371417,7.33333333,3.00000000,1.88571429,7337.88000000,943.44171429,1.50000000,0.80000000,80000.00000000,9.81000000,102.00000000,51.00000000,7337.88000000,943.44171429,8.83333333
727.00000000,141.00000000,1.00000000,0.89949596,38788.77538182,123757.54360000,11197.35495411,805.80000000,4223.56523636,22639.71741818,19316.71018182,19394.38769091,38788.77538182,19394.38769091,7.00000000,3.00000000,1.80000000,7004.34000000,900.55800000,1.50000000,0.80000000,80000.00000000,9.81000000,102.00000000,51.00000000,7004.34000000,900.55800000,8.50000000
728.00000000,1449.00000000,0.00000000,0.89949346,37735.95733121,142964.87767917,9556.07816163,935.80952381,16366.57126895,37735.95733121,22655.89749082,16551.61289705,33103.22579409,16551.61289705,7.88888889,2.28571429,2.57142857,7893.78000000,1286.51142857,1.50000000,0.80000000,80000.00000000,9.81000000,102.00000000,51.00000000,7893.78000000,1286.51142857,9.38888889
729.00000000,600.00000000,0.00000000,0.89946668,36509.40529482,137001.88896066,10539.35748746,920.91428571,9039.60769608,31476.93461408,23466.53606086,18254.70264741,36509.40529482,18254.70264741,8.00000000,3.00000000,2.05714286,8004.96000000,1029.20914286,1.50000000,0.80000000,80000.00000000,9.81000000,102.00000000,51.00000000,8004.96000000,1029.20914286,9.50000000
730.00000000,1878.00000000,0.00000000,0.89945484,38664.88450315,142706.89635005,9232.11439480,937.59047619,18868.36037052,38664.88450315,21211.68670405,15990.49119308,31980.98238617,15990.49119308,7.77777778,2.00000000,2.82857143,7782.60000000,1415.16257143,1.50000000,0.80000000,80000.00000000,9.81000000,102.00000000,51.00000000,7782.60000000,1415.16257143,9.27777778
731.00000000,1158.00000000,0.00000000,0.89944714,37241.85708521,143519.87776346,9791.19944066,915.73333333,14566.06840695,37241.85708521,23876.53267825,16958.85489826,33917.70979652,16958.85489826,7.77777778,2.42857143,2.40000000,7782.60000000,1200.74400000,1.50000000,0.80000000,80000.00000000,9.81000000,102.00000000,51.00000000,7782.60000000,1200.74400000,9.27777778
732.00000000,561.00000000,1.00000000,0.89935838,36021.96785336,143226.09013626,10398.64641844,818.91428571,10014.48257900,35076.47264335,26091.19920720,18010.98392668,36021.96785336,18010.98392668,7.00000000,2.57142857,2.05714286,7004.34000000,1029.20914286,1.50000000,0.80000000,80000.00000000,9.81000000,102.00000000,51.00000000,7004.34000000,1029.20914286,8.50000000
733.00000000,1726.00000000,0.00000000,0.89933334,38862.15523180,143545.59351705,9302.41248043,910.55238095,18295.55351798,38862.15523180,21938.88057096,16112.25104908,32224.50209815,16112.25104908,7.55555556,2.00000000,2.74285714,7560.24000000,1372.27885714,1.50000000,0.80000000,80000.00000000,9.81000000,102.00000000,51.00000000,7560.24000000,1372.27885714,9.05555556
734.00000000,714.00000000,0.00000000,0.89926408,36211.92754843,144240.50897519,10211.09783732,857.28571429,11399.62469310,36211.92754843,25884.39571248,17686.14025530,35372.28051059,17686.14025530,7.33333333,2.57142857,2.14285714,7337.88000000,1072.09285714,1.50000000,0.80000000,80000.00000000,9.81000000,102.00000000,51.00000000,7337.88000000,1072.09285714,8.83333333
735.00000000,1712.00000000,0.00000000,0.89920724,39385.63607440,144355.35294545,9268.17528373,865.21904762,18532.75577479,39385.63607440,22225.15915676,16052.95048487,32105.90096975,16052.95048487,7.11111111,1.85714286,2.74285714,7115.52000000,1372.27885714,1.50000000,0.80000000,80000.00000000,9.81000000,102.00000000,51.00000000,7115.52000000,1372.27885714,8.61111111
736.00000000,1283.00000000,0.00000000,0.89916003,38414.71022343,144705.07016121,9617.50395960,863.43809524,15855.23342850,38414.71022343,23803.10450921,16658.00550002,33316.01100003,16658.00550002,7.22222222,2.14285714,2.48571429,7226.70000000,1243.62771429,1.50000000,0.80000000,80000.00000000,9.81000000,102.00000000,51.00000000,7226.70000000,1243.62771429,8.72222222
737.00000000,853.00000000,0.00000000,0.89915595,36994.57222405,144682.20649574,10042.73159485,850.32380952,12651.86766665,36994.57222405,25457.68112883,17394.52136905,34789.04273810,17394.52136905,7.22222222,2.42857143,2.22857143,7226.70000000,1114.97657143,1.50000000,0.80000000,80000.00000000,9.81000000,102.00000000,51.00000000,7226.70000000,1114.97657143,8.72222222
738.00000000,421.00000000,1.00000000,0.89895847,36898.37521552,139038.70035844,10651.64343167,814.54285714,8175.90042610,32127.81224941,24938.23725188,18449.18760776,36898.37521552,18449.18760776,7.00000000,2.71428571,1.97142857,7004.34000000,986.32542857,1.50000000,0.80000000,80000.00000000,9.81000000,102.00000000,51.00000000,7004.34000000,986.32542857,8.50000000
739.00000000,281.00000000,1.00000000,0.89891500,37819.48333309,133060.76834286,10917.54444149,810.17142857,6247.91676239,28239.17998119,22934.70493309,18909.74166655,37819.48333309,18909.74166655,7.00000000,2.85714286,1.88571429,7004.34000000,943.44171429,1.50000000,0.80000000,80000.00000000,9.81000000,102.00000000,51.00000000,7004.34000000,943.44171429,8.50000000
740.00000000,2030.00000000,0.00000000,0.89886497,38484.29902928,141937.50983217,9167.00382148,964.62857143,19405.22708354,38484.29902928,20537.11823146,15877.71637197,31755.43274395,15877.71637197,8.00000000,2.00000000,2.91428571,8004.96000000,1458.04628571,1.50000000,0.80000000,80000.00000000,9.81000000,102.00000000,51.00000000,8004.96000000,1458.04628571,9.50000000
741.00000000,1574.00000000,0.00000000,0.89844901,39079.75411715,144464.39349203,9378.40417714,883.51428571,17683.30017083,39079.75411715,22725.84908917,16243.87252872,32487.74505744,16243.87252872,7.33333333,2.00000000,2.65714286,7337.88000000,1329.39514286,1.50000000,0.80000000,80000.00000000,9.81000000,102.00000000,51.00000000,7337.88000000,1329.39514286,8.83333333
742.00000000,1297.00000000,0.00000000,0.89842313,38050.75804491,144121.49166807,9638.33560369,908.77142857,15710.90756461,38050.75804491,23583.47819459,16694.08696599,33388.17393198,16694.08696599,7.66666667,2.28571429,2.48571429,7671.42000000,1243.62771429,1.50000000,0.80000000,80000.00000000,9.81000000,102.00000000,51.00000000,7671.42000000,1243.62771429,9.16666667
743.00000000,992.00000000,0.00000000,0.89824620,37831.08624099,145245.88544481,9876.42111566,843.36190476,13889.86789432,37831.08624099,25099.07863239,17106.46316928,34212.92633856,17106.46316928,7.11111111,2.28571429,2.31428571,7115.52000000,1157.86028571,1.50000000,0.80000000,80000.00000000,9.81000000,102.00000000,51.00000000,7115.52000000,1157.86028571,8.61111111
744.00000000,1740.00000000,0.00000000,0.89806548,38322.30252955,142710.50886826,9337.72044522,955.88571429,18050.93276227,38322.30252955,21643.64862442,16173.40623800,32346.81247601,16173.40623800,8.00000000,2.14285714,2.74285714,8004.96000000,1372.27885714,1.50000000,0.80000000,80000.00000000,9.81000000,102.00000000,51.00000000,8004.96000000,1372.27885714,9.50000000
745.00000000,1588.00000000,0.00000000,0.89785318,38583.44552038,143687.91068741,9409.60048904,928.84761905,17467.16578192,38583.44552038,22445.67488132,16297.90612595,32595.81225190,16297.90612595,7.77777778,2.14285714,2.65714286,7782.60000000,1329.39514286,1.50000000,0.80000000,80000.00000000,9.81000000,102.00000000,51.00000000,7782.60000000,1329.39514286,9.27777778
746.00000000,588.00000000,0.00000000,0.89772422,36131.87888314,141822.61083292,10430.37499975,898.24761905,9794.66051944,34264.82196190,25499.37058531,18065.93944157,36131.87888314,18065.93944157,7.77777778,2.85714286,2.05714286,7782.60000000,1029.20914286,1.50000000,0.80000000,80000.00000000,9.81000000,102.00000000,51.00000000,7782.60000000,1029.20914286,9.27777778
747.00000000,575.00000000,0.00000000,0.89768785,35962.74851778,143982.27549824,10381.55126877,864.24761905,10132.92125015,35513.78465991,26410.07255261,17981.37425889,35962.74851778,17981.37425889,7.44444444,2.71428571,2.05714286,7449.06000000,1029.20914286,1.50000000,0.80000000,80000.00000000,9.81000000,102.00000000,51.00000000,7449.06000000,1029.20914286,8.94444444
748.00000000,867.00000000,0.00000000,0.89737437,36946.05761946,144601.03783037,10045.02086716,895.65714286,12636.00712285,36946.05761946,25425.02706805,17398.48650500,34796.97301001,17398.48650500,7.66666667,2.57142857,2.22857143,7671.42000000,1114.97657143,1.50000000,0.80000000,80000.00000000,9.81000000,102.00000000,51.00000000,7671.42000000,1114.97657143,9.16666667
749.00000000,1006.00000000,0.00000000,0.89721626,37658.38536318,144961.24881285,9885.19180579,888.69523810,13829.10277064,37658.38536318,24987.14287825,17121.65445020,34243.30890039,17121.65445020,7.55555556,2.42857143,2.31428571,7560.24000000,1157.86028571,1.50000000,0.80000000,80000.00000000,9.81000000,102.00000000,51.00000000,7560.24000000,1157.86028571,9.05555556
750.00000000,435.00000000,0.00000000,0.89692473,36794.34567420,140570.77178510,10621.61268983,859.87619048,8383.95950874,32997.87750406,25600.24342390,18397.17283710,36794.34567420,18397.17283710,7.44444444,2.85714286,1.97142857,7449.06000000,986.32542857,1.50000000,0.80000000,80000.00000000,9.81000000,102.00000000,51.00000000,7449.06000000,986.32542857,8.94444444
751.00000000,448.00000000,0.00000000,0.89690818,36942.09299888,138394.85663987,10664.26366867,893.87619048,8088.46485938,31762.17260677,24660.03317596,18471.04649944,36942.09299888,18471.04649944,7.77777778,3.00000000,1.97142857,7782.60000000,986.32542857,1.50000000,0.80000000,80000.00000000,9.81000000,102.00000000,51.00000000,7782.60000000,986.32542857,9.27777778
752.00000000,2155.00000000,1.00000000,0.89682590,40022.08598244,143785.45397366,8983.62099668,912.33333333,20761.50799122,40022.08598244,20761.50799122,15560.08800220,31120.17600439,15560.08800220,7.44444444,1.71428571,3.00000000,7449.06000000,1500.93000000,1.50000000,0.80000000,80000.00000000,9.81000000,102.00000000,51.00000000,7449.06000000,1500.93000000,8.94444444
753.00000000,1436.00000000,0.00000000,0.89677576,38881.06754535,144777.96885157,9487.21048555,901.80952381,16843.70052485,38881.06754535,23323.87844907,16432.33058307,32864.66116615,16432.33058307,7.55555556,2.14285714,2.57142857,7560.24000000,1286.51142857,1.50000000,0.80000000,80000.00000000,9.81000000,102.00000000,51.00000000,7560.24000000,1286.51142857,9.05555556
754.00000000,2017.00000000,0.00000000,0.89676022,39569.29024975,143580.95241611,9091.00433943,930.62857143,19931.76694053,39569.29024975,21095.56959493,15746.08140772,31492.16281545,15746.08140772,7.66666667,1.85714286,2.91428571,7671.42000000,1458.04628571,1.50000000,0.80000000,80000.00000000,9.81000000,102.00000000,51.00000000,7671.42000000,1458.04628571,9.16666667
755.00000000,1422.00000000,0.00000000,0.89675903,39322.48036083,145476.87247608,9460.66363057,856.47619048,17027.62253130,39322.48036083,23581.36925810,16386.35008146,32772.70016292,16386.35008146,7.11111111,2.00000000,2.57142857,7115.52000000,1286.51142857,1.50000000,0.80000000,80000.00000000,9.81000000,102.00000000,51.00000000,7115.52000000,1286.51142857,8.61111111
756.00000000,728.00000000,0.00000000,0.89674562,36312.37042955,144411.26187309,10206.74853299,902.61904762,11429.75755744,36312.37042955,25954.70572926,17678.60703921,35357.21407842,17678.60703921,7.77777778,2.71428571,2.14285714,7782.60000000,1072.09285714,1.50000000,0.80000000,80000.00000000,9.81000000,102.00000000,51.00000000,7782.60000000,1072.09285714,9.27777778
757.00000000,1131.00000000,1.00000000,0.89658480,38702.57800150,145893.54925243,9712.13560183,836.40000000,15113.83875056,38702.57800150,24789.48325094,16821.91231236,33643.82462472,16821.91231236,7.00000000,2.14285714,2.40000000,7004.34000000,1200.74400000,1.50000000,0.80000000,80000.00000000,9.81000000,102.00000000,51.00000000,7004.34000000,1200.74400000,8.50000000
758.00000000,2003.00000000,1.00000000,0.89653228,40184.77201130,144513.22626081,9047.89219787,885.29523810,20230.45661893,40184.77201130,21412.36167808,15671.40898812,31342.81797625,15671.40898812,7.22222222,1.71428571,2.91428571,7226.70000000,1458.04628571,1.50000000,0.80000000,80000.00000000,9.81000000,102.00000000,51.00000000,7226.70000000,1458.04628571,8.72222222
759.00000000,1865.00000000,0.00000000,0.89649641,39772.97714342,144402.61387531,9156.99134515,903.59047619,19388.82812580,39772.97714342,21799.31158904,15860.37425426,31720.74850853,15860.37425426,7.44444444,1.85714286,2.82857143,7449.06000000,1415.16257143,1.50000000,0.80000000,80000.00000000,9.81000000,102.00000000,51.00000000,7449.06000000,1415.16257143,8.94444444
760.00000000,295.00000000,0.00000000,0.89646516,37666.22196239,135751.35685078,10873.30169467,855.50476190,6554.43950380,29737.73560586,24126.73781635,18833.11098119,37666.22196239,18833.11098119,7.44444444,3.00000000,1.88571429,7449.06000000,943.44171429,1.50000000,0.80000000,80000.00000000,9.81000000,102.00000000,51.00000000,7449.06000000,943.44171429,8.94444444
761.00000000,2169.00000000,1.00000000,0.89633943,39380.42919916,142822.96879874,9029.92858625,957.66666667,20440.67959958,39380.42919916,20440.67959958,15640.29510011,31280.59020021,15640.29510011,7.88888889,1.85714286,3.00000000,7893.78000000,1500.93000000,1.50000000,0.80000000,80000.00000000,9.81000000,102.00000000,51.00000000,7893.78000000,1500.93000000,9.38888889
762.00000000,1145.00000000,0.00000000,0.89632600,38423.62836774,145440.25609758,9727.23419365,881.73333333,15009.23263790,38423.62836774,24615.13972984,16848.06384052,33696.12768105,16848.06384052,7.44444444,2.28571429,2.40000000,7449.06000000,1200.74400000,1.50000000,0.80000000,80000.00000000,9.81000000,102.00000000,51.00000000,7449.06000000,1200.74400000,8.94444444
763.00000000,142.00000000,0.00000000,0.89629216,38486.62072079,130404.94614257,11110.13041667,817.13333333,4827.87455842,26265.57335050,22338.25679208,19243.31036040,38486.62072079,19243.31036040,7.11111111,3.00000000,1.80000000,7115.52000000,900.55800000,1.50000000,0.80000000,80000.00000000,9.81000000,102.00000000,51.00000000,7115.52000000,900.55800000,8.61111111
764.00000000,422.00000000,0.00000000,0.89610114,36646.48054120,142748.42192565,10578.92770266,825.87619048,8679.68977474,34234.56770734,26541.20336117,18323.24027060,36646.48054120,18323.24027060,7.11111111,2.71428571,1.97142857,7115.52000000,986.32542857,1.50000000,0.80000000,80000.00000000,9.81000000,102.00000000,51.00000000,7115.52000000,986.32542857,8.61111111
765.00000000,1879.00000000,0.00000000,0.89596831,39181.09558002,143496.85572527,9197.11790719,948.92380952,19110.82314906,39181.09558002,21485.43500239,15929.87549845,31859.75099690,15929.87549845,7.88888889,2.00000000,2.82857143,7893.78000000,1415.16257143,1.50000000,0.80000000,80000.00000000,9.81000000,102.00000000,51.00000000,7893.78000000,1415.16257143,9.38888889
766.00000000,2141.00000000,1.00000000,0.89578595,40662.54835052,144746.14752577,8937.39960660,867.00000000,21081.73917526,40662.54835052,21081.73917526,15480.03020619,30960.06041237,15480.03020619,7.00000000,1.57142857,3.00000000,7004.34000000,1500.93000000,1.50000000,0.80000000,80000.00000000,9.81000000,102.00000000,51.00000000,7004.34000000,1500.93000000,8.50000000
767.00000000,282.00000000,0.00000000,0.89576621,37543.54780666,137904.96980689,10837.88871625,821.50476190,6799.78781525,30937.21623964,25080.87013868,18771.77390333,37543.54780666,18771.77390333,7.11111111,2.85714286,1.88571429,7115.52000000,943.44171429,1.50000000,0.80000000,80000.00000000,9.81000000,102.00000000,51.00000000,7115.52000000,943.44171429,8.61111111
768.00000000,1727.00000000,0.00000000,0.89566329,39438.10986883,144436.52334621,9264.74334224,921.88571429,18556.53296289,39438.10986883,22253.85576309,16047.00618785,32094.01237570,16047.00618785,7.66666667,2.00000000,2.74285714,7671.42000000,1372.27885714,1.50000000,0.80000000,80000.00000000,9.81000000,102.00000000,51.00000000,7671.42000000,1372.27885714,9.16666667
769.00000000,1851.00000000,1.00000000,0.89558663,40355.45624854,145293.98341497,9117.50222199,858.25714286,19662.41679639,40355.45624854,22108.20202358,15791.97708662,31583.95417323,15791.97708662,7.00000000,1.71428571,2.82857143,7004.34000000,1415.16257143,1.50000000,0.80000000,80000.00000000,9.81000000,102.00000000,51.00000000,7004.34000000,1415.16257143,8.50000000
770.00000000,1450.00000000,0.00000000,0.89554210,38410.80655163,144033.38894484,9515.49228881,947.14285714,16647.75844413,38410.80655163,23049.55953607,16481.31610325,32962.63220651,16481.31610325,8.00000000,2.28571429,2.57142857,8004.96000000,1286.51142857,1.50000000,0.80000000,80000.00000000,9.81000000,102.00000000,51.00000000,8004.96000000,1286.51142857,9.50000000
771.00000000,1713.00000000,0.00000000,0.89550721,39994.30499917,145296.88768845,9228.36653428,876.55238095,18808.55888132,39994.30499917,22558.02497499,15983.99970824,31967.99941648,15983.99970824,7.22222222,1.85714286,2.74285714,7226.70000000,1372.27885714,1.50000000,0.80000000,80000.00000000,9.81000000,102.00000000,51.00000000,7226.70000000,1372.27885714,8.72222222
772.00000000,1020.00000000,0.00000000,0.89520353,37419.64160766,144567.76373432,9897.31651255,934.02857143,13745.10033814,37419.64160766,24832.40155523,17142.65505832,34285.31011664,17142.65505832,8.00000000,2.57142857,2.31428571,8004.96000000,1157.86028571,1.50000000,0.80000000,80000.00000000,9.81000000,102.00000000,51.00000000,8004.96000000,1157.86028571,9.50000000
773.00000000,701.00000000,1.00000000,0.89510315,37446.42495798,146339.15457143,10157.64253144,823.28571429,11769.97391597,37446.42495798,26748.54389916,17593.55294958,35187.10589916,17593.55294958,7.00000000,2.42857143,2.14285714,7004.34000000,1072.09285714,1.50000000,0.80000000,80000.00000000,9.81000000,102.00000000,51.00000000,7004.34000000,1072.09285714,8.50000000
774.00000000,589.00000000,0.00000000,0.89501248,35924.12800299,144475.42976407,10370.40248646,909.58095238,10210.16227974,35798.98230762,26618.02917074,17962.06400149,35924.12800299,17962.06400149,7.88888889,2.85714286,2.05714286,7893.78000000,1029.20914286,1.50000000,0.80000000,80000.00000000,9.81000000,102.00000000,51.00000000,7893.78000000,1029.20914286,9.38888889
775.00000000,1159.00000000,0.00000000,0.89499185,38093.12645595,144903.19049092,9745.12313438,927.06666667,14885.29442098,38093.12645595,24408.57603497,16879.04839475,33758.09678951,16879.04839475,7.88888889,2.42857143,2.40000000,7893.78000000,1200.74400000,1.50000000,0.80000000,80000.00000000,9.81000000,102.00000000,51.00000000,7893.78000000,1200.74400000,9.38888889
776.00000000,562.00000000,0.00000000,0.89476502,36773.55662545,146160.63118864,10332.30498812,830.24761905,10474.10949082,36773.55662545,27328.65627748,17896.07719872,35792.15439745,17896.07719872,7.11111111,2.57142857,2.05714286,7115.52000000,1029.20914286,1.50000000,0.80000000,80000.00000000,9.81000000,102.00000000,51.00000000,7115.52000000,1029.20914286,8.61111111
777.00000000,1284.00000000,0.00000000,0.89475203,39225.06570252,146004.43325699,9571.12139088,874.77142857,16176.58129090,39225.06570252,24292.11212590,16577.66853442,33155.33706884,16577.66853442,7.33333333,2.14285714,2.48571429,7337.88000000,1243.62771429,1.50000000,0.80000000,80000.00000000,9.81000000,102.00000000,51.00000000,7337.88000000,1243.62771429,8.83333333
778.00000000,1575.00000000,0.00000000,0.89454280,39725.73055989,145475.03405567,9337.80024095,894.84761905,17964.61249267,39725.73055989,23090.51321007,16173.54444826,32347.08889652,16173.54444826,7.44444444,2.00000000,2.65714286,7449.06000000,1329.39514286,1.50000000,0.80000000,80000.00000000,9.81000000,102.00000000,51.00000000,7449.06000000,1329.39514286,8.94444444
779.00000000,1298.00000000,0.00000000,0.89412498,38814.12291416,145345.50775152,9594.64265113,920.10476190,16013.62121965,38814.12291416,24044.12940879,16618.40855223,33236.81710446,16618.40855223,7.77777778,2.28571429,2.48571429,7782.60000000,1243.62771429,1.50000000,0.80000000,80000.00000000,9.81000000,102.00000000,51.00000000,7782.60000000,1243.62771429,9.27777778
780.00000000,1589.00000000,0.00000000,0.89401465,39194.48690407,144643.89478770,9371.19245478,940.18095238,17733.26444901,39194.48690407,22790.61759792,16231.38145918,32462.76291835,16231.38145918,7.88888889,2.14285714,2.65714286,7893.78000000,1329.39514286,1.50000000,0.80000000,80000.00000000,9.81000000,102.00000000,51.00000000,7893.78000000,1329.39514286,9.38888889
781.00000000,449.00000000,0.00000000,0.89392665,36715.60607716,141730.39130519,10598.88252605,905.20952381,8541.43870282,33656.42686115,26101.31358690,18357.80303858,36715.60607716,18357.80303858,7.88888889,3.00000000,1.97142857,7893.78000000,986.32542857,1.50000000,0.80000000,80000.00000000,9.81000000,102.00000000,51.00000000,7893.78000000,986.32542857,9.38888889
782.00000000,436.00000000,0.00000000,0.89388446,36560.55785162,144013.82880863,10554.12395868,871.20952381,8851.53515391,34953.19383841,27087.98411308,18280.27892581,36560.55785162,18280.27892581,7.55555556,2.85714286,1.97142857,7560.24000000,986.32542857,1.50000000,0.80000000,80000.00000000,9.81000000,102.00000000,51.00000000,7560.24000000,986.32542857,9.05555556
783.00000000,1561.00000000,1.00000000,0.89376123,40236.88678448,146274.74621351,9305.67065642,849.51428571,18187.21278402,40236.88678448,23379.06914331,16117.89437542,32235.78875084,16117.89437542,7.00000000,1.85714286,2.65714286,7004.34000000,1329.39514286,1.50000000,0.80000000,80000.00000000,9.81000000,102.00000000,51.00000000,7004.34000000,1329.39514286,8.50000000
784.00000000,854.00000000,0.00000000,0.89368408,38177.70066685,146661.67139041,9986.90297983,861.65714286,13038.65965757,38177.70066685,26254.01758071,17297.82337132,34595.64674264,17297.82337132,7.33333333,2.42857143,2.22857143,7337.88000000,1114.97657143,1.50000000,0.80000000,80000.00000000,9.81000000,102.00000000,51.00000000,7337.88000000,1114.97657143,8.83333333
785.00000000,2156.00000000,1.00000000,0.89359261,40468.13966486,144454.53449730,8951.42984498,923.66666667,20984.53483243,40468.13966486,20984.53483243,15504.33129189,31008.66258378,15504.33129189,7.55555556,1.71428571,3.00000000,7560.24000000,1500.93000000,1.50000000,0.80000000,80000.00000000,9.81000000,102.00000000,51.00000000,7560.24000000,1500.93000000,9.05555556
786.00000000,715.00000000,0.00000000,0.89341909,37568.98555714,146547.50758999,10152.33550182,868.61904762,11806.74209571,37568.98555714,26834.33631857,17584.36090464,35168.72180929,17584.36090464,7.44444444,2.57142857,2.14285714,7449.06000000,1072.09285714,1.50000000,0.80000000,80000.00000000,9.81000000,102.00000000,51.00000000,7449.06000000,1072.09285714,8.94444444
787.00000000,2018.00000000,0.00000000,0.89338606,40040.03938216,144293.99889609,9058.03016456,941.96190476,20160.21872538,40040.03938216,21337.86694250,15688.96846151,31377.93692303,15688.96846151,7.77777778,1.85714286,2.91428571,7782.60000000,1458.04628571,1.50000000,0.80000000,80000.00000000,9.81000000,102.00000000,51.00000000,7782.60000000,1458.04628571,9.27777778
788.00000000,2004.00000000,0.00000000,0.89316763,40680.16018558,145263.59364244,9013.19215243,896.62857143,20470.86558586,40680.16018558,21667.34088543,15611.30674639,31222.61349279,15611.30674639,7.33333333,1.71428571,2.91428571,7337.88000000,1458.04628571,1.50000000,0.80000000,80000.00000000,9.81000000,102.00000000,51.00000000,7337.88000000,1458.04628571,8.83333333
789.00000000,2170.00000000,1.00000000,0.89309172,39805.27934579,143460.24401869,8999.26766794,969.00000000,20653.10467290,39805.27934579,20653.10467290,15587.18883178,31174.37766355,15587.18883178,8.00000000,1.85714286,3.00000000,8004.96000000,1500.93000000,1.50000000,0.80000000,80000.00000000,9.81000000,102.00000000,51.00000000,8004.96000000,1500.93000000,9.50000000
790.00000000,993.00000000,0.00000000,0.89307879,38873.89144989,146964.58291874,9823.46179394,854.69523810,14256.78083819,38873.89144989,25774.97089742,17014.73493331,34029.46986662,17014.73493331,7.22222222,2.28571429,2.31428571,7226.70000000,1157.86028571,1.50000000,0.80000000,80000.00000000,9.81000000,102.00000000,51.00000000,7226.70000000,1157.86028571,8.72222222
791.00000000,296.00000000,0.00000000,0.89301696,37410.92110069,140233.30531165,10799.60268406,866.83809524,7065.04122719,32234.01069799,26112.41118509,18705.46055035,37410.92110069,18705.46055035,7.55555556,3.00000000,1.88571429,7560.24000000,943.44171429,1.50000000,0.80000000,80000.00000000,9.81000000,102.00000000,51.00000000,7560.24000000,943.44171429,9.05555556
792.00000000,423.00000000,0.00000000,0.89301478,36404.93105960,146305.78701841,10509.19837354,837.20952381,9162.78873795,36254.79973533,28078.33642595,18202.46552980,36404.93105960,18202.46552980,7.22222222,2.71428571,1.97142857,7226.70000000,986.32542857,1.50000000,0.80000000,80000.00000000,9.81000000,102.00000000,51.00000000,7226.70000000,986.32542857,8.72222222
793.00000000,1866.00000000,0.00000000,0.89296291,40296.70466213,145204.07568426,9121.48528098,914.92380952,19634.82135429,40296.70466213,22077.04587927,15798.87594714,31597.75189428,15798.87594714,7.55555556,1.85714286,2.82857143,7560.24000000,1415.16257143,1.50000000,0.80000000,80000.00000000,9.81000000,102.00000000,51.00000000,7560.24000000,1415.16257143,9.05555556
794.00000000,1437.00000000,0.00000000,0.89264419,39568.76623729,145866.82511380,9445.85183712,913.14285714,17130.24164649,39568.76623729,23725.03601937,16360.69530266,32721.39060533,16360.69530266,7.66666667,2.14285714,2.57142857,7671.42000000,1286.51142857,1.50000000,0.80000000,80000.00000000,9.81000000,102.00000000,51.00000000,7671.42000000,1286.51142857,9.16666667
795.00000000,2142.00000000,1.00000000,0.89259524,41131.64118377,145449.78677565,8903.54574741,878.33333333,21316.28559188,41131.64118377,21316.28559188,15421.39360203,30842.78720406,15421.39360203,7.11111111,1.57142857,3.00000000,7115.52000000,1500.93000000,1.50000000,0.80000000,80000.00000000,9.81000000,102.00000000,51.00000000,7115.52000000,1500.93000000,8.61111111
796.00000000,1423.00000000,0.00000000,0.89254499,40051.37782830,146630.96013291,9416.82726087,867.80952381,17331.32980941,40051.37782830,24006.55944746,16310.42326193,32620.84652387,16310.42326193,7.22222222,2.00000000,2.57142857,7226.70000000,1286.51142857,1.50000000,0.80000000,80000.00000000,9.81000000,102.00000000,51.00000000,7226.70000000,1286.51142857,8.72222222
797.00000000,1880.00000000,0.00000000,0.89246039,39678.50476119,144258.04250251,9163.39609255,960.25714286,19344.45473415,39678.50476119,21749.21259846,15871.46760218,31742.93520435,15871.46760218,8.00000000,2.00000000,2.82857143,8004.96000000,1415.16257143,1.50000000,0.80000000,80000.00000000,9.81000000,102.00000000,51.00000000,8004.96000000,1415.16257143,9.50000000
798.00000000,283.00000000,0.00000000,0.89219296,37279.12033806,142547.14092226,10761.55508117,832.83809524,7328.64275245,33522.72926592,27137.52822776,18639.56016903,37279.12033806,18639.56016903,7.22222222,2.85714286,1.88571429,7226.70000000,943.44171429,1.50000000,0.80000000,80000.00000000,9.81000000,102.00000000,51.00000000,7226.70000000,943.44171429,8.72222222
799.00000000,1007.00000000,0.00000000,0.89219172,38636.52159635,146573.36223420,9835.51672647,900.02857143,14173.26181565,38636.52159635,25621.12006642,17035.61468894,34071.22937789,17035.61468894,7.66666667,2.42857143,2.31428571,7671.42000000,1157.86028571,1.50000000,0.80000000,80000.00000000,9.81000000,102.00000000,51.00000000,7671.42000000,1157.86028571,9.16666667
800.00000000,143.00000000,0.00000000,0.89218721,38197.27963883,136770.44994563,11026.60484090,828.46666667,5406.55672233,29737.66633398,25231.66761165,19098.63981942,38197.27963883,19098.63981942,7.22222222,3.00000000,1.80000000,7226.70000000,900.55800000,1.50000000,0.80000000,80000.00000000,9.81000000,102.00000000,51.00000000,7226.70000000,900.55800000,8.72222222
801.00000000,576.00000000,0.00000000,0.89214844,37093.72200543,146714.25049153,10319.78926735,875.58095238,10560.82094790,37093.72200543,27562.11020039,17874.39933445,35748.79866891,17874.39933445,7.55555556,2.71428571,2.05714286,7560.24000000,1029.20914286,1.50000000,0.80000000,80000.00000000,9.81000000,102.00000000,51.00000000,7560.24000000,1029.20914286,9.05555556
802.00000000,1852.00000000,0.00000000,0.89205317,40907.95530166,146139.47439021,9080.04559401,869.59047619,19921.92392740,40907.95530166,22401.19394569,15727.10030386,31454.20060773,15727.10030386,7.11111111,1.71428571,2.82857143,7115.52000000,1415.16257143,1.50000000,0.80000000,80000.00000000,9.81000000,102.00000000,51.00000000,7115.52000000,1415.16257143,8.61111111
803.00000000,868.00000000,0.00000000,0.89204574,38054.24623224,146455.12262482,9992.72845900,906.99047619,12998.29955395,38054.24623224,26170.92324972,17307.91339723,34615.82679445,17307.91339723,7.77777778,2.57142857,2.22857143,7782.60000000,1114.97657143,1.50000000,0.80000000,80000.00000000,9.81000000,102.00000000,51.00000000,7782.60000000,1114.97657143,9.27777778
804.00000000,1728.00000000,0.00000000,0.89196161,39992.73210842,145294.45462306,9228.46940599,933.21904762,18807.84616520,39992.73210842,22557.16480036,15984.17788727,31968.35577454,15984.17788727,7.77777778,2.00000000,2.74285714,7782.60000000,1372.27885714,1.50000000,0.80000000,80000.00000000,9.81000000,102.00000000,51.00000000,7782.60000000,1372.27885714,9.27777778
805.00000000,1714.00000000,0.00000000,0.89176970,40579.67721346,146202.38533242,9190.08145866,887.88571429,19073.80566592,40579.67721346,22878.15040468,15917.68801209,31835.37602418,15917.68801209,7.33333333,1.85714286,2.74285714,7337.88000000,1372.27885714,1.50000000,0.80000000,80000.00000000,9.81000000,102.00000000,51.00000000,7337.88000000,1372.27885714,8.83333333
806.00000000,1132.00000000,0.00000000,0.89169476,39629.16473194,147399.25268941,9661.98262386,847.73333333,15461.30877448,39629.16473194,25368.59995746,16735.04480638,33470.08961276,16735.04480638,7.11111111,2.14285714,2.40000000,7115.52000000,1200.74400000,1.50000000,0.80000000,80000.00000000,9.81000000,102.00000000,51.00000000,7115.52000000,1200.74400000,8.61111111
807.00000000,1146.00000000,0.00000000,0.89156317,39294.05111122,146854.69305572,9680.12118066,893.06666667,15335.64116671,39294.05111122,25159.15394451,16766.46170832,33532.92341665,16766.46170832,7.55555556,2.28571429,2.40000000,7560.24000000,1200.74400000,1.50000000,0.80000000,80000.00000000,9.81000000,102.00000000,51.00000000,7560.24000000,1200.74400000,9.05555556
808.00000000,729.00000000,0.00000000,0.89102167,37581.76136968,146569.22647132,10151.78229291,913.95238095,11810.57483948,37581.76136968,26843.27938735,17583.40271870,35166.80543740,17583.40271870,7.88888889,2.71428571,2.14285714,7893.78000000,1072.09285714,1.50000000,0.80000000,80000.00000000,9.81000000,102.00000000,51.00000000,7893.78000000,1072.09285714,9.38888889
809.00000000,450.00000000,0.00000000,0.89077863,36497.81255447,144937.89591203,10536.01095158,916.54285714,8977.02574819,35477.97268726,27487.27236763,18248.90627724,36497.81255447,18248.90627724,8.00000000,3.00000000,1.97142857,8004.96000000,986.32542857,1.50000000,0.80000000,80000.00000000,9.81000000,102.00000000,51.00000000,8004.96000000,986.32542857,9.50000000
810.00000000,1576.00000000,0.00000000,0.89059243,40347.34078046,146447.55327173,9298.72788466,906.18095238,18235.31371776,40347.34078046,23441.42220556,16105.86914199,32211.73828398,16105.86914199,7.55555556,2.00000000,2.65714286,7560.24000000,1329.39514286,1.50000000,0.80000000,80000.00000000,9.81000000,102.00000000,51.00000000,7560.24000000,1329.39514286,9.05555556
811.00000000,1160.00000000,0.00000000,0.89038526,38912.98588013,146235.46205522,9700.74694132,938.40000000,15192.74170505,38912.98588013,24920.98817508,16802.18657374,33604.37314747,16802.18657374,8.00000000,2.42857143,2.40000000,8004.96000000,1200.74400000,1.50000000,0.80000000,80000.00000000,9.81000000,102.00000000,51.00000000,8004.96000000,1200.74400000,9.50000000
812.00000000,2157.00000000,1.00000000,0.89035881,40897.57722045,145098.69083067,8920.43785894,935.00000000,21199.25361022,40897.57722045,21199.25361022,15450.65159744,30901.30319489,15450.65159744,7.66666667,1.71428571,3.00000000,7671.42000000,1500.93000000,1.50000000,0.80000000,80000.00000000,9.81000000,102.00000000,51.00000000,7671.42000000,1500.93000000,9.16666667
813.00000000,1285.00000000,0.00000000,0.89023504,40004.36506631,147253.99947825,9526.51639070,886.10476190,16485.61379723,40004.36506631,24762.37898337,16500.41040783,33000.82081567,16500.41040783,7.44444444,2.14285714,2.48571429,7449.06000000,1243.62771429,1.50000000,0.80000000,80000.00000000,9.81000000,102.00000000,51.00000000,7449.06000000,1243.62771429,8.94444444
814.00000000,1590.00000000,0.00000000,0.89013827,39783.21610884,145564.97112420,9334.18689005,951.51428571,17989.64652205,39783.21610884,23122.96472965,16167.28594092,32334.57188183,16167.28594092,8.00000000,2.14285714,2.65714286,8004.96000000,1329.39514286,1.50000000,0.80000000,80000.00000000,9.81000000,102.00000000,51.00000000,8004.96000000,1329.39514286,9.50000000
815.00000000,2019.00000000,0.00000000,0.89000862,40493.51944160,144980.88780966,9026.26562215,953.29523810,20380.28993069,40493.51944160,21571.27579662,15633.95066018,31267.90132037,15633.95066018,7.88888889,1.85714286,2.91428571,7893.78000000,1458.04628571,1.50000000,0.80000000,80000.00000000,9.81000000,102.00000000,51.00000000,7893.78000000,1458.04628571,9.38888889
816.00000000,2005.00000000,0.00000000,0.88979708,41156.80166016,145985.56528776,8979.80524155,907.96190476,20702.17688970,41156.80166016,21912.67105617,15553.47892043,31106.95784087,15553.47892043,7.44444444,1.71428571,2.91428571,7449.06000000,1458.04628571,1.50000000,0.80000000,80000.00000000,9.81000000,102.00000000,51.00000000,7449.06000000,1458.04628571,8.94444444
817.00000000,1562.00000000,0.00000000,0.88975975,40894.64497882,147303.81951756,9264.32615841,860.84761905,18473.65586866,40894.64497882,23750.38425302,16046.28360426,32092.56720853,16046.28360426,7.11111111,1.85714286,2.65714286,7115.52000000,1329.39514286,1.50000000,0.80000000,80000.00000000,9.81000000,102.00000000,51.00000000,7115.52000000,1329.39514286,8.61111111
818.00000000,1299.00000000,0.00000000,0.88973384,39549.22034907,146524.19846611,9552.56765051,931.43809524,16305.12537488,39549.22034907,24487.72268848,16545.53251342,33091.06502685,16545.53251342,7.88888889,2.28571429,2.48571429,7893.78000000,1243.62771429,1.50000000,0.80000000,80000.00000000,9.81000000,102.00000000,51.00000000,7893.78000000,1243.62771429,9.38888889
819.00000000,437.00000000,0.00000000,0.88962181,36831.45615892,147321.20376431,10489.29478574,882.54285714,9300.68483925,36831.45615892,28517.09674825,18167.99150447,36335.98300895,18167.99150447,7.66666667,2.85714286,1.97142857,7671.42000000,986.32542857,1.50000000,0.80000000,80000.00000000,9.81000000,102.00000000,51.00000000,7671.42000000,986.32542857,9.16666667
820.00000000,1271.00000000,1.00000000,0.88960793,40425.06387422,147928.56825645,9502.43672213,840.77142857,16652.44263485,40425.06387422,25016.24895365,16458.70319843,32917.40639686,16458.70319843,7.00000000,2.00000000,2.48571429,7004.34000000,1243.62771429,1.50000000,0.80000000,80000.00000000,9.81000000,102.00000000,51.00000000,7004.34000000,1243.62771429,8.50000000
821.00000000,1867.00000000,0.00000000,0.88942022,40800.91182057,145975.66542672,9087.30259803,926.25714286,19871.64592871,40800.91182057,22344.42846329,15739.66980354,31479.33960707,15739.66980354,7.66666667,1.85714286,2.82857143,7671.42000000,1415.16257143,1.50000000,0.80000000,80000.00000000,9.81000000,102.00000000,51.00000000,7671.42000000,1415.16257143,9.16666667
822.00000000,2143.00000000,1.00000000,0.88940135,41582.70112098,146126.37668146,8870.99330039,889.66666667,21541.81556049,41582.70112098,21541.81556049,15365.01110988,30730.02221976,15365.01110988,7.22222222,1.57142857,3.00000000,7226.70000000,1500.93000000,1.50000000,0.80000000,80000.00000000,9.81000000,102.00000000,51.00000000,7226.70000000,1500.93000000,8.72222222
823.00000000,297.00000000,0.00000000,0.88926118,37165.82189167,144536.15809225,10728.84863691,878.17142857,7555.23964523,34630.53629731,28018.73836637,18582.91094584,37165.82189167,18582.91094584,7.66666667,3.00000000,1.88571429,7671.42000000,943.44171429,1.50000000,0.80000000,80000.00000000,9.81000000,102.00000000,51.00000000,7671.42000000,943.44171429,9.16666667
824.00000000,590.00000000,0.00000000,0.88894590,37274.95431351,147027.63135758,10312.70463827,920.91428571,10609.90469800,37274.95431351,27694.25875836,17862.12839693,35724.25679386,17862.12839693,8.00000000,2.85714286,2.05714286,8004.96000000,1029.20914286,1.50000000,0.80000000,80000.00000000,9.81000000,102.00000000,51.00000000,8004.96000000,1029.20914286,9.50000000
825.00000000,702.00000000,0.00000000,0.88859825,38843.08711107,148713.48023168,10097.16528619,834.61904762,12188.97256189,38843.08711107,27726.20740632,17488.80328810,34977.60657620,17488.80328810,7.11111111,2.42857143,2.14285714,7115.52000000,1072.09285714,1.50000000,0.80000000,80000.00000000,9.81000000,102.00000000,51.00000000,7115.52000000,1072.09285714,8.61111111
826.00000000,841.00000000,1.00000000,0.88851930,39430.12121905,148757.06731429,9927.80465853,827.65714286,13448.10483810,39430.12121905,27096.99295238,17195.46207619,34390.92415238,17195.46207619,7.00000000,2.28571429,2.22857143,7004.34000000,1114.97657143,1.50000000,0.80000000,80000.00000000,9.81000000,102.00000000,51.00000000,7004.34000000,1114.97657143,8.50000000
827.00000000,1853.00000000,0.00000000,0.88850721,41439.18158607,146952.41158301,9044.03115163,880.92380952,20171.43930341,41439.18158607,22682.90485408,15664.72145986,31329.44291972,15664.72145986,7.22222222,1.71428571,2.82857143,7226.70000000,1415.16257143,1.50000000,0.80000000,80000.00000000,9.81000000,102.00000000,51.00000000,7226.70000000,1415.16257143,8.72222222
828.00000000,1438.00000000,0.00000000,0.88846230,40230.89072303,146915.18888289,9406.03123816,924.47619048,17406.12684888,40230.89072303,24111.27530272,16291.72400207,32583.44800413,16291.72400207,7.77777778,2.14285714,2.57142857,7782.60000000,1286.51142857,1.50000000,0.80000000,80000.00000000,9.81000000,102.00000000,51.00000000,7782.60000000,1286.51142857,9.27777778
829.00000000,284.00000000,0.00000000,0.88830989,37025.55904360,146998.55031400,10688.35824036,844.17142857,7835.76534138,36001.99525626,29109.67162917,18512.77952180,37025.55904360,18512.77952180,7.33333333,2.85714286,1.88571429,7337.88000000,943.44171429,1.50000000,0.80000000,80000.00000000,9.81000000,102.00000000,51.00000000,7337.88000000,943.44171429,8.83333333
830.00000000,1424.00000000,0.00000000,0.88827152,40752.23258138,147740.64682529,9374.67739834,879.14285714,17623.35262320,40752.23258138,24415.39138676,16237.41755849,32474.83511697,16237.41755849,7.33333333,2.00000000,2.57142857,7337.88000000,1286.51142857,1.50000000,0.80000000,80000.00000000,9.81000000,102.00000000,51.00000000,7337.88000000,1286.51142857,8.83333333
831.00000000,1729.00000000,0.00000000,0.88824705,40526.98431435,146120.87600411,9193.52773024,944.55238095,19049.92919601,40526.98431435,22849.33397548,15923.65712957,31847.31425914,15923.65712957,7.88888889,2.00000000,2.74285714,7893.78000000,1372.27885714,1.50000000,0.80000000,80000.00000000,9.81000000,102.00000000,51.00000000,7893.78000000,1372.27885714,9.38888889
832.00000000,1991.00000000,1.00000000,0.88814576,41819.04316380,146988.66638886,8933.41775904,862.62857143,21023.55879588,41819.04316380,22253.53065364,15473.13344389,30946.26688778,15473.13344389,7.00000000,1.57142857,2.91428571,7004.34000000,1458.04628571,1.50000000,0.80000000,80000.00000000,9.81000000,102.00000000,51.00000000,7004.34000000,1458.04628571,8.50000000
833.00000000,1715.00000000,0.00000000,0.88801588,41142.84841921,147073.54079132,9153.24839471,899.21904762,19328.99261853,41142.84841921,23186.13465783,15853.89127394,31707.78254788,15853.89127394,7.44444444,1.85714286,2.74285714,7449.06000000,1372.27885714,1.50000000,0.80000000,80000.00000000,9.81000000,102.00000000,51.00000000,7449.06000000,1372.27885714,8.94444444
834.00000000,855.00000000,0.00000000,0.88786597,39314.67963778,148563.92466870,9933.25203293,872.99047619,13410.36432114,39314.67963778,27019.29188806,17204.89720543,34409.79441086,17204.89720543,7.44444444,2.42857143,2.22857143,7449.06000000,1114.97657143,1.50000000,0.80000000,80000.00000000,9.81000000,102.00000000,51.00000000,7449.06000000,1114.97657143,8.94444444
835.00000000,994.00000000,0.00000000,0.88768531,39875.94230784,148616.11118461,9772.57219987,866.02857143,14609.35428821,39875.94230784,26424.44830535,16926.59157081,33853.18314161,16926.59157081,7.33333333,2.28571429,2.31428571,7337.88000000,1157.86028571,1.50000000,0.80000000,80000.00000000,9.81000000,102.00000000,51.00000000,7337.88000000,1157.86028571,8.83333333
836.00000000,563.00000000,0.00000000,0.88754411,38401.91092720,148976.32716876,10268.65029891,841.58095238,10915.12211421,38401.91092720,28515.99795585,17785.82404288,35571.64808575,17785.82404288,7.22222222,2.57142857,2.05714286,7226.70000000,1029.20914286,1.50000000,0.80000000,80000.00000000,9.81000000,102.00000000,51.00000000,7226.70000000,1029.20914286,8.72222222
837.00000000,144.00000000,0.00000000,0.88741847,37920.01993143,142870.16350857,10946.56685754,839.80000000,5961.07613714,33064.78282286,28004.26468571,18960.00996571,37920.01993143,18960.00996571,7.33333333,3.00000000,1.80000000,7337.88000000,900.55800000,1.50000000,0.80000000,80000.00000000,9.81000000,102.00000000,51.00000000,7337.88000000,900.55800000,8.83333333
838.00000000,2158.00000000,1.00000000,0.88713339,41311.13094439,145719.02141658,8890.59218971,946.33333333,21406.03047219,41311.13094439,21406.03047219,15398.95738195,30797.91476390,15398.95738195,7.77777778,1.71428571,3.00000000,7782.60000000,1500.93000000,1.50000000,0.80000000,80000.00000000,9.81000000,102.00000000,51.00000000,7782.60000000,1500.93000000,9.27777778
839.00000000,716.00000000,0.00000000,0.88706128,38873.18429504,148764.64544442,10095.86203989,879.95238095,12198.00171708,38873.18429504,27747.27543510,17486.54599930,34973.09199860,17486.54599930,7.55555556,2.57142857,2.14285714,7560.24000000,1072.09285714,1.50000000,0.80000000,80000.00000000,9.81000000,102.00000000,51.00000000,7560.24000000,1072.09285714,9.05555556
840.00000000,1008.00000000,0.00000000,0.88697936,39577.79617459,148124.72218723,9787.71368253,911.36190476,14504.45101910,39577.79617459,26231.20544120,16952.81738808,33905.63477616,16952.81738808,7.77777778,2.42857143,2.31428571,7782.60000000,1157.86028571,1.50000000,0.80000000,80000.00000000,9.81000000,102.00000000,51.00000000,7782.60000000,1157.86028571,9.27777778
841.00000000,1147.00000000,0.00000000,0.88668371,40131.57586528,148215.67078108,9634.78882358,904.40000000,15649.71294948,40131.57586528,25682.60691580,16687.94376263,33375.88752526,16687.94376263,7.66666667,2.28571429,2.40000000,7671.42000000,1200.74400000,1.50000000,0.80000000,80000.00000000,9.81000000,102.00000000,51.00000000,7671.42000000,1200.74400000,9.16666667
842.00000000,1133.00000000,0.00000000,0.88666511,40519.44850889,148845.96382694,9613.79460090,859.06666667,15795.16519083,40519.44850889,25925.02731805,16651.58070229,33303.16140458,16651.58070229,7.22222222,2.14285714,2.40000000,7226.70000000,1200.74400000,1.50000000,0.80000000,80000.00000000,9.81000000,102.00000000,51.00000000,7226.70000000,1200.74400000,8.72222222
843.00000000,2020.00000000,0.00000000,0.88663819,40930.48359636,145642.75998524,8995.65795565,964.62857143,20592.34606462,40930.48359636,21796.18381745,15580.93662670,31161.87325340,15580.93662670,8.00000000,1.85714286,2.91428571,8004.96000000,1458.04628571,1.50000000,0.80000000,80000.00000000,9.81000000,102.00000000,51.00000000,8004.96000000,1458.04628571,9.50000000
844.00000000,1577.00000000,0.00000000,0.88662203,40945.71809152,147383.72422613,9261.11587198,917.51428571,18495.89738548,40945.71809152,23779.21584890,16040.72322506,32081.44645012,16040.72322506,7.66666667,2.00000000,2.65714286,7671.42000000,1329.39514286,1.50000000,0.80000000,80000.00000000,9.81000000,102.00000000,51.00000000,7671.42000000,1329.39514286,9.16666667
845.00000000,1701.00000000,1.00000000,0.88645449,41749.17382704,148011.45040655,9113.59291821,853.88571429,19603.73381895,41749.17382704,23517.71886523,15785.20597383,31570.41194767,15785.20597383,7.00000000,1.71428571,2.74285714,7004.34000000,1372.27885714,1.50000000,0.80000000,80000.00000000,9.81000000,102.00000000,51.00000000,7004.34000000,1372.27885714,8.50000000
846.00000000,869.00000000,0.00000000,0.88643266,39120.76965159,148239.49834566,9942.40211806,918.32380952,13346.97067181,39120.76965159,26888.77555121,17220.74561776,34441.49123552,17220.74561776,7.88888889,2.57142857,2.22857143,7893.78000000,1114.97657143,1.50000000,0.80000000,80000.00000000,9.81000000,102.00000000,51.00000000,7893.78000000,1114.97657143,9.38888889
847.00000000,2006.00000000,0.00000000,0.88643205,41615.54763654,146680.43051669,8947.67184181,919.29523810,20924.80361353,41615.54763654,22148.79030872,15497.82223947,30995.64447895,15497.82223947,7.55555556,1.71428571,2.91428571,7560.24000000,1458.04628571,1.50000000,0.80000000,80000.00000000,9.81000000,102.00000000,51.00000000,7560.24000000,1458.04628571,9.05555556
848.00000000,2144.00000000,1.00000000,0.88621403,42016.55590164,146777.15885246,8839.68252859,901.00000000,21758.74295082,42016.55590164,21758.74295082,15310.77926230,30621.55852459,15310.77926230,7.33333333,1.57142857,3.00000000,7337.88000000,1500.93000000,1.50000000,0.80000000,80000.00000000,9.81000000,102.00000000,51.00000000,7337.88000000,1500.93000000,8.83333333
849.00000000,1868.00000000,0.00000000,0.88588154,41286.47546915,146718.72494954,9054.38385030,937.59047619,20099.71370304,41286.47546915,22601.92433753,15682.65285995,31365.30571991,15682.65285995,7.77777778,1.85714286,2.82857143,7782.60000000,1415.16257143,1.50000000,0.80000000,80000.00000000,9.81000000,102.00000000,51.00000000,7782.60000000,1415.16257143,9.27777778
850.00000000,1563.00000000,0.00000000,0.88573330,41526.97951935,148293.11710516,9224.57970695,872.18095238,18749.02736211,41526.97951935,24107.34730009,15977.44073090,31954.88146180,15977.44073090,7.22222222,1.85714286,2.65714286,7226.70000000,1329.39514286,1.50000000,0.80000000,80000.00000000,9.81000000,102.00000000,51.00000000,7226.70000000,1329.39514286,8.72222222
851.00000000,131.00000000,1.00000000,0.88572767,37806.78106835,145361.41849620,10913.87761350,805.80000000,6187.55386329,34423.64917975,29136.65331646,18903.39053418,37806.78106835,18903.39053418,7.00000000,2.85714286,1.80000000,7004.34000000,900.55800000,1.50000000,0.80000000,80000.00000000,9.81000000,102.00000000,51.00000000,7004.34000000,900.55800000,8.50000000
852.00000000,1286.00000000,0.00000000,0.88565311,40754.10585425,148456.17005201,9483.60324393,897.43809524,16782.92479934,40754.10585425,25214.80876919,16426.08265731,32852.16531461,16426.08265731,7.55555556,2.14285714,2.48571429,7560.24000000,1243.62771429,1.50000000,0.80000000,80000.00000000,9.81000000,102.00000000,51.00000000,7560.24000000,1243.62771429,9.05555556
853.00000000,271.00000000,1.00000000,0.88547982,37369.80970221,149454.39897833,10647.97544293,810.17142857,8115.54556896,37369.80970221,30197.70584754,18442.83446490,36885.66892981,18442.83446490,7.00000000,2.71428571,1.88571429,7004.34000000,943.44171429,1.50000000,0.80000000,80000.00000000,9.81000000,102.00000000,51.00000000,7004.34000000,943.44171429,8.50000000
854.00000000,1300.00000000,0.00000000,0.88528752,40257.35643572,147659.65805333,9512.03584497,942.77142857,16585.93796096,40257.35643572,24915.04618904,16475.32936690,32950.65873380,16475.32936690,8.00000000,2.28571429,2.48571429,8004.96000000,1243.62771429,1.50000000,0.80000000,80000.00000000,9.81000000,102.00000000,51.00000000,8004.96000000,1243.62771429,9.50000000
855.00000000,298.00000000,0.00000000,0.88528259,36932.60883707,148669.42469772,10660.88318347,889.50476190,8026.11811927,36932.60883707,29849.93243208,18465.19132733,36930.38265465,18465.19132733,7.77777778,3.00000000,1.88571429,7782.60000000,943.44171429,1.50000000,0.80000000,80000.00000000,9.81000000,102.00000000,51.00000000,7782.60000000,943.44171429,9.27777778
856.00000000,577.00000000,0.00000000,0.88503524,38612.17669850,149339.91173162,10260.43071039,886.91428571,10972.06909394,38612.17669850,28669.31674741,17771.58729794,35543.17459589,17771.58729794,7.66666667,2.71428571,2.05714286,7671.42000000,1029.20914286,1.50000000,0.80000000,80000.00000000,9.81000000,102.00000000,51.00000000,7671.42000000,1029.20914286,9.16666667
857.00000000,424.00000000,0.00000000,0.88501997,38193.22167198,149719.09521122,10442.29276106,848.54285714,9626.32441845,38193.22167198,29553.22268210,18086.58160967,36173.16321934,18086.58160967,7.33333333,2.71428571,1.97142857,7337.88000000,986.32542857,1.50000000,0.80000000,80000.00000000,9.81000000,102.00000000,51.00000000,7337.88000000,986.32542857,8.83333333
858.00000000,1854.00000000,0.00000000,0.88496338,41950.13115113,147734.31925076,9009.39136778,892.25714286,20411.43076579,41950.13115113,22953.86295677,15604.72359427,31209.44718853,15604.72359427,7.33333333,1.71428571,2.82857143,7337.88000000,1415.16257143,1.50000000,0.80000000,80000.00000000,9.81000000,102.00000000,51.00000000,7337.88000000,1415.16257143,8.83333333
859.00000000,1272.00000000,0.00000000,0.88491070,41220.78415338,149204.46456614,9456.89183290,852.10476190,16967.98688348,41220.78415338,25496.42498418,16379.81713627,32759.63427254,16379.81713627,7.11111111,2.00000000,2.48571429,7115.52000000,1243.62771429,1.50000000,0.80000000,80000.00000000,9.81000000,102.00000000,51.00000000,7115.52000000,1243.62771429,8.61111111
860.00000000,730.00000000,0.00000000,0.88488248,38803.51330827,148646.20476692,10098.87888212,925.28571429,12177.10042105,38803.51330827,27698.50574436,17491.77132331,34983.54264662,17491.77132331,8.00000000,2.71428571,2.14285714,8004.96000000,1072.09285714,1.50000000,0.80000000,80000.00000000,9.81000000,102.00000000,51.00000000,8004.96000000,1072.09285714,9.50000000
861.00000000,1992.00000000,1.00000000,0.88480858,42301.45369963,147719.37646519,8899.62674749,873.96190476,21257.66979121,42301.45369963,22501.83019414,15414.60569506,30829.21139011,15414.60569506,7.11111111,1.57142857,2.91428571,7115.52000000,1458.04628571,1.50000000,0.80000000,80000.00000000,9.81000000,102.00000000,51.00000000,7115.52000000,1458.04628571,8.61111111
862.00000000,1730.00000000,0.00000000,0.88453462,41041.77182146,146917.18792918,9159.85910341,955.88571429,19283.19228517,41041.77182146,23130.85839343,15865.34135728,31730.68271456,15865.34135728,8.00000000,2.00000000,2.74285714,8004.96000000,1372.27885714,1.50000000,0.80000000,80000.00000000,9.81000000,102.00000000,51.00000000,8004.96000000,1372.27885714,9.50000000
863.00000000,1716.00000000,0.00000000,0.88426262,41684.84666754,147911.94433170,9117.80010486,910.55238095,19574.58557480,41684.84666754,23482.53994988,15792.49303487,31584.98606974,15792.49303487,7.55555556,1.85714286,2.74285714,7560.24000000,1372.27885714,1.50000000,0.80000000,80000.00000000,9.81000000,102.00000000,51.00000000,7560.24000000,1372.27885714,9.05555556
864.00000000,1439.00000000,0.00000000,0.88425721,40868.61747207,147924.92290221,9367.67793501,935.80952381,17671.84632765,40868.61747207,24483.28257299,16225.29413237,32450.58826475,16225.29413237,7.88888889,2.14285714,2.57142857,7893.78000000,1286.51142857,1.50000000,0.80000000,80000.00000000,9.81000000,102.00000000,51.00000000,7893.78000000,1286.51142857,9.38888889
865.00000000,1425.00000000,0.00000000,0.88396971,41426.39067037,148808.06379951,9334.13309061,890.47619048,17904.25182694,41426.39067037,24808.65027200,16167.19275755,32334.38551510,16167.19275755,7.44444444,2.00000000,2.57142857,7449.06000000,1286.51142857,1.50000000,0.80000000,80000.00000000,9.81000000,102.00000000,51.00000000,7449.06000000,1286.51142857,8.94444444
866.00000000,2159.00000000,1.00000000,0.88392347,41709.49072389,146316.56108583,8861.84304897,957.66666667,21605.21036194,41709.49072389,21605.21036194,15349.16240951,30698.32481903,15349.16240951,7.88888889,1.71428571,3.00000000,7893.78000000,1500.93000000,1.50000000,0.80000000,80000.00000000,9.81000000,102.00000000,51.00000000,7893.78000000,1500.93000000,9.38888889
867.00000000,2007.00000000,0.00000000,0.88308166,42057.19855234,147349.40175680,8916.73588564,930.62857143,21139.13420502,42057.19855234,22376.11063303,15444.23959160,30888.47918320,15444.23959160,7.66666667,1.71428571,2.91428571,7671.42000000,1458.04628571,1.50000000,0.80000000,80000.00000000,9.81000000,102.00000000,51.00000000,7671.42000000,1458.04628571,9.16666667
868.00000000,2145.00000000,1.00000000,0.88304110,42433.98336921,147403.30005382,8809.55729599,912.33333333,21967.45668461,42433.98336921,21967.45668461,15258.60082885,30517.20165770,15258.60082885,7.44444444,1.57142857,3.00000000,7449.06000000,1500.93000000,1.50000000,0.80000000,80000.00000000,9.81000000,102.00000000,51.00000000,7449.06000000,1500.93000000,8.94444444
869.00000000,1702.00000000,0.00000000,0.88267991,42320.91625512,148895.86447500,9076.19927095,865.21904762,19862.80460667,42320.91625512,23830.39050559,15720.43827690,31440.87655381,15720.43827690,7.11111111,1.71428571,2.74285714,7115.52000000,1372.27885714,1.50000000,0.80000000,80000.00000000,9.81000000,102.00000000,51.00000000,7115.52000000,1372.27885714,8.61111111
870.00000000,1578.00000000,0.00000000,0.88265077,41521.92659580,148285.21172476,9224.89731696,928.84761905,18746.82689540,41521.92659580,24104.49484325,15977.99084758,31955.98169516,15977.99084758,7.77777778,2.00000000,2.65714286,7782.60000000,1329.39514286,1.50000000,0.80000000,80000.00000000,9.81000000,102.00000000,51.00000000,7782.60000000,1329.39514286,9.27777778
871.00000000,1411.00000000,1.00000000,0.88250851,41963.39970507,149658.32810445,9301.83701658,845.14285714,18128.00559140,41963.39970507,25121.90554224,16111.25431644,32222.50863287,16111.25431644,7.00000000,1.85714286,2.57142857,7004.34000000,1286.51142857,1.50000000,0.80000000,80000.00000000,9.81000000,102.00000000,51.00000000,7004.34000000,1286.51142857,8.50000000
872.00000000,1869.00000000,0.00000000,0.88235736,41754.22071577,147434.51691785,9022.67309967,948.92380952,20319.41222797,41754.22071577,22849.97105923,15627.72822872,31255.45645744,15627.72822872,7.88888889,1.85714286,2.82857143,7893.78000000,1415.16257143,1.50000000,0.80000000,80000.00000000,9.81000000,102.00000000,51.00000000,7893.78000000,1415.16257143,9.38888889
873.00000000,842.00000000,0.00000000,0.88225791,40597.25949684,150709.77943291,9872.73057593,838.99047619,13829.66927507,40597.25949684,27882.56679321,17100.07096695,34200.14193389,17100.07096695,7.11111111,2.28571429,2.22857143,7115.52000000,1114.97657143,1.50000000,0.80000000,80000.00000000,9.81000000,102.00000000,51.00000000,7115.52000000,1114.97657143,8.61111111
874.00000000,145.00000000,0.00000000,0.88218866,37654.16413832,148718.99095701,10869.82090068,851.13333333,6492.78772336,36255.05234019,30662.82261682,18827.08206916,37654.16413832,18827.08206916,7.44444444,3.00000000,1.80000000,7449.06000000,900.55800000,1.50000000,0.80000000,80000.00000000,9.81000000,102.00000000,51.00000000,7449.06000000,900.55800000,8.94444444
875.00000000,995.00000000,0.00000000,0.88214751,40839.27896113,150203.83270578,9723.64872373,877.36190476,14948.30607363,40839.27896113,27048.83317322,16841.85362445,33683.70724890,16841.85362445,7.44444444,2.28571429,2.31428571,7449.06000000,1157.86028571,1.50000000,0.80000000,80000.00000000,9.81000000,102.00000000,51.00000000,7449.06000000,1157.86028571,8.94444444
876.00000000,856.00000000,0.00000000,0.88181718,40407.83042765,150392.85002867,9881.66921876,884.32380952,13767.74054091,40407.83042765,27755.06645817,17115.55315049,34231.10630098,17115.55315049,7.55555556,2.42857143,2.22857143,7560.24000000,1114.97657143,1.50000000,0.80000000,80000.00000000,9.81000000,102.00000000,51.00000000,7560.24000000,1114.97657143,9.05555556
877.00000000,981.00000000,1.00000000,0.88177805,41139.92987450,150699.34995188,9708.38003470,832.02857143,15054.09065425,41139.92987450,27243.69950596,16815.40747929,33630.81495859,16815.40747929,7.00000000,2.14285714,2.31428571,7004.34000000,1157.86028571,1.50000000,0.80000000,80000.00000000,9.81000000,102.00000000,51.00000000,7004.34000000,1157.86028571,8.50000000
878.00000000,1148.00000000,0.00000000,0.88173665,40937.77097904,149525.73784094,9591.15223302,915.73333333,15952.03611714,40937.77097904,26186.47886190,16612.36297072,33224.72594143,16612.36297072,7.77777778,2.28571429,2.40000000,7782.60000000,1200.74400000,1.50000000,0.80000000,80000.00000000,9.81000000,102.00000000,51.00000000,7782.60000000,1200.74400000,9.27777778
879.00000000,1564.00000000,0.00000000,0.88170356,42135.10518815,149244.53952248,9186.35494484,883.51428571,19013.85628240,42135.10518815,24450.64404861,15911.23350083,31822.46700166,15911.23350083,7.33333333,1.85714286,2.65714286,7337.88000000,1329.39514286,1.50000000,0.80000000,80000.00000000,9.81000000,102.00000000,51.00000000,7337.88000000,1329.39514286,8.83333333
880.00000000,703.00000000,0.00000000,0.88165461,40183.89183631,150992.84826458,10039.10673851,845.95238095,12591.21397946,40183.89183631,28664.77071399,17388.24293371,34776.48586741,17388.24293371,7.22222222,2.42857143,2.14285714,7226.70000000,1072.09285714,1.50000000,0.80000000,80000.00000000,9.81000000,102.00000000,51.00000000,7226.70000000,1072.09285714,8.72222222
881.00000000,1009.00000000,0.00000000,0.88164755,40483.97442230,149618.23818808,9741.69302119,922.69523810,14823.29151367,40483.97442230,26818.54319435,16873.10726444,33746.21452888,16873.10726444,7.88888889,2.42857143,2.31428571,7893.78000000,1157.86028571,1.50000000,0.80000000,80000.00000000,9.81000000,102.00000000,51.00000000,7893.78000000,1157.86028571,9.38888889
882.00000000,1134.00000000,0.00000000,0.88155346,41375.23802040,150236.62178316,9567.47363482,870.40000000,16116.08625765,41375.23802040,26459.89576275,16571.35043559,33142.70087117,16571.35043559,7.33333333,2.14285714,2.40000000,7337.88000000,1200.74400000,1.50000000,0.80000000,80000.00000000,9.81000000,102.00000000,51.00000000,7337.88000000,1200.74400000,8.83333333
883.00000000,1993.00000000,1.00000000,0.88148503,42765.31277092,148421.98652906,8867.13519503,885.29523810,21482.77786992,42765.31277092,22740.58118671,15358.32867538,30716.65735075,15358.32867538,7.22222222,1.57142857,2.91428571,7226.70000000,1458.04628571,1.50000000,0.80000000,80000.00000000,9.81000000,102.00000000,51.00000000,7226.70000000,1458.04628571,8.72222222
884.00000000,1855.00000000,0.00000000,0.88143335,42441.73881815,148486.62795332,8976.06286632,903.59047619,20642.33739727,42441.73881815,23214.56399231,15546.99693640,31093.99387279,15546.99693640,7.44444444,1.71428571,2.82857143,7449.06000000,1415.16257143,1.50000000,0.80000000,80000.00000000,9.81000000,102.00000000,51.00000000,7449.06000000,1415.16257143,8.94444444
885.00000000,438.00000000,0.00000000,0.88134334,38636.66479759,150499.94071501,10426.98709755,893.87619048,9732.36516588,38636.66479759,29890.62506028,18060.07142281,36120.14284563,18060.07142281,7.77777778,2.85714286,1.97142857,7782.60000000,986.32542857,1.50000000,0.80000000,80000.00000000,9.81000000,102.00000000,51.00000000,7782.60000000,986.32542857,9.27777778
886.00000000,1287.00000000,0.00000000,0.88104108,41475.69084619,149613.19426322,9442.30165921,908.77142857,17069.07057201,41475.69084619,25650.24798846,16354.54621414,32709.09242828,16354.54621414,7.66666667,2.14285714,2.48571429,7671.42000000,1243.62771429,1.50000000,0.80000000,80000.00000000,9.81000000,102.00000000,51.00000000,7671.42000000,1243.62771429,9.16666667
887.00000000,2160.00000000,1.00000000,0.88073472,42093.30706422,146892.28559633,8834.14349054,969.00000000,21797.11853211,42093.30706422,21797.11853211,15301.18536697,30602.37073394,15301.18536697,8.00000000,1.71428571,3.00000000,8004.96000000,1500.93000000,1.50000000,0.80000000,80000.00000000,9.81000000,102.00000000,51.00000000,8004.96000000,1500.93000000,9.50000000
888.00000000,2131.00000000,1.00000000,0.88072712,43164.37141414,148498.88212121,8756.84607920,867.00000000,22332.65070707,43164.37141414,22332.65070707,15167.30232323,30334.60464646,15167.30232323,7.00000000,1.42857143,3.00000000,7004.34000000,1500.93000000,1.50000000,0.80000000,80000.00000000,9.81000000,102.00000000,51.00000000,7004.34000000,1500.93000000,8.50000000
889.00000000,870.00000000,0.00000000,0.88063002,40147.63238853,149957.51869400,9893.94725691,929.65714286,13682.67579735,40147.63238853,27579.93316261,17136.81933638,34273.63867275,17136.81933638,8.00000000,2.57142857,2.22857143,8004.96000000,1114.97657143,1.50000000,0.80000000,80000.00000000,9.81000000,102.00000000,51.00000000,8004.96000000,1114.97657143,9.50000000
890.00000000,1717.00000000,0.00000000,0.88052332,42206.63750048,148719.08952641,9083.67343979,921.88571429,19811.02204597,42206.63750048,23767.89431164,15733.38391708,31466.76783416,15733.38391708,7.66666667,1.85714286,2.74285714,7671.42000000,1372.27885714,1.50000000,0.80000000,80000.00000000,9.81000000,102.00000000,51.00000000,7671.42000000,1372.27885714,9.16666667
891.00000000,717.00000000,0.00000000,0.88035438,40127.19534984,150896.46423758,10041.56176839,891.28571429,12574.20503352,40127.19534984,28625.08317346,17392.49517019,34784.99034038,17392.49517019,7.66666667,2.57142857,2.14285714,7671.42000000,1072.09285714,1.50000000,0.80000000,80000.00000000,9.81000000,102.00000000,51.00000000,7671.42000000,1072.09285714,9.16666667
892.00000000,285.00000000,0.00000000,0.88031275,38380.83217089,151269.64386527,10618.12642674,855.50476190,8322.34561937,38380.83217089,31001.92826581,18391.13445230,36782.26890460,18391.13445230,7.44444444,2.85714286,1.88571429,7449.06000000,943.44171429,1.50000000,0.80000000,80000.00000000,9.81000000,102.00000000,51.00000000,7449.06000000,943.44171429,8.94444444
893.00000000,1273.00000000,0.00000000,0.88017554,41985.56546536,150430.75184224,9413.11780697,863.43809524,17271.26223134,41985.56546536,25957.93094831,16303.99829931,32607.99659862,16303.99829931,7.22222222,2.00000000,2.48571429,7226.70000000,1243.62771429,1.50000000,0.80000000,80000.00000000,9.81000000,102.00000000,51.00000000,7226.70000000,1243.62771429,8.72222222
894.00000000,1440.00000000,0.00000000,0.88005044,41483.05188350,148897.77738696,9330.72544825,947.14285714,17927.86066574,41483.05188350,24841.70264632,16161.29054785,32322.58109570,16161.29054785,8.00000000,2.14285714,2.57142857,8004.96000000,1286.51142857,1.50000000,0.80000000,80000.00000000,9.81000000,102.00000000,51.00000000,8004.96000000,1286.51142857,9.50000000
895.00000000,2146.00000000,1.00000000,0.87988874,42835.71517497,148005.89776246,8780.56480022,923.66666667,22168.32258749,42835.71517497,22168.32258749,15208.38435313,30416.76870626,15208.38435313,7.55555556,1.57142857,3.00000000,7560.24000000,1500.93000000,1.50000000,0.80000000,80000.00000000,9.81000000,102.00000000,51.00000000,7560.24000000,1500.93000000,9.05555556
896.00000000,132.00000000,0.00000000,0.87977451,37731.93207559,151426.60380524,10834.29269598,817.13333333,6738.93434593,37731.93207559,31893.55572966,18765.54541352,37531.09082703,18765.54541352,7.11111111,2.85714286,1.80000000,7115.52000000,900.55800000,1.50000000,0.80000000,80000.00000000,9.81000000,102.00000000,51.00000000,7115.52000000,900.55800000,8.61111111
897.00000000,2008.00000000,0.00000000,0.87975311,42482.50781002,147993.62019122,8886.94460007,941.96190476,21345.53428595,42482.50781002,22595.01980978,15392.63957137,30785.27914274,15392.63957137,7.77777778,1.71428571,2.91428571,7782.60000000,1458.04628571,1.50000000,0.80000000,80000.00000000,9.81000000,102.00000000,51.00000000,7782.60000000,1458.04628571,9.27777778
898.00000000,564.00000000,0.00000000,0.87966867,39965.19416277,151679.50443027,10207.53933038,852.91428571,11338.51132385,39965.19416277,29655.89198178,17679.97674047,35359.95348093,17679.97674047,7.33333333,2.57142857,2.05714286,7337.88000000,1029.20914286,1.50000000,0.80000000,80000.00000000,9.81000000,102.00000000,51.00000000,7337.88000000,1029.20914286,8.83333333
899.00000000,1426.00000000,0.00000000,0.87966408,42075.11335497,149835.20805014,9295.11848472,901.80952381,18174.55294552,42075.11335497,25187.07183802,16099.61747790,32199.23495581,16099.61747790,7.55555556,2.00000000,2.57142857,7560.24000000,1286.51142857,1.50000000,0.80000000,80000.00000000,9.81000000,102.00000000,51.00000000,7560.24000000,1286.51142857,9.05555556
900.00000000,1841.00000000,1.00000000,0.87916966,43128.37407419,149537.38796635,8929.51248546,858.25714286,20964.84789632,43128.37407419,23578.68874930,15466.36931163,30932.73862327,15466.36931163,7.00000000,1.57142857,2.82857143,7004.34000000,1415.16257143,1.50000000,0.80000000,80000.00000000,9.81000000,102.00000000,51.00000000,7004.34000000,1415.16257143,8.50000000
901.00000000,411.00000000,1.00000000,0.87902382,39564.06749548,152132.97590042,10394.97732488,814.54285714,9954.13537625,39564.06749548,30596.25754780,18004.62887022,36009.25774045,18004.62887022,7.00000000,2.57142857,1.97142857,7004.34000000,986.32542857,1.50000000,0.80000000,80000.00000000,9.81000000,102.00000000,51.00000000,7004.34000000,986.32542857,8.50000000
902.00000000,1703.00000000,0.00000000,0.87891835,42870.63844923,149746.21599401,9040.24581218,876.55238095,20111.89747588,42870.63844923,24131.01983049,15658.16505960,31316.33011920,15658.16505960,7.22222222,1.71428571,2.74285714,7226.70000000,1372.27885714,1.50000000,0.80000000,80000.00000000,9.81000000,102.00000000,51.00000000,7226.70000000,1372.27885714,8.72222222
903.00000000,1870.00000000,0.00000000,0.87885599,42204.92468701,148124.23057081,8992.11766091,960.25714286,20531.10651749,42204.92468701,23088.98074094,15574.80465634,31149.60931268,15574.80465634,8.00000000,1.85714286,2.82857143,8004.96000000,1415.16257143,1.50000000,0.80000000,80000.00000000,9.81000000,102.00000000,51.00000000,8004.96000000,1415.16257143,9.50000000
904.00000000,1579.00000000,0.00000000,0.87869382,42076.96638984,149153.58043479,9190.00935683,940.18095238,18988.53777345,42076.96638984,24417.82375924,15917.56312807,31835.12625613,15917.56312807,7.88888889,2.00000000,2.65714286,7893.78000000,1329.39514286,1.50000000,0.80000000,80000.00000000,9.81000000,102.00000000,51.00000000,7893.78000000,1329.39514286,9.38888889
905.00000000,1994.00000000,0.00000000,0.87818301,43211.47192031,149097.78641711,8835.88345435,896.62857143,21699.29628066,43211.47192031,22970.22192537,15304.19907269,30608.39814539,15304.19907269,7.33333333,1.57142857,2.91428571,7337.88000000,1458.04628571,1.50000000,0.80000000,80000.00000000,9.81000000,102.00000000,51.00000000,7337.88000000,1458.04628571,8.83333333
906.00000000,1412.00000000,0.00000000,0.87811994,42649.81443143,150745.15142119,9260.55558668,856.47619048,18414.01172738,42649.81443143,25522.31413262,16039.75278244,32079.50556488,16039.75278244,7.11111111,1.85714286,2.57142857,7115.52000000,1286.51142857,1.50000000,0.80000000,80000.00000000,9.81000000,102.00000000,51.00000000,7115.52000000,1286.51142857,8.61111111
907.00000000,1856.00000000,0.00000000,0.87792628,42914.88281386,149210.68164372,8943.98610794,914.92380952,20864.57169829,42914.88281386,23465.47368700,15491.43836114,30982.87672229,15491.43836114,7.55555556,1.71428571,2.82857143,7560.24000000,1415.16257143,1.50000000,0.80000000,80000.00000000,9.81000000,102.00000000,51.00000000,7560.24000000,1415.16257143,9.05555556
908.00000000,1565.00000000,0.00000000,0.87768757,42720.16058838,150159.86813251,9149.58030329,894.84761905,19268.63847282,42720.16058838,24780.91725842,15847.53795322,31695.07590645,15847.53795322,7.44444444,1.85714286,2.65714286,7449.06000000,1329.39514286,1.50000000,0.80000000,80000.00000000,9.81000000,102.00000000,51.00000000,7449.06000000,1329.39514286,8.94444444
909.00000000,2132.00000000,1.00000000,0.87763052,43585.43198895,149130.47298343,8726.45864967,878.33333333,22543.18099448,43585.43198895,22543.18099448,15114.66975138,30229.33950276,15114.66975138,7.11111111,1.42857143,3.00000000,7115.52000000,1500.93000000,1.50000000,0.80000000,80000.00000000,9.81000000,102.00000000,51.00000000,7115.52000000,1500.93000000,8.61111111
910.00000000,578.00000000,0.00000000,0.87741092,40072.27119546,151864.65846596,10203.35353664,898.24761905,11367.51135353,40072.27119546,29733.96898479,17672.72673305,35345.45346609,17672.72673305,7.77777778,2.71428571,2.05714286,7782.60000000,1029.20914286,1.50000000,0.80000000,80000.00000000,9.81000000,102.00000000,51.00000000,7782.60000000,1029.20914286,9.27777778
911.00000000,1718.00000000,0.00000000,0.87680848,42709.12863080,149496.38049363,9050.80903240,933.21904762,20038.71333940,42709.12863080,24042.69414854,15676.46109372,31352.92218744,15676.46109372,7.77777778,1.85714286,2.74285714,7782.60000000,1372.27885714,1.50000000,0.80000000,80000.00000000,9.81000000,102.00000000,51.00000000,7782.60000000,1372.27885714,9.27777778
912.00000000,2147.00000000,1.00000000,0.87676183,43222.44015674,148585.98523511,8752.65532868,935.00000000,22361.68507837,43222.44015674,22361.68507837,15160.04373041,30320.08746082,15160.04373041,7.66666667,1.57142857,3.00000000,7671.42000000,1500.93000000,1.50000000,0.80000000,80000.00000000,9.81000000,102.00000000,51.00000000,7671.42000000,1500.93000000,9.16666667
913.00000000,1149.00000000,0.00000000,0.87676053,41714.10667024,150787.28333914,9549.13183112,927.06666667,16243.16200134,41714.10667024,26671.68866890,16539.58149966,33079.16299933,16539.58149966,7.88888889,2.28571429,2.40000000,7893.78000000,1200.74400000,1.50000000,0.80000000,80000.00000000,9.81000000,102.00000000,51.00000000,7893.78000000,1200.74400000,9.38888889
914.00000000,996.00000000,0.00000000,0.87652939,41765.80761914,151730.88919768,9676.59455784,888.69523810,15274.30689774,41765.80761914,27649.36100711,16760.35341842,33520.70683684,16760.35341842,7.55555556,2.28571429,2.31428571,7560.24000000,1157.86028571,1.50000000,0.80000000,80000.00000000,9.81000000,102.00000000,51.00000000,7560.24000000,1157.86028571,9.05555556
915.00000000,2009.00000000,0.00000000,0.87645208,42892.18518170,148614.16091598,8858.24826828,953.29523810,21544.34830456,42892.18518170,22805.88316285,15342.93606672,30685.87213343,15342.93606672,7.88888889,1.71428571,2.91428571,7893.78000000,1458.04628571,1.50000000,0.80000000,80000.00000000,9.81000000,102.00000000,51.00000000,7893.78000000,1458.04628571,9.38888889
916.00000000,1288.00000000,0.00000000,0.87642633,42170.43544083,150727.18128567,9402.53634666,920.10476190,17344.57273885,42170.43544083,26069.49041627,16285.67067243,32571.34134486,16285.67067243,7.77777778,2.14285714,2.48571429,7782.60000000,1243.62771429,1.50000000,0.80000000,80000.00000000,9.81000000,102.00000000,51.00000000,7782.60000000,1243.62771429,9.27777778
917.00000000,1135.00000000,0.00000000,0.87640484,42198.22376725,151573.97362178,9522.92822459,881.73333333,16424.70591272,42198.22376725,26974.26185453,16494.19552182,32988.39104364,16494.19552182,7.44444444,2.14285714,2.40000000,7449.06000000,1200.74400000,1.50000000,0.80000000,80000.00000000,9.81000000,102.00000000,51.00000000,7449.06000000,1200.74400000,8.94444444
918.00000000,1010.00000000,0.00000000,0.87625015,41356.71071196,151056.63688770,9697.37072441,934.02857143,15130.36539336,41356.71071196,27384.20560431,16796.33879452,33592.67758903,16796.33879452,8.00000000,2.42857143,2.31428571,8004.96000000,1157.86028571,1.50000000,0.80000000,80000.00000000,9.81000000,102.00000000,51.00000000,8004.96000000,1157.86028571,9.50000000
919.00000000,982.00000000,0.00000000,0.87595717,42126.20595699,152324.87905080,9658.29156955,843.36190476,15401.11372032,42126.20595699,27882.95252239,16728.65171278,33457.30342556,16728.65171278,7.11111111,2.14285714,2.31428571,7115.52000000,1157.86028571,1.50000000,0.80000000,80000.00000000,9.81000000,102.00000000,51.00000000,7115.52000000,1157.86028571,8.61111111
920.00000000,843.00000000,0.00000000,0.87582023,41718.23132362,152585.25152770,9819.83496265,850.32380952,14196.14083382,41718.23132362,28637.06706123,17008.45307726,34016.90615452,17008.45307726,7.22222222,2.28571429,2.22857143,7226.70000000,1114.97657143,1.50000000,0.80000000,80000.00000000,9.81000000,102.00000000,51.00000000,7226.70000000,1114.97657143,8.72222222
921.00000000,425.00000000,0.00000000,0.87575276,40054.21061773,152996.05400699,10378.05978739,859.87619048,10071.34351418,40054.21061773,30969.19253212,17975.32683574,35950.65367148,17975.32683574,7.44444444,2.71428571,1.97142857,7449.06000000,986.32542857,1.50000000,0.80000000,80000.00000000,9.81000000,102.00000000,51.00000000,7449.06000000,986.32542857,8.94444444
922.00000000,1842.00000000,0.00000000,0.87567360,43625.89473665,150298.74534375,8895.78311296,869.59047619,21198.53184384,43625.89473665,23842.52546424,15407.94832475,30815.89664951,15407.94832475,7.11111111,1.57142857,2.82857143,7115.52000000,1415.16257143,1.50000000,0.80000000,80000.00000000,9.81000000,102.00000000,51.00000000,7115.52000000,1415.16257143,8.61111111
923.00000000,857.00000000,0.00000000,0.87562831,41459.32121503,152152.07499986,9832.05222686,895.65714286,14111.49714447,41459.32121503,28462.80064198,17029.61399960,34059.22799919,17029.61399960,7.66666667,2.42857143,2.22857143,7671.42000000,1114.97657143,1.50000000,0.80000000,80000.00000000,9.81000000,102.00000000,51.00000000,7671.42000000,1114.97657143,9.16666667
924.00000000,1551.00000000,1.00000000,0.87547416,43353.64140834,151150.95909278,9109.76180050,849.51428571,19544.50915248,43353.64140834,25138.52739872,15778.57028331,31557.14056662,15778.57028331,7.00000000,1.71428571,2.65714286,7004.34000000,1329.39514286,1.50000000,0.80000000,80000.00000000,9.81000000,102.00000000,51.00000000,7004.34000000,1329.39514286,8.50000000
925.00000000,1274.00000000,0.00000000,0.87543394,42720.91702806,151609.85003760,9371.02826076,874.77142857,17562.86716137,42720.91702806,26401.67758097,16231.09706680,32462.19413360,16231.09706680,7.33333333,2.00000000,2.48571429,7337.88000000,1243.62771429,1.50000000,0.80000000,80000.00000000,9.81000000,102.00000000,51.00000000,7337.88000000,1243.62771429,8.83333333
926.00000000,1427.00000000,0.00000000,0.87537386,42699.58367727,150823.95272710,9257.56243173,913.14285714,18434.74891315,42699.58367727,25551.34619269,16034.56848600,32069.13697200,16034.56848600,7.66666667,2.00000000,2.57142857,7671.42000000,1286.51142857,1.50000000,0.80000000,80000.00000000,9.81000000,102.00000000,51.00000000,7671.42000000,1286.51142857,9.16666667
927.00000000,1704.00000000,0.00000000,0.87518149,43399.37145709,150564.09986555,9005.66510832,887.88571429,20351.47962007,43399.37145709,24420.17069417,15598.26952355,31196.53904711,15598.26952355,7.33333333,1.71428571,2.74285714,7337.88000000,1372.27885714,1.50000000,0.80000000,80000.00000000,9.81000000,102.00000000,51.00000000,7337.88000000,1372.27885714,8.83333333
928.00000000,1121.00000000,1.00000000,0.87509655,42646.17649231,152301.89680000,9498.68207211,836.40000000,16592.68818462,42646.17649231,27254.23230769,16452.19995385,32904.39990769,16452.19995385,7.00000000,2.00000000,2.40000000,7004.34000000,1200.74400000,1.50000000,0.80000000,80000.00000000,9.81000000,102.00000000,51.00000000,7004.34000000,1200.74400000,8.50000000
929.00000000,299.00000000,0.00000000,0.87502386,39145.15630298,152641.95310243,10595.56083190,900.83809524,8478.68464639,39145.15630298,31609.91337088,18352.04969555,36704.09939109,18352.04969555,7.88888889,3.00000000,1.88571429,7893.78000000,943.44171429,1.50000000,0.80000000,80000.00000000,9.81000000,102.00000000,51.00000000,7893.78000000,943.44171429,9.38888889
930.00000000,1995.00000000,0.00000000,0.87490868,43640.73135955,149747.98821479,8805.81547368,907.96190476,21907.61336146,43640.73135955,23191.16428380,15252.11980249,30504.23960498,15252.11980249,7.44444444,1.57142857,2.91428571,7449.06000000,1458.04628571,1.50000000,0.80000000,80000.00000000,9.81000000,102.00000000,51.00000000,7449.06000000,1458.04628571,8.94444444
931.00000000,1580.00000000,0.00000000,0.87476309,42611.77830521,149990.30230238,9156.39285405,951.51428571,19221.43973660,42611.77830521,24719.73371146,15859.33763728,31718.67527456,15859.33763728,8.00000000,2.00000000,2.65714286,8004.96000000,1329.39514286,1.50000000,0.80000000,80000.00000000,9.81000000,102.00000000,51.00000000,8004.96000000,1329.39514286,9.50000000
932.00000000,2133.00000000,1.00000000,0.87455922,43990.27631121,149737.73946681,8697.24152737,889.66666667,22745.60315560,43990.27631121,22745.60315560,15064.06421110,30128.12842220,15064.06421110,7.22222222,1.42857143,3.00000000,7226.70000000,1500.93000000,1.50000000,0.80000000,80000.00000000,9.81000000,102.00000000,51.00000000,7226.70000000,1500.93000000,8.72222222
933.00000000,1857.00000000,0.00000000,0.87444937,43370.38898937,149907.74412442,8913.10510414,926.25714286,21078.52156860,43370.38898937,23707.02999220,15437.95089356,30875.90178713,15437.95089356,7.66666667,1.71428571,2.82857143,7671.42000000,1415.16257143,1.50000000,0.80000000,80000.00000000,9.81000000,102.00000000,51.00000000,7671.42000000,1415.16257143,9.16666667
934.00000000,704.00000000,0.00000000,0.87443114,41471.74621172,153182.20070278,9983.34100824,857.28571429,12977.57029209,41471.74621172,29566.26877677,17291.65385555,34583.30771110,17291.65385555,7.33333333,2.42857143,2.14285714,7337.88000000,1072.09285714,1.50000000,0.80000000,80000.00000000,9.81000000,102.00000000,51.00000000,7337.88000000,1072.09285714,8.83333333
935.00000000,272.00000000,0.00000000,0.87395986,39830.43886948,153872.34680138,10575.32882811,821.50476190,8618.85608045,39830.43886948,32155.02450332,18317.00683703,36634.01367406,18317.00683703,7.11111111,2.71428571,1.88571429,7115.52000000,943.44171429,1.50000000,0.80000000,80000.00000000,9.81000000,102.00000000,51.00000000,7115.52000000,943.44171429,8.61111111
936.00000000,1413.00000000,0.00000000,0.87374552,43309.69128456,151789.95643865,9220.87016180,867.80952381,18688.96041618,43309.69128456,25907.24229694,15971.01561024,31942.03122048,15971.01561024,7.22222222,1.85714286,2.57142857,7226.70000000,1286.51142857,1.50000000,0.80000000,80000.00000000,9.81000000,102.00000000,51.00000000,7226.70000000,1286.51142857,8.72222222
937.00000000,1566.00000000,0.00000000,0.87369864,43283.21402354,151040.77431333,9114.18863226,906.18095238,19513.83916232,43283.21402354,25098.77000407,15786.23778085,31572.47556169,15786.23778085,7.55555556,1.85714286,2.65714286,7560.24000000,1329.39514286,1.50000000,0.80000000,80000.00000000,9.81000000,102.00000000,51.00000000,7560.24000000,1329.39514286,9.05555556
938.00000000,2148.00000000,1.00000000,0.87366414,43594.80742533,149144.53613800,8725.78203583,946.33333333,22547.86871267,43594.80742533,22547.86871267,15113.49782183,30226.99564367,15113.49782183,7.77777778,1.57142857,3.00000000,7782.60000000,1500.93000000,1.50000000,0.80000000,80000.00000000,9.81000000,102.00000000,51.00000000,7782.60000000,1500.93000000,9.27777778
939.00000000,718.00000000,0.00000000,0.87342692,41333.51325726,152947.20468019,9989.32667075,902.61904762,12936.10040575,41333.51325726,29469.50570865,17302.02132713,34604.04265427,17302.02132713,7.77777778,2.57142857,2.14285714,7782.60000000,1072.09285714,1.50000000,0.80000000,80000.00000000,9.81000000,102.00000000,51.00000000,7782.60000000,1072.09285714,9.27777778
940.00000000,2010.00000000,0.00000000,0.87318298,43286.89992244,149212.03765563,8830.60001151,964.62857143,21735.90104640,43286.89992244,23009.04516176,15295.04788126,30590.09576252,15295.04788126,8.00000000,1.71428571,2.91428571,8004.96000000,1458.04628571,1.50000000,0.80000000,80000.00000000,9.81000000,102.00000000,51.00000000,8004.96000000,1458.04628571,9.50000000
941.00000000,1719.00000000,0.00000000,0.87312632,43193.17420763,150245.13849529,9019.15101881,944.55238095,20258.04649140,43193.17420763,24307.40657337,15621.62780572,31243.25561144,15621.62780572,7.88888889,1.85714286,2.74285714,7893.78000000,1372.27885714,1.50000000,0.80000000,80000.00000000,9.81000000,102.00000000,51.00000000,7893.78000000,1372.27885714,9.38888889
942.00000000,551.00000000,1.00000000,0.87297153,41335.49330203,154048.98002524,10153.97238506,818.91428571,11709.63400739,41335.49330203,30655.06843749,17587.19606958,35174.39213916,17587.19606958,7.00000000,2.42857143,2.05714286,7004.34000000,1029.20914286,1.50000000,0.80000000,80000.00000000,9.81000000,102.00000000,51.00000000,7004.34000000,1029.20914286,8.50000000
943.00000000,439.00000000,0.00000000,0.87233116,40372.54788885,153556.60441919,10367.07221564,905.20952381,10147.46764423,40372.54788885,31211.40567319,17956.29580323,35912.59160646,17956.29580323,7.88888889,2.85714286,1.97142857,7893.78000000,986.32542857,1.50000000,0.80000000,80000.00000000,9.81000000,102.00000000,51.00000000,7893.78000000,986.32542857,9.38888889
944.00000000,1843.00000000,0.00000000,0.87220828,44104.27615401,151030.81387638,8863.35128401,880.92380952,21423.22614593,44104.27615401,24096.21257951,15351.77474923,30703.54949846,15351.77474923,7.22222222,1.57142857,2.82857143,7226.70000000,1415.16257143,1.50000000,0.80000000,80000.00000000,9.81000000,102.00000000,51.00000000,7226.70000000,1415.16257143,8.72222222
945.00000000,1981.00000000,1.00000000,0.87202518,44395.53064267,150891.28712892,8752.94467299,862.62857143,22273.91301356,44395.53064267,23579.66391482,15160.54488947,30321.08977893,15160.54488947,7.00000000,1.42857143,2.91428571,7004.34000000,1458.04628571,1.50000000,0.80000000,80000.00000000,9.81000000,102.00000000,51.00000000,7004.34000000,1458.04628571,8.50000000
946.00000000,1289.00000000,0.00000000,0.87183019,42839.57435526,151800.11092432,9364.23663440,931.43809524,17609.92092906,42839.57435526,26473.28114049,16219.33362488,32438.66724976,16219.33362488,7.88888889,2.14285714,2.48571429,7893.78000000,1243.62771429,1.50000000,0.80000000,80000.00000000,9.81000000,102.00000000,51.00000000,7893.78000000,1243.62771429,9.38888889
947.00000000,1150.00000000,0.00000000,0.87178544,42461.96258218,152002.54919604,9508.65294248,938.40000000,16523.60796832,42461.96258218,27139.09861386,16469.47000792,32938.94001584,16469.47000792,8.00000000,2.28571429,2.40000000,8004.96000000,1200.74400000,1.50000000,0.80000000,80000.00000000,9.81000000,102.00000000,51.00000000,8004.96000000,1200.74400000,9.50000000
948.00000000,1996.00000000,0.00000000,0.87166686,44053.84377987,150373.73202792,8776.87852988,919.29523810,22108.09438897,44053.84377987,23403.79567661,15201.99954561,30403.99909123,15201.99954561,7.55555556,1.57142857,2.91428571,7560.24000000,1458.04628571,1.50000000,0.80000000,80000.00000000,9.81000000,102.00000000,51.00000000,7560.24000000,1458.04628571,9.05555556
949.00000000,146.00000000,0.00000000,0.87162979,39316.00774679,154330.74253578,10796.18575785,862.46666667,7002.94695780,39316.00774679,33213.61878899,18699.54226055,37399.08452110,18699.54226055,7.55555556,3.00000000,1.80000000,7560.24000000,900.55800000,1.50000000,0.80000000,80000.00000000,9.81000000,102.00000000,51.00000000,7560.24000000,900.55800000,9.05555556
950.00000000,2134.00000000,1.00000000,0.87151728,44379.63437299,150321.77655949,8669.14202965,901.00000000,22940.28218650,44379.63437299,22940.28218650,15015.39445338,30030.78890675,15015.39445338,7.33333333,1.42857143,3.00000000,7337.88000000,1500.93000000,1.50000000,0.80000000,80000.00000000,9.81000000,102.00000000,51.00000000,7337.88000000,1500.93000000,8.83333333
951.00000000,1705.00000000,0.00000000,0.87147840,43908.08294702,151351.01295153,8972.39387100,899.21904762,20581.98951394,43908.08294702,24698.37229022,15540.64205009,31081.28410017,15540.64205009,7.44444444,1.71428571,2.74285714,7449.06000000,1372.27885714,1.50000000,0.80000000,80000.00000000,9.81000000,102.00000000,51.00000000,7449.06000000,1372.27885714,8.94444444
952.00000000,1552.00000000,0.00000000,0.87144018,43947.56276468,152080.15863414,9072.42987435,860.84761905,19803.15232379,43947.56276468,25473.80558375,15713.90949048,31427.81898096,15713.90949048,7.11111111,1.71428571,2.65714286,7115.52000000,1329.39514286,1.50000000,0.80000000,80000.00000000,9.81000000,102.00000000,51.00000000,7115.52000000,1329.39514286,8.61111111
953.00000000,565.00000000,0.00000000,0.87137133,41466.80980013,154276.04813653,10148.83903609,864.24761905,11745.19889230,41466.80980013,30750.82005069,17578.30484835,35156.60969671,17578.30484835,7.44444444,2.57142857,2.05714286,7449.06000000,1029.20914286,1.50000000,0.80000000,80000.00000000,9.81000000,102.00000000,51.00000000,7449.06000000,1029.20914286,8.94444444
954.00000000,1136.00000000,0.00000000,0.87125414,42989.98756127,152860.58978706,9480.07275213,893.06666667,16721.61733548,42989.98756127,27469.11422579,16419.96766613,32839.93533226,16419.96766613,7.55555556,2.14285714,2.40000000,7560.24000000,1200.74400000,1.50000000,0.80000000,80000.00000000,9.81000000,102.00000000,51.00000000,7560.24000000,1200.74400000,9.05555556
955.00000000,1428.00000000,0.00000000,0.87111398,43300.91243247,151776.05658950,9221.39812770,924.47619048,18685.30256115,43300.91243247,25902.12129989,15971.93007400,31943.86014800,15971.93007400,7.77777778,2.00000000,2.57142857,7782.60000000,1286.51142857,1.50000000,0.80000000,80000.00000000,9.81000000,102.00000000,51.00000000,7782.60000000,1286.51142857,9.27777778
956.00000000,1858.00000000,0.00000000,0.87100816,43809.03466728,150579.00493456,8883.36715638,937.59047619,21284.55211429,43809.03466728,23939.64512442,15386.44325714,30772.88651429,15386.44325714,7.77777778,1.71428571,2.82857143,7782.60000000,1415.16257143,1.50000000,0.80000000,80000.00000000,9.81000000,102.00000000,51.00000000,7782.60000000,1415.16257143,9.27777778
957.00000000,997.00000000,0.00000000,0.87088042,42657.31136814,153200.21945066,9631.31914738,900.02857143,15587.98414276,42657.31136814,28227.18751110,16681.93410717,33363.86821434,16681.93410717,7.66666667,2.28571429,2.31428571,7671.42000000,1157.86028571,1.50000000,0.80000000,80000.00000000,9.81000000,102.00000000,51.00000000,7671.42000000,1157.86028571,9.16666667
958.00000000,1275.00000000,0.00000000,0.87071027,43428.25146945,152744.02422811,9330.54233924,886.10476190,17843.36185365,43428.25146945,26828.51733009,16160.97339373,32321.94678746,16160.97339373,7.44444444,2.00000000,2.48571429,7449.06000000,1243.62771429,1.50000000,0.80000000,80000.00000000,9.81000000,102.00000000,51.00000000,7449.06000000,1243.62771429,8.94444444
959.00000000,2149.00000000,1.00000000,0.87059858,43953.42918782,149682.46878173,8699.90073944,957.66666667,22727.17959391,43953.42918782,22727.17959391,15068.67010152,30137.34020305,15068.67010152,7.88888889,1.57142857,3.00000000,7893.78000000,1500.93000000,1.50000000,0.80000000,80000.00000000,9.81000000,102.00000000,51.00000000,7893.78000000,1500.93000000,9.38888889
960.00000000,983.00000000,0.00000000,0.87009320,43073.83363900,153886.70986005,9610.16588044,854.69523810,15734.53827510,43073.83363900,28497.15564962,16645.29557408,33290.59114816,16645.29557408,7.22222222,2.14285714,2.31428571,7226.70000000,1157.86028571,1.50000000,0.80000000,80000.00000000,9.81000000,102.00000000,51.00000000,7226.70000000,1157.86028571,8.72222222
961.00000000,1122.00000000,0.00000000,0.86978166,43486.46197423,153667.36070812,9453.20028625,847.73333333,16907.79524034,43486.46197423,27779.41073389,16373.42318992,32746.84637983,16373.42318992,7.11111111,2.00000000,2.40000000,7115.52000000,1200.74400000,1.50000000,0.80000000,80000.00000000,9.81000000,102.00000000,51.00000000,7115.52000000,1200.74400000,8.61111111
962.00000000,1567.00000000,0.00000000,0.86974708,43825.26884057,151888.82781739,9080.11686471,917.51428571,19749.89529232,43825.26884057,25404.76869111,15727.22374835,31454.44749670,15727.22374835,7.66666667,1.85714286,2.65714286,7671.42000000,1329.39514286,1.50000000,0.80000000,80000.00000000,9.81000000,102.00000000,51.00000000,7671.42000000,1329.39514286,9.16666667
963.00000000,1720.00000000,0.00000000,0.86948319,43659.57870993,150966.60795978,8988.64678372,955.88571429,20469.38603151,43659.57870993,24562.47153556,15568.79292069,31137.58584139,15568.79292069,8.00000000,1.85714286,2.74285714,8004.96000000,1372.27885714,1.50000000,0.80000000,80000.00000000,9.81000000,102.00000000,51.00000000,8004.96000000,1372.27885714,9.50000000
964.00000000,579.00000000,0.00000000,0.86945983,41476.92003644,154293.53042015,10148.44381256,909.58095238,11747.93708130,41476.92003644,30758.19209800,17577.62030110,35155.24060221,17577.62030110,7.88888889,2.71428571,2.05714286,7893.78000000,1029.20914286,1.50000000,0.80000000,80000.00000000,9.81000000,102.00000000,51.00000000,7893.78000000,1029.20914286,9.38888889
965.00000000,1414.00000000,0.00000000,0.86940211,43944.29828571,152794.75085714,9182.70448233,879.14285714,18953.38000000,43944.29828571,26277.42971429,15904.91071429,31809.82142857,15904.91071429,7.33333333,1.85714286,2.57142857,7337.88000000,1286.51142857,1.50000000,0.80000000,80000.00000000,9.81000000,102.00000000,51.00000000,7337.88000000,1286.51142857,8.83333333
966.00000000,858.00000000,0.00000000,0.86936924,42471.17948555,153844.99172170,9784.30538570,906.99047619,14442.29696368,42471.17948555,29143.85909329,16946.91404479,33893.82808959,16946.91404479,7.77777778,2.42857143,2.22857143,7782.60000000,1114.97657143,1.50000000,0.80000000,80000.00000000,9.81000000,102.00000000,51.00000000,7782.60000000,1114.97657143,9.27777778
967.00000000,844.00000000,0.00000000,0.86929055,42795.38699143,154387.41581807,9769.00691481,861.65714286,14548.28787906,42795.38699143,29362.07568379,16920.41631595,33840.83263190,16920.41631595,7.33333333,2.28571429,2.22857143,7337.88000000,1114.97657143,1.50000000,0.80000000,80000.00000000,9.81000000,102.00000000,51.00000000,7337.88000000,1114.97657143,8.83333333
968.00000000,412.00000000,0.00000000,0.86883918,41484.18803660,155514.05772283,10328.70339432,825.87619048,10413.29463608,41484.18803660,32057.21882909,17889.83905527,35779.67811053,17889.83905527,7.11111111,2.57142857,1.97142857,7115.52000000,986.32542857,1.50000000,0.80000000,80000.00000000,9.81000000,102.00000000,51.00000000,7115.52000000,986.32542857,8.61111111
969.00000000,1982.00000000,1.00000000,0.86882485,44828.48900795,151547.09171162,8722.61759671,873.96190476,22484.02516142,44828.48900795,23802.51013224,15108.01685250,30216.03370500,15108.01685250,7.11111111,1.42857143,2.91428571,7115.52000000,1458.04628571,1.50000000,0.80000000,80000.00000000,9.81000000,102.00000000,51.00000000,7115.52000000,1458.04628571,8.61111111
970.00000000,1844.00000000,0.00000000,0.86877978,44564.39684900,151734.93797022,8832.15743923,892.25714286,21639.34344206,44564.39684900,24340.21597836,15297.74542520,30595.49085040,15297.74542520,7.33333333,1.57142857,2.82857143,7337.88000000,1415.16257143,1.50000000,0.80000000,80000.00000000,9.81000000,102.00000000,51.00000000,7337.88000000,1415.16257143,8.83333333
971.00000000,286.00000000,0.00000000,0.86875972,40664.64080519,155370.11845866,10550.70018942,866.83809524,8789.48829457,40664.64080519,32818.59422490,18274.34878350,36548.69756700,18274.34878350,7.55555556,2.85714286,1.88571429,7560.24000000,943.44171429,1.50000000,0.80000000,80000.00000000,9.81000000,102.00000000,51.00000000,7560.24000000,943.44171429,9.05555556
972.00000000,1691.00000000,1.00000000,0.86860139,44622.27210596,152455.77430676,8925.68378587,853.88571429,20905.60647658,44622.27210596,25088.94448652,15459.73780943,30919.47561885,15459.73780943,7.00000000,1.57142857,2.74285714,7004.34000000,1372.27885714,1.50000000,0.80000000,80000.00000000,9.81000000,102.00000000,51.00000000,7004.34000000,1372.27885714,8.50000000
973.00000000,1261.00000000,1.00000000,0.86856954,43995.34825200,153653.33458634,9298.08324423,840.77142857,18068.24506052,43995.34825200,27170.73090576,16104.75259201,32209.50518402,16104.75259201,7.00000000,1.85714286,2.48571429,7004.34000000,1243.62771429,1.50000000,0.80000000,80000.00000000,9.81000000,102.00000000,51.00000000,7004.34000000,1243.62771429,8.50000000
974.00000000,2135.00000000,1.00000000,0.86850779,44754.19299894,150883.61449842,8642.11058920,912.33333333,23127.56149947,44754.19299894,23127.56149947,14968.57462513,29937.14925026,14968.57462513,7.44444444,1.42857143,3.00000000,7449.06000000,1500.93000000,1.50000000,0.80000000,80000.00000000,9.81000000,102.00000000,51.00000000,7449.06000000,1500.93000000,8.94444444
975.00000000,1997.00000000,0.00000000,0.86846118,44451.51782787,150976.09124767,8749.02298497,930.62857143,22301.08326520,44451.51782787,23608.48084838,15153.75232656,30307.50465311,15153.75232656,7.66666667,1.57142857,2.91428571,7671.42000000,1458.04628571,1.50000000,0.80000000,80000.00000000,9.81000000,102.00000000,51.00000000,7671.42000000,1458.04628571,9.16666667
976.00000000,1706.00000000,0.00000000,0.86781607,44397.68200415,152108.36149303,8940.37264336,910.55238095,20803.83908670,44397.68200415,24966.12177459,15485.17965690,30970.35931379,15485.17965690,7.55555556,1.71428571,2.74285714,7560.24000000,1372.27885714,1.50000000,0.80000000,80000.00000000,9.81000000,102.00000000,51.00000000,7560.24000000,1372.27885714,9.05555556
977.00000000,1859.00000000,0.00000000,0.86760689,44231.55215463,151225.58472582,8854.72261799,948.92380952,21483.00729774,44231.55215463,24163.70742832,15336.82946128,30673.65892256,15336.82946128,7.88888889,1.71428571,2.82857143,7893.78000000,1415.16257143,1.50000000,0.80000000,80000.00000000,9.81000000,102.00000000,51.00000000,7893.78000000,1415.16257143,9.38888889
978.00000000,2150.00000000,1.00000000,0.86756731,44298.88333333,150200.65000000,8674.96973396,969.00000000,22899.90666667,44298.88333333,22899.90666667,15025.48833333,30050.97666667,15025.48833333,8.00000000,1.57142857,3.00000000,8004.96000000,1500.93000000,1.50000000,0.80000000,80000.00000000,9.81000000,102.00000000,51.00000000,8004.96000000,1500.93000000,9.50000000
979.00000000,1553.00000000,0.00000000,0.86744493,44518.60300086,152973.56029398,9036.53617951,872.18095238,20051.83113632,44518.60300086,25796.16700740,15651.73978735,31303.47957470,15651.73978735,7.22222222,1.71428571,2.65714286,7226.70000000,1329.39514286,1.50000000,0.80000000,80000.00000000,9.81000000,102.00000000,51.00000000,7226.70000000,1329.39514286,8.72222222
980.00000000,1290.00000000,0.00000000,0.86726916,43484.26771737,152833.84338426,9327.33611982,942.77142857,17865.57519334,43484.26771737,26862.32023832,16155.42005881,32310.84011761,16155.42005881,8.00000000,2.14285714,2.48571429,8004.96000000,1243.62771429,1.50000000,0.80000000,80000.00000000,9.81000000,102.00000000,51.00000000,8004.96000000,1243.62771429,9.50000000
981.00000000,691.00000000,1.00000000,0.86723669,42839.08486590,155506.67641489,9924.13350773,823.28571429,13387.77188834,42839.08486590,30523.40583470,17189.10345649,34378.20691297,17189.10345649,7.00000000,2.28571429,2.14285714,7004.34000000,1072.09285714,1.50000000,0.80000000,80000.00000000,9.81000000,102.00000000,51.00000000,7004.34000000,1072.09285714,8.50000000
982.00000000,705.00000000,0.00000000,0.86704917,42709.35902500,155286.14248535,9929.75080142,868.61904762,13348.85413607,42709.35902500,30432.59774607,17198.83289455,34397.66578911,17198.83289455,7.44444444,2.42857143,2.14285714,7449.06000000,1072.09285714,1.50000000,0.80000000,80000.00000000,9.81000000,102.00000000,51.00000000,7449.06000000,1072.09285714,8.94444444
983.00000000,1429.00000000,0.00000000,0.86689597,43880.14360104,152693.17260641,9186.56278696,935.80952381,18926.64888139,43880.14360104,26240.00614823,15911.59349394,31823.18698788,15911.59349394,7.88888889,2.00000000,2.57142857,7893.78000000,1286.51142857,1.50000000,0.80000000,80000.00000000,9.81000000,102.00000000,51.00000000,7893.78000000,1286.51142857,9.38888889
984.00000000,719.00000000,0.00000000,0.86637758,42494.46992904,154920.83102223,9939.05577222,913.95238095,13284.38740728,42494.46992904,30282.17537890,17214.94957675,34429.89915350,17214.94957675,7.88888889,2.57142857,2.14285714,7893.78000000,1072.09285714,1.50000000,0.80000000,80000.00000000,9.81000000,102.00000000,51.00000000,7893.78000000,1072.09285714,9.38888889
985.00000000,1137.00000000,0.00000000,0.86612816,43752.01112226,154098.87807367,9438.82701699,904.40000000,17007.37617085,43752.01112226,27945.37895141,16348.52795729,32697.05591458,16348.52795729,7.66666667,2.14285714,2.40000000,7671.42000000,1200.74400000,1.50000000,0.80000000,80000.00000000,9.81000000,102.00000000,51.00000000,7671.42000000,1200.74400000,9.16666667
986.00000000,1276.00000000,0.00000000,0.86602329,44108.89243306,153835.39680768,9291.58428061,897.43809524,18113.27120129,44108.89243306,27239.24894606,16093.49605682,32186.99211364,16093.49605682,7.55555556,2.00000000,2.48571429,7560.24000000,1243.62771429,1.50000000,0.80000000,80000.00000000,9.81000000,102.00000000,51.00000000,7560.24000000,1243.62771429,9.05555556
987.00000000,426.00000000,0.00000000,0.86587093,41841.83689249,156143.83070820,10316.35896336,871.20952381,10498.81936249,41841.83689249,32329.34295857,17868.45787366,35736.91574733,17868.45787366,7.55555556,2.71428571,1.97142857,7560.24000000,986.32542857,1.50000000,0.80000000,80000.00000000,9.81000000,102.00000000,51.00000000,7560.24000000,986.32542857,9.05555556
988.00000000,1568.00000000,0.00000000,0.86584081,44347.26829291,152705.50437992,9047.30571086,928.84761905,19977.21763447,44347.26829291,25699.44580130,15670.39316281,31340.78632562,15670.39316281,7.77777778,1.85714286,2.65714286,7782.60000000,1329.39514286,1.50000000,0.80000000,80000.00000000,9.81000000,102.00000000,51.00000000,7782.60000000,1329.39514286,9.27777778
989.00000000,1983.00000000,1.00000000,0.86566172,45244.76597086,152177.62887604,8693.45898882,885.29523810,22686.04192284,45244.76597086,24016.77033374,15057.51266215,30115.02532430,15057.51266215,7.22222222,1.42857143,2.91428571,7226.70000000,1458.04628571,1.50000000,0.80000000,80000.00000000,9.81000000,102.00000000,51.00000000,7226.70000000,1458.04628571,8.72222222
990.00000000,2136.00000000,1.00000000,0.86553307,45114.59899063,151424.22348595,8616.10052716,923.66666667,23307.76449532,45114.59899063,23307.76449532,14923.52387617,29847.04775234,14923.52387617,7.55555556,1.42857143,3.00000000,7560.24000000,1500.93000000,1.50000000,0.80000000,80000.00000000,9.81000000,102.00000000,51.00000000,7560.24000000,1500.93000000,9.05555556
991.00000000,1845.00000000,0.00000000,0.86539268,45007.08238709,152412.38099063,8802.14560949,903.59047619,21847.27149783,45007.08238709,24574.97346069,15245.76341126,30491.52682251,15245.76341126,7.44444444,1.57142857,2.82857143,7449.06000000,1415.16257143,1.50000000,0.80000000,80000.00000000,9.81000000,102.00000000,51.00000000,7449.06000000,1415.16257143,8.94444444
992.00000000,1998.00000000,0.00000000,0.86529439,44834.42128071,151556.07736007,8722.20206371,941.96190476,22486.90405850,44834.42128071,23805.56350793,15107.29712823,30214.59425647,15107.29712823,7.77777778,1.57142857,2.91428571,7782.60000000,1458.04628571,1.50000000,0.80000000,80000.00000000,9.81000000,102.00000000,51.00000000,7782.60000000,1458.04628571,9.27777778
993.00000000,998.00000000,0.00000000,0.86523856,43515.45995408,154614.57545342,9587.73769356,911.36190476,15889.92531189,43515.45995408,28783.39492791,16606.44881489,33212.89762977,16606.44881489,7.77777778,2.28571429,2.31428571,7782.60000000,1157.86028571,1.50000000,0.80000000,80000.00000000,9.81000000,102.00000000,51.00000000,7782.60000000,1157.86028571,9.27777778
994.00000000,1415.00000000,0.00000000,0.86510264,44554.82393857,153761.41647416,9145.98707087,890.47619048,19207.76568869,44554.82393857,26633.56967845,15841.31429211,31682.62858423,15841.31429211,7.44444444,1.85714286,2.57142857,7449.06000000,1286.51142857,1.50000000,0.80000000,80000.00000000,9.81000000,102.00000000,51.00000000,7449.06000000,1286.51142857,8.94444444
995.00000000,2121.00000000,1.00000000,0.86508330,45567.11237624,152102.99356436,8583.44318654,867.00000000,23534.02118812,45567.11237624,23534.02118812,14866.95970297,29733.91940594,14866.95970297,7.00000000,1.28571429,3.00000000,7004.34000000,1500.93000000,1.50000000,0.80000000,80000.00000000,9.81000000,102.00000000,51.00000000,7004.34000000,1500.93000000,8.50000000
996.00000000,1692.00000000,0.00000000,0.86493094,45137.06443302,153252.09368768,8892.01484380,865.21904762,21138.87174978,45137.06443302,25370.47154038,15401.42149113,30802.84298225,15401.42149113,7.11111111,1.57142857,2.74285714,7115.52000000,1372.27885714,1.50000000,0.80000000,80000.00000000,9.81000000,102.00000000,51.00000000,7115.52000000,1372.27885714,8.61111111
997.00000000,1123.00000000,0.00000000,0.86448955,44294.06892782,154979.72200771,9409.48727762,859.06666667,17210.64784793,44294.06892782,28284.16507989,16297.71003802,32595.42007603,16297.71003802,7.22222222,2.00000000,2.40000000,7226.70000000,1200.74400000,1.50000000,0.80000000,80000.00000000,9.81000000,102.00000000,51.00000000,7226.70000000,1200.74400000,8.72222222
998.00000000,1860.00000000,0.00000000,0.86424872,44638.63195500,151848.54017789,8827.12467631,960.25714286,21674.21144640,44638.63195500,24379.58308003,15289.02842412,30578.05684823,15289.02842412,8.00000000,1.71428571,2.82857143,8004.96000000,1415.16257143,1.50000000,0.80000000,80000.00000000,9.81000000,102.00000000,51.00000000,8004.96000000,1415.16257143,9.50000000
999.00000000,133.00000000,0.00000000,0.86424859,40902.22980081,157238.81630149,10758.02718577,828.46666667,7267.31730014,40902.22980081,34535.47050068,18633.44967497,37266.89934993,18633.44967497,7.22222222,2.85714286,1.80000000,7226.70000000,900.55800000,1.50000000,0.80000000,80000.00000000,9.81000000,102.00000000,51.00000000,7226.70000000,900.55800000,8.72222222
1000.00000000,984.00000000,0.00000000,0.86423079,43984.73846363,155388.01595990,9563.90517781,866.02857143,16055.04182450,43984.73846363,29087.55692484,16565.16968673,33130.33937346,16565.16968673,7.33333333,2.14285714,2.31428571,7337.88000000,1157.86028571,1.50000000,0.80000000,80000.00000000,9.81000000,102.00000000,51.00000000,7337.88000000,1157.86028571,8.83333333
1001.00000000,1707.00000000,0.00000000,0.86419978,44869.02349768,152837.46786583,8909.54551443,921.88571429,21017.41570096,44869.02349768,25223.88665387,15431.78550333,30863.57100666,15431.78550333,7.66666667,1.71428571,2.74285714,7671.42000000,1372.27885714,1.50000000,0.80000000,80000.00000000,9.81000000,102.00000000,51.00000000,7671.42000000,1372.27885714,9.16666667
1002.00000000,552.00000000,0.00000000,0.86406055,42880.87792482,156721.20760215,10093.56109879,830.24761905,12128.17567607,42880.87792482,31781.91139161,17482.56065241,34965.12130482,17482.56065241,7.11111111,2.42857143,2.05714286,7115.52000000,1029.20914286,1.50000000,0.80000000,80000.00000000,9.81000000,102.00000000,51.00000000,7115.52000000,1029.20914286,8.61111111
1003.00000000,1262.00000000,0.00000000,0.86376505,44715.50220177,154808.06419545,9256.86356852,852.10476190,18353.82335095,44715.50220177,27605.30656511,16033.35801941,32066.71603881,16033.35801941,7.11111111,1.85714286,2.48571429,7115.52000000,1243.62771429,1.50000000,0.80000000,80000.00000000,9.81000000,102.00000000,51.00000000,7115.52000000,1243.62771429,8.61111111
1004.00000000,300.00000000,0.00000000,0.86372622,41272.76972447,156461.98629102,10532.74603853,912.17142857,8913.87830078,41272.76972447,33302.33313797,18243.25128195,36486.50256389,18243.25128195,8.00000000,3.00000000,1.88571429,8004.96000000,943.44171429,1.50000000,0.80000000,80000.00000000,9.81000000,102.00000000,51.00000000,8004.96000000,943.44171429,9.50000000
1005.00000000,1554.00000000,0.00000000,0.86349716,45067.83347370,153832.84022729,9002.01337404,883.51428571,20291.01214869,45067.83347370,26106.21646787,15591.94453426,31183.88906851,15591.94453426,7.33333333,1.71428571,2.65714286,7337.88000000,1329.39514286,1.50000000,0.80000000,80000.00000000,9.81000000,102.00000000,51.00000000,7337.88000000,1329.39514286,8.83333333
1006.00000000,859.00000000,0.00000000,0.86309329,43445.30326168,155474.77573177,9738.33913274,918.32380952,14760.76050588,43445.30326168,29799.51932723,16867.29815924,33734.59631849,16867.29815924,7.88888889,2.42857143,2.22857143,7893.78000000,1114.97657143,1.50000000,0.80000000,80000.00000000,9.81000000,102.00000000,51.00000000,7893.78000000,1114.97657143,9.38888889
1007.00000000,440.00000000,0.00000000,0.86285567,42042.58413400,156497.32041609,10309.43007090,916.54285714,10546.82413763,42042.58413400,32482.08542494,17856.45667988,35712.91335975,17856.45667988,8.00000000,2.85714286,1.97142857,8004.96000000,986.32542857,1.50000000,0.80000000,80000.00000000,9.81000000,102.00000000,51.00000000,8004.96000000,986.32542857,9.50000000
1008.00000000,566.00000000,0.00000000,0.86282818,42909.92802180,156771.44006151,10092.42548912,875.58095238,12136.04341067,42909.92802180,31803.09375399,17480.59371876,34961.18743752,17480.59371876,7.55555556,2.57142857,2.05714286,7560.24000000,1029.20914286,1.50000000,0.80000000,80000.00000000,9.81000000,102.00000000,51.00000000,7560.24000000,1029.20914286,9.05555556
1009.00000000,845.00000000,0.00000000,0.86273267,43830.91991942,156119.94206299,9720.14293092,872.99047619,14886.82749014,43830.91991942,30059.06900071,16835.78141318,33671.56282636,16835.78141318,7.44444444,2.28571429,2.22857143,7449.06000000,1114.97657143,1.50000000,0.80000000,80000.00000000,9.81000000,102.00000000,51.00000000,7449.06000000,1114.97657143,8.94444444
1010.00000000,1430.00000000,0.00000000,0.86272860,44438.25929796,153576.85579320,9152.99734448,947.14285714,19159.19708844,44438.25929796,26565.57363810,15853.45644218,31706.91288435,15853.45644218,8.00000000,2.00000000,2.57142857,8004.96000000,1286.51142857,1.50000000,0.80000000,80000.00000000,9.81000000,102.00000000,51.00000000,8004.96000000,1286.51142857,9.50000000
1011.00000000,2137.00000000,1.00000000,0.86259477,45461.46200000,151944.51800000,8591.06784569,935.00000000,23481.19600000,45461.46200000,23481.19600000,14880.16600000,29760.33200000,14880.16600000,7.66666667,1.42857143,3.00000000,7671.42000000,1500.93000000,1.50000000,0.80000000,80000.00000000,9.81000000,102.00000000,51.00000000,7671.42000000,1500.93000000,9.16666667
1012.00000000,1984.00000000,0.00000000,0.86253868,45645.11246271,152784.03606222,8665.41624944,896.62857143,22880.32772035,45645.11246271,24222.83102808,15008.94121277,30017.88242554,15008.94121277,7.33333333,1.42857143,2.91428571,7337.88000000,1458.04628571,1.50000000,0.80000000,80000.00000000,9.81000000,102.00000000,51.00000000,7337.88000000,1458.04628571,8.83333333
1013.00000000,1401.00000000,1.00000000,0.86223624,45219.56899850,154813.92948571,9106.00886886,845.14285714,19484.74279699,45219.56899850,27021.33763008,15772.07001504,31544.14003008,15772.07001504,7.00000000,1.71428571,2.57142857,7004.34000000,1286.51142857,1.50000000,0.80000000,80000.00000000,9.81000000,102.00000000,51.00000000,7004.34000000,1286.51142857,8.50000000
1014.00000000,2122.00000000,1.00000000,0.86217714,45943.51697725,152667.60046587,8556.27852433,878.33333333,23722.22348862,45943.51697725,23722.22348862,14819.90912784,29639.81825569,14819.90912784,7.11111111,1.28571429,3.00000000,7115.52000000,1500.93000000,1.50000000,0.80000000,80000.00000000,9.81000000,102.00000000,51.00000000,7115.52000000,1500.93000000,8.61111111
1015.00000000,1999.00000000,0.00000000,0.86216846,45203.18395059,152114.64434532,8696.37165018,953.29523810,22665.86241299,45203.18395059,23995.36782331,15062.55753961,30125.11507922,15062.55753961,7.88888889,1.57142857,2.91428571,7893.78000000,1458.04628571,1.50000000,0.80000000,80000.00000000,9.81000000,102.00000000,51.00000000,7893.78000000,1458.04628571,9.38888889
1016.00000000,1846.00000000,0.00000000,0.86205041,45433.10930762,153064.33127812,8773.26314936,914.92380952,22047.37505142,45433.10930762,24800.89682764,15195.73752286,30391.47504572,15195.73752286,7.55555556,1.57142857,2.82857143,7560.24000000,1415.16257143,1.50000000,0.80000000,80000.00000000,9.81000000,102.00000000,51.00000000,7560.24000000,1415.16257143,9.05555556
1017.00000000,1569.00000000,0.00000000,0.86198577,44850.09997309,153492.19265375,9015.69937957,940.18095238,20196.19272100,44850.09997309,25983.30239495,15615.64939118,31231.29878236,15615.64939118,7.88888889,1.85714286,2.65714286,7893.78000000,1329.39514286,1.50000000,0.80000000,80000.00000000,9.81000000,102.00000000,51.00000000,7893.78000000,1329.39514286,9.38888889
1018.00000000,1831.00000000,1.00000000,0.86193720,45789.25481598,153609.34182878,8749.11829383,858.25714286,22214.65551746,45789.25481598,24989.76186994,15153.91740635,30307.83481270,15153.91740635,7.00000000,1.42857143,2.82857143,7004.34000000,1415.16257143,1.50000000,0.80000000,80000.00000000,9.81000000,102.00000000,51.00000000,7004.34000000,1415.16257143,8.50000000
1019.00000000,831.00000000,1.00000000,0.86173629,44158.02090424,156667.20717220,9704.70792463,827.65714286,14993.76435056,44158.02090424,30279.23312511,16809.04719807,33618.09439615,16809.04719807,7.00000000,2.14285714,2.22857143,7004.34000000,1114.97657143,1.50000000,0.80000000,80000.00000000,9.81000000,102.00000000,51.00000000,7004.34000000,1114.97657143,8.50000000
1020.00000000,1277.00000000,0.00000000,0.86138728,44764.08147598,154885.95854893,9254.08302148,908.77142857,18373.08754589,44764.08147598,27634.62164437,16028.54197067,32057.08394134,16028.54197067,7.66666667,2.00000000,2.48571429,7671.42000000,1243.62771429,1.50000000,0.80000000,80000.00000000,9.81000000,102.00000000,51.00000000,7671.42000000,1243.62771429,9.16666667
1021.00000000,580.00000000,0.00000000,0.86132206,42828.84686769,156631.23723253,10095.59506693,920.91428571,12114.08393143,42828.84686769,31743.97207912,17486.08358857,34972.16717714,17486.08358857,8.00000000,2.71428571,2.05714286,8004.96000000,1029.20914286,1.50000000,0.80000000,80000.00000000,9.81000000,102.00000000,51.00000000,8004.96000000,1029.20914286,9.50000000
1022.00000000,1693.00000000,0.00000000,0.86130869,45632.04625644,154017.76869579,8859.64156732,876.55238095,21363.16038852,45632.04625644,25641.16472506,15345.34933144,30690.69866288,15345.34933144,7.22222222,1.57142857,2.74285714,7226.70000000,1372.27885714,1.50000000,0.80000000,80000.00000000,9.81000000,102.00000000,51.00000000,7226.70000000,1372.27885714,8.72222222
1023.00000000,273.00000000,0.00000000,0.86120497,42190.00162986,158108.83448478,10505.66605678,832.83809524,9101.49391780,42190.00162986,34031.94942635,18196.34737769,36392.69475539,18196.34737769,7.22222222,2.71428571,1.88571429,7226.70000000,943.44171429,1.50000000,0.80000000,80000.00000000,9.81000000,102.00000000,51.00000000,7226.70000000,943.44171429,8.72222222
1024.00000000,1138.00000000,0.00000000,0.86104733,44485.68387156,155291.09629129,9399.11581456,915.73333333,17282.50345184,44485.68387156,28403.92441973,16279.74613704,32559.49227408,16279.74613704,7.77777778,2.14285714,2.40000000,7782.60000000,1200.74400000,1.50000000,0.80000000,80000.00000000,9.81000000,102.00000000,51.00000000,7782.60000000,1200.74400000,9.27777778
1025.00000000,1416.00000000,0.00000000,0.86085694,45142.38336620,154691.71890124,9110.65086319,901.80952381,19452.58211687,45142.38336620,26976.31267790,15780.11018507,31560.22037014,15780.11018507,7.55555556,1.85714286,2.57142857,7560.24000000,1286.51142857,1.50000000,0.80000000,80000.00000000,9.81000000,102.00000000,51.00000000,7560.24000000,1286.51142857,9.05555556
1026.00000000,1708.00000000,0.00000000,0.86063346,45322.91206315,153539.57674055,8879.85985865,933.21904762,21223.08395719,45322.91206315,25472.10696311,15380.36843927,30760.73687855,15380.36843927,7.77777778,1.71428571,2.74285714,7782.60000000,1372.27885714,1.50000000,0.80000000,80000.00000000,9.81000000,102.00000000,51.00000000,7782.60000000,1372.27885714,9.27777778
1027.00000000,2138.00000000,1.00000000,0.85969403,45795.35715875,152445.36073812,8566.97103821,946.33333333,23648.14357937,45795.35715875,23648.14357937,14838.42910516,29676.85821031,14838.42910516,7.77777778,1.42857143,3.00000000,7782.60000000,1500.93000000,1.50000000,0.80000000,80000.00000000,9.81000000,102.00000000,51.00000000,7782.60000000,1500.93000000,9.27777778
1028.00000000,999.00000000,0.00000000,0.85963266,44341.81864718,155976.53700316,9545.77070345,922.69523810,16180.68114835,44341.81864718,29318.99778455,16533.75985577,33067.51971154,16533.75985577,7.88888889,2.28571429,2.31428571,7893.78000000,1157.86028571,1.50000000,0.80000000,80000.00000000,9.81000000,102.00000000,51.00000000,7893.78000000,1157.86028571,9.38888889
1029.00000000,1555.00000000,0.00000000,0.85960347,45596.25968271,154659.57155428,8968.79825558,894.84761905,20521.13323971,45596.25968271,26404.52158586,15534.41426150,31068.82852300,15534.41426150,7.44444444,1.71428571,2.65714286,7449.06000000,1329.39514286,1.50000000,0.80000000,80000.00000000,9.81000000,102.00000000,51.00000000,7449.06000000,1329.39514286,8.94444444
1030.00000000,706.00000000,0.00000000,0.85959972,43899.25739664,157308.96971714,9878.22669053,879.95238095,13705.82364756,43899.25739664,31265.52660622,17109.59051668,34219.18103336,17109.59051668,7.55555556,2.42857143,2.14285714,7560.24000000,1072.09285714,1.50000000,0.80000000,80000.00000000,9.81000000,102.00000000,51.00000000,7560.24000000,1072.09285714,9.05555556
1031.00000000,1985.00000000,0.00000000,0.85945784,46030.23500913,153367.38344871,8638.43988918,907.96190476,23067.22542670,46030.23500913,24421.05586815,14962.21678618,29924.43357236,14962.21678618,7.44444444,1.42857143,2.91428571,7449.06000000,1458.04628571,1.50000000,0.80000000,80000.00000000,9.81000000,102.00000000,51.00000000,7449.06000000,1458.04628571,8.94444444
1032.00000000,692.00000000,0.00000000,0.85944767,44109.47705981,157666.34314453,9869.12391210,834.61904762,13768.88954651,44109.47705981,31412.68037044,17093.82404194,34187.64808389,17093.82404194,7.11111111,2.28571429,2.14285714,7115.52000000,1072.09285714,1.50000000,0.80000000,80000.00000000,9.81000000,102.00000000,51.00000000,7115.52000000,1072.09285714,8.61111111
1033.00000000,2123.00000000,1.00000000,0.85930845,46305.35128068,153210.35192102,8530.16538277,889.66666667,23903.14064034,46305.35128068,23903.14064034,14774.67983991,29549.35967983,14774.67983991,7.22222222,1.28571429,3.00000000,7226.70000000,1500.93000000,1.50000000,0.80000000,80000.00000000,9.81000000,102.00000000,51.00000000,7226.70000000,1500.93000000,8.72222222
1034.00000000,720.00000000,0.00000000,0.85928099,43612.24769269,156821.05322042,9890.65457527,925.28571429,13619.72073638,43612.24769269,31064.61981345,17131.11624448,34262.23248895,17131.11624448,8.00000000,2.57142857,2.14285714,8004.96000000,1072.09285714,1.50000000,0.80000000,80000.00000000,9.81000000,102.00000000,51.00000000,8004.96000000,1072.09285714,9.50000000
1035.00000000,1124.00000000,0.00000000,0.85924377,45070.59142764,156241.57106992,9367.45676441,870.40000000,17501.84378537,45070.59142764,28769.49164228,16224.91105366,32449.82210732,16224.91105366,7.33333333,2.00000000,2.40000000,7337.88000000,1200.74400000,1.50000000,0.80000000,80000.00000000,9.81000000,102.00000000,51.00000000,7337.88000000,1200.74400000,8.83333333
1036.00000000,2000.00000000,0.00000000,0.85908475,45558.40034489,152652.69270727,8671.49010140,964.62857143,22838.24683964,45558.40034489,24178.19979096,15019.46143295,30038.92286589,15019.46143295,8.00000000,1.57142857,2.91428571,8004.96000000,1458.04628571,1.50000000,0.80000000,80000.00000000,9.81000000,102.00000000,51.00000000,8004.96000000,1458.04628571,9.50000000
1037.00000000,1263.00000000,0.00000000,0.85901371,45407.80707873,155918.13925678,9217.23789885,863.43809524,18628.35804353,45407.80707873,28023.07674948,15964.72434626,31929.44869252,15964.72434626,7.22222222,1.85714286,2.48571429,7226.70000000,1243.62771429,1.50000000,0.80000000,80000.00000000,9.81000000,102.00000000,51.00000000,7226.70000000,1243.62771429,8.72222222
1038.00000000,1847.00000000,0.00000000,0.85875543,45843.20870980,153691.90763600,8745.46049403,926.25714286,22239.99749790,45843.20870980,25018.37378334,15147.58191124,30295.16382248,15147.58191124,7.66666667,1.57142857,2.82857143,7671.42000000,1415.16257143,1.50000000,0.80000000,80000.00000000,9.81000000,102.00000000,51.00000000,7671.42000000,1415.16257143,9.16666667
1039.00000000,1832.00000000,0.00000000,0.85862021,46235.71724384,154292.56463506,8718.85041016,869.59047619,22424.35756691,46235.71724384,25226.52224836,15101.49189399,30202.98378797,15101.49189399,7.11111111,1.42857143,2.82857143,7115.52000000,1415.16257143,1.50000000,0.80000000,80000.00000000,9.81000000,102.00000000,51.00000000,7115.52000000,1415.16257143,8.61111111
1040.00000000,985.00000000,0.00000000,0.85840366,44860.72015083,156831.76355547,9519.41806209,877.36190476,16363.25760333,44860.72015083,29655.32283321,16488.11574202,32976.23148405,16488.11574202,7.44444444,2.14285714,2.31428571,7449.06000000,1157.86028571,1.50000000,0.80000000,80000.00000000,9.81000000,102.00000000,51.00000000,7449.06000000,1157.86028571,8.94444444
1041.00000000,1570.00000000,0.00000000,0.85818638,45334.59985872,154250.20053933,8985.24532407,951.51428571,20407.18460668,45334.59985872,26256.81039490,15562.90141976,31125.80283952,15562.90141976,8.00000000,1.85714286,2.65714286,8004.96000000,1329.39514286,1.50000000,0.80000000,80000.00000000,9.81000000,102.00000000,51.00000000,8004.96000000,1329.39514286,9.50000000
1042.00000000,413.00000000,0.00000000,0.85815895,43326.53766315,158758.19510871,10265.11376616,837.20952381,10853.85650330,43326.53766315,33459.00658842,17779.69858846,35559.39717692,17779.69858846,7.22222222,2.57142857,1.97142857,7226.70000000,986.32542857,1.50000000,0.80000000,80000.00000000,9.81000000,102.00000000,51.00000000,7226.70000000,986.32542857,8.72222222
1043.00000000,1402.00000000,0.00000000,0.85791903,45839.30727470,155795.18175637,9068.73740421,856.47619048,19742.96707874,45839.30727470,27382.85162453,15707.51394460,31415.02788920,15707.51394460,7.11111111,1.71428571,2.57142857,7115.52000000,1286.51142857,1.50000000,0.80000000,80000.00000000,9.81000000,102.00000000,51.00000000,7115.52000000,1286.51142857,8.61111111
1044.00000000,1694.00000000,0.00000000,0.85773893,46108.12691082,154754.20595803,8828.50448323,887.88571429,21578.88443504,46108.12691082,25901.52133292,15291.41831981,30582.83663963,15291.41831981,7.33333333,1.57142857,2.74285714,7337.88000000,1372.27885714,1.50000000,0.80000000,80000.00000000,9.81000000,102.00000000,51.00000000,7337.88000000,1372.27885714,8.83333333
1045.00000000,1709.00000000,0.00000000,0.85711995,45760.10573881,154215.86070757,8851.26609809,944.55238095,21421.18734147,45760.10573881,25711.19725448,15330.84259320,30661.68518641,15330.84259320,7.88888889,1.71428571,2.74285714,7893.78000000,1372.27885714,1.50000000,0.80000000,80000.00000000,9.81000000,102.00000000,51.00000000,7893.78000000,1372.27885714,9.38888889
1046.00000000,860.00000000,0.00000000,0.85684077,44383.47127381,157044.40298284,9694.06953455,929.65714286,15067.46927908,44383.47127381,30430.97856617,16790.62096595,33581.24193189,16790.62096595,8.00000000,2.42857143,2.22857143,8004.96000000,1114.97657143,1.50000000,0.80000000,80000.00000000,9.81000000,102.00000000,51.00000000,8004.96000000,1114.97657143,9.50000000
1047.00000000,2139.00000000,1.00000000,0.85683159,46116.82748754,152927.56623131,8543.77091561,957.66666667,23808.87874377,46116.82748754,23808.87874377,14798.24531406,29596.49062812,14798.24531406,7.88888889,1.42857143,3.00000000,7893.78000000,1500.93000000,1.50000000,0.80000000,80000.00000000,9.81000000,102.00000000,51.00000000,7893.78000000,1500.93000000,9.38888889
1048.00000000,1278.00000000,0.00000000,0.85681298,45394.98433506,155897.57865055,9217.97183822,920.10476190,18623.27316242,45394.98433506,28015.33888692,15965.99556654,31931.99113307,15965.99556654,7.77777778,2.00000000,2.48571429,7782.60000000,1243.62771429,1.50000000,0.80000000,80000.00000000,9.81000000,102.00000000,51.00000000,7782.60000000,1243.62771429,9.27777778
1049.00000000,1417.00000000,0.00000000,0.85667232,45708.02388832,155587.31639460,9076.63287280,913.14285714,19688.26566775,45708.02388832,27306.26964914,15721.18929735,31442.37859470,15721.18929735,7.66666667,1.85714286,2.57142857,7671.42000000,1286.51142857,1.50000000,0.80000000,80000.00000000,9.81000000,102.00000000,51.00000000,7671.42000000,1286.51142857,9.16666667
1050.00000000,2124.00000000,1.00000000,0.85647838,46653.25876972,153732.21315457,8505.05732246,901.00000000,24077.09438486,46653.25876972,24077.09438486,14731.19140379,29462.38280757,14731.19140379,7.33333333,1.28571429,3.00000000,7337.88000000,1500.93000000,1.50000000,0.80000000,80000.00000000,9.81000000,102.00000000,51.00000000,7337.88000000,1500.93000000,8.83333333
1051.00000000,1986.00000000,0.00000000,0.85642063,46400.79896466,153928.67885194,8612.48330247,919.29523810,23247.05793453,46400.79896466,24611.78731585,14917.25865922,29834.51731845,14917.25865922,7.55555556,1.42857143,2.91428571,7560.24000000,1458.04628571,1.50000000,0.80000000,80000.00000000,9.81000000,102.00000000,51.00000000,7560.24000000,1458.04628571,9.05555556
1052.00000000,971.00000000,1.00000000,0.85641502,45341.35036672,157623.91335573,9495.00904493,832.02857143,16532.36823485,45341.35036672,29966.84241758,16445.83808414,32891.67616829,16445.83808414,7.00000000,2.00000000,2.31428571,7004.34000000,1157.86028571,1.50000000,0.80000000,80000.00000000,9.81000000,102.00000000,51.00000000,7004.34000000,1157.86028571,8.50000000
1053.00000000,287.00000000,0.00000000,0.85633771,42858.44152113,159308.98792592,10485.93130928,878.17142857,9238.22025919,42858.44152113,34563.66297622,18162.16579235,36324.33158469,18162.16579235,7.66666667,2.85714286,1.88571429,7671.42000000,943.44171429,1.50000000,0.80000000,80000.00000000,9.81000000,102.00000000,51.00000000,7671.42000000,943.44171429,9.16666667
1054.00000000,846.00000000,0.00000000,0.85619443,44826.87952739,157786.25909940,9673.14630442,884.32380952,15212.42966967,44826.87952739,30729.42642915,16754.38086830,33508.76173659,16754.38086830,7.55555556,2.28571429,2.22857143,7560.24000000,1114.97657143,1.50000000,0.80000000,80000.00000000,9.81000000,102.00000000,51.00000000,7560.24000000,1114.97657143,9.05555556
1055.00000000,1541.00000000,1.00000000,0.85611005,46341.87006834,155826.09102857,8921.93166028,849.51428571,20845.83453667,46341.87006834,26825.43067452,15453.23893726,30906.47787452,15453.23893726,7.00000000,1.57142857,2.65714286,7004.34000000,1329.39514286,1.50000000,0.80000000,80000.00000000,9.81000000,102.00000000,51.00000000,7004.34000000,1329.39514286,8.50000000
1056.00000000,1139.00000000,0.00000000,0.85602708,45192.31000862,156439.36376400,9360.86855296,927.06666667,17547.48825323,45192.31000862,28845.56575539,16213.49993669,32426.99987338,16213.49993669,7.88888889,2.14285714,2.40000000,7893.78000000,1200.74400000,1.50000000,0.80000000,80000.00000000,9.81000000,102.00000000,51.00000000,7893.78000000,1200.74400000,9.38888889
1057.00000000,147.00000000,0.00000000,0.85589926,42254.63899459,159718.23315676,10725.49327694,873.80000000,7492.71883243,42254.63899459,35662.47816216,18577.09929189,37154.19858378,18577.09929189,7.66666667,3.00000000,1.80000000,7671.42000000,900.55800000,1.50000000,0.80000000,80000.00000000,9.81000000,102.00000000,51.00000000,7671.42000000,900.55800000,9.16666667
1058.00000000,1556.00000000,0.00000000,0.85576869,46104.82625392,155455.23215763,8936.83144807,906.18095238,20742.60577878,46104.82625392,26691.61561800,15479.04612673,30958.09225347,15479.04612673,7.55555556,1.71428571,2.65714286,7560.24000000,1329.39514286,1.50000000,0.80000000,80000.00000000,9.81000000,102.00000000,51.00000000,7560.24000000,1329.39514286,9.05555556
1059.00000000,427.00000000,0.00000000,0.85563424,43559.89044974,159169.09892859,10257.05947683,882.54285714,10909.65825662,43559.89044974,33636.55762170,17765.74815013,35531.49630026,17765.74815013,7.66666667,2.71428571,1.97142857,7671.42000000,986.32542857,1.50000000,0.80000000,80000.00000000,9.81000000,102.00000000,51.00000000,7671.42000000,986.32542857,9.16666667
1060.00000000,1848.00000000,0.00000000,0.85550945,46238.06952851,154296.16434342,8718.69093721,937.59047619,22425.46242789,46238.06952851,25227.76967205,15101.21567874,30202.43135748,15101.21567874,7.77777778,1.57142857,2.82857143,7782.60000000,1415.16257143,1.50000000,0.80000000,80000.00000000,9.81000000,102.00000000,51.00000000,7782.60000000,1415.16257143,9.27777778
1061.00000000,1971.00000000,1.00000000,0.85550155,46869.97901347,154639.34863174,8579.61903591,862.62857143,23474.74825233,46869.97901347,24853.27704685,14860.33607977,29720.67215955,14860.33607977,7.00000000,1.28571429,2.91428571,7004.34000000,1458.04628571,1.50000000,0.80000000,80000.00000000,9.81000000,102.00000000,51.00000000,7004.34000000,1458.04628571,8.50000000
1062.00000000,1833.00000000,0.00000000,0.85535272,46664.97093475,154949.45285902,8689.74919139,880.92380952,22625.97672476,46664.97093475,25454.15678141,15051.08710452,30102.17420905,15051.08710452,7.22222222,1.42857143,2.82857143,7226.70000000,1415.16257143,1.50000000,0.80000000,80000.00000000,9.81000000,102.00000000,51.00000000,7226.70000000,1415.16257143,8.72222222
1063.00000000,553.00000000,0.00000000,0.85498080,44364.44928128,159286.54973935,10035.56618116,841.58095238,12529.97625177,44364.44928128,32863.68217236,17382.11050848,34764.22101697,17382.11050848,7.22222222,2.42857143,2.05714286,7226.70000000,1029.20914286,1.50000000,0.80000000,80000.00000000,9.81000000,102.00000000,51.00000000,7226.70000000,1029.20914286,8.72222222
1064.00000000,832.00000000,0.00000000,0.85491682,45218.16644020,158440.91220353,9654.68253867,838.99047619,15340.35039117,45218.16644020,30992.79262047,16722.40068792,33444.80137585,16722.40068792,7.11111111,2.14285714,2.22857143,7115.52000000,1114.97657143,1.50000000,0.80000000,80000.00000000,9.81000000,102.00000000,51.00000000,7115.52000000,1114.97657143,8.61111111
1065.00000000,1264.00000000,0.00000000,0.85432769,46073.59355529,156985.69343471,9179.13007112,874.77142857,18892.37681872,46073.59355529,28424.84445085,15898.71965246,31797.43930492,15898.71965246,7.33333333,1.85714286,2.48571429,7337.88000000,1243.62771429,1.50000000,0.80000000,80000.00000000,9.81000000,102.00000000,51.00000000,7337.88000000,1243.62771429,8.83333333
1066.00000000,1695.00000000,0.00000000,0.85422471,46566.16091617,155462.72731006,8798.54770342,899.21904762,21786.43109371,46566.16091617,26152.00867960,15239.53165514,30479.06331029,15239.53165514,7.44444444,1.57142857,2.74285714,7449.06000000,1372.27885714,1.50000000,0.80000000,80000.00000000,9.81000000,102.00000000,51.00000000,7449.06000000,1372.27885714,8.94444444
1067.00000000,567.00000000,0.00000000,0.85416935,44297.50537587,159170.79256959,10038.18311378,886.91428571,12511.84561073,44297.50537587,32814.86890800,17386.64316875,34773.28633749,17386.64316875,7.66666667,2.57142857,2.05714286,7671.42000000,1029.20914286,1.50000000,0.80000000,80000.00000000,9.81000000,102.00000000,51.00000000,7671.42000000,1029.20914286,9.16666667
1068.00000000,1000.00000000,0.00000000,0.85408446,45137.85628738,157288.52496571,9505.34358136,934.02857143,16460.76846620,45137.85628738,29834.94810690,16463.73802631,32927.47605262,16463.73802631,8.00000000,2.28571429,2.31428571,8004.96000000,1157.86028571,1.50000000,0.80000000,80000.00000000,9.81000000,102.00000000,51.00000000,8004.96000000,1157.86028571,9.50000000
1069.00000000,1125.00000000,0.00000000,0.85406198,45817.52152747,157455.33248213,9327.02798683,881.73333333,17781.94257280,45817.52152747,29236.32295467,16154.88635680,32309.77271360,16154.88635680,7.44444444,2.00000000,2.40000000,7449.06000000,1200.74400000,1.50000000,0.80000000,80000.00000000,9.81000000,102.00000000,51.00000000,7449.06000000,1200.74400000,8.94444444
1070.00000000,2140.00000000,1.00000000,0.85400782,46426.38610619,153391.90415929,8521.43044663,969.00000000,23963.65805310,46426.38610619,23963.65805310,14759.55048673,29519.10097345,14759.55048673,8.00000000,1.42857143,3.00000000,8004.96000000,1500.93000000,1.50000000,0.80000000,80000.00000000,9.81000000,102.00000000,51.00000000,8004.96000000,1500.93000000,9.50000000
1071.00000000,2125.00000000,1.00000000,0.85368761,46987.84558549,154234.09337824,8480.91059894,912.33333333,24244.38779275,46987.84558549,24244.38779275,14689.36805181,29378.73610363,14689.36805181,7.44444444,1.28571429,3.00000000,7449.06000000,1500.93000000,1.50000000,0.80000000,80000.00000000,9.81000000,102.00000000,51.00000000,7449.06000000,1500.93000000,8.94444444
1072.00000000,1403.00000000,0.00000000,0.85366645,46435.16296910,156738.61993917,9032.90225364,867.80952381,19991.24028474,46435.16296910,27730.43411293,15645.44564310,31290.89128620,15645.44564310,7.22222222,1.71428571,2.57142857,7226.70000000,1286.51142857,1.50000000,0.80000000,80000.00000000,9.81000000,102.00000000,51.00000000,7226.70000000,1286.51142857,8.72222222
1073.00000000,1710.00000000,0.00000000,0.85366119,46181.31929057,154867.42542045,8823.71748494,955.88571429,21612.04973211,46181.31929057,25941.54841560,15283.12699554,30566.25399109,15283.12699554,8.00000000,1.71428571,2.74285714,8004.96000000,1372.27885714,1.50000000,0.80000000,80000.00000000,9.81000000,102.00000000,51.00000000,8004.96000000,1372.27885714,9.50000000
1074.00000000,1987.00000000,0.00000000,0.85342793,46757.43146861,154468.87220350,8587.50256063,930.62857143,23420.12959086,46757.43146861,24795.34816346,14873.99074514,29747.98149029,14873.99074514,7.66666667,1.42857143,2.91428571,7671.42000000,1458.04628571,1.50000000,0.80000000,80000.00000000,9.81000000,102.00000000,51.00000000,7671.42000000,1458.04628571,9.16666667
1075.00000000,986.00000000,0.00000000,0.85263702,45703.46270953,158220.72814295,9476.61901015,888.69523810,16659.77813325,45703.46270953,30201.54486199,16413.98560955,32827.97121909,16413.98560955,7.55555556,2.14285714,2.31428571,7560.24000000,1157.86028571,1.50000000,0.80000000,80000.00000000,9.81000000,102.00000000,51.00000000,7560.24000000,1157.86028571,9.05555556
1076.00000000,1418.00000000,0.00000000,0.85255415,46252.73009748,156449.76789244,9043.87388567,924.47619048,19915.22658824,46252.73009748,27624.01493782,15664.44906723,31328.89813445,15664.44906723,7.77777778,1.85714286,2.57142857,7782.60000000,1286.51142857,1.50000000,0.80000000,80000.00000000,9.81000000,102.00000000,51.00000000,7782.60000000,1286.51142857,9.27777778
1077.00000000,1972.00000000,1.00000000,0.85251873,47256.96172570,155225.51362233,8552.51237814,873.96190476,23662.54868621,47256.96172570,25052.45932520,14813.38597130,29626.77194261,14813.38597130,7.11111111,1.28571429,2.91428571,7115.52000000,1458.04628571,1.50000000,0.80000000,80000.00000000,9.81000000,102.00000000,51.00000000,7115.52000000,1458.04628571,8.61111111
1078.00000000,1849.00000000,0.00000000,0.85231354,46618.34153076,154878.09574080,8692.91042801,948.92380952,22604.07503501,46618.34153076,25429.42906718,15056.56252696,30113.12505392,15056.56252696,7.88888889,1.57142857,2.82857143,7893.78000000,1415.16257143,1.50000000,0.80000000,80000.00000000,9.81000000,102.00000000,51.00000000,7893.78000000,1415.16257143,9.38888889
1079.00000000,1279.00000000,0.00000000,0.85230837,46002.69662759,156872.01387824,9183.18802063,931.43809524,18864.26251981,46002.69662759,28382.06182207,15905.74822719,31811.49645438,15905.74822719,7.88888889,2.00000000,2.48571429,7893.78000000,1243.62771429,1.50000000,0.80000000,80000.00000000,9.81000000,102.00000000,51.00000000,7893.78000000,1243.62771429,9.38888889
1080.00000000,1542.00000000,0.00000000,0.85224565,46876.57407895,156662.64407743,8888.32194003,860.84761905,21078.68950904,46876.57407895,27127.27971277,15395.02519417,30790.05038834,15395.02519417,7.11111111,1.57142857,2.65714286,7115.52000000,1329.39514286,1.50000000,0.80000000,80000.00000000,9.81000000,102.00000000,51.00000000,7115.52000000,1329.39514286,8.61111111
1081.00000000,707.00000000,0.00000000,0.85215029,45043.80175837,159254.69513209,9828.66646588,891.28571429,14049.18695608,45043.80175837,32066.70765943,17023.74968955,34047.49937910,17023.74968955,7.66666667,2.42857143,2.14285714,7671.42000000,1072.09285714,1.50000000,0.80000000,80000.00000000,9.81000000,102.00000000,51.00000000,7671.42000000,1072.09285714,9.16666667
1082.00000000,1834.00000000,0.00000000,0.85213653,47077.79055852,155581.19198024,8661.76211886,892.25714286,22819.87685108,47077.79055852,25673.07627887,15002.61207294,30005.22414589,15002.61207294,7.33333333,1.42857143,2.82857143,7337.88000000,1415.16257143,1.50000000,0.80000000,80000.00000000,9.81000000,102.00000000,51.00000000,7337.88000000,1415.16257143,8.83333333
1083.00000000,1557.00000000,0.00000000,0.85199630,46594.42147784,156221.21178215,8906.05711651,917.51428571,20955.81660210,46594.42147784,26968.00001859,15425.74342090,30851.48684181,15425.74342090,7.66666667,1.71428571,2.65714286,7671.42000000,1329.39514286,1.50000000,0.80000000,80000.00000000,9.81000000,102.00000000,51.00000000,7671.42000000,1329.39514286,9.16666667
1084.00000000,693.00000000,0.00000000,0.85164151,45329.61107686,159740.57097352,9816.29055936,845.95238095,14134.92975163,45329.61107686,32266.77418237,17002.31399066,34004.62798133,17002.31399066,7.22222222,2.28571429,2.14285714,7226.70000000,1072.09285714,1.50000000,0.80000000,80000.00000000,9.81000000,102.00000000,51.00000000,7226.70000000,1072.09285714,8.72222222
1085.00000000,1111.00000000,1.00000000,0.85123967,46420.15784373,158434.61649606,9294.40933938,836.40000000,18007.93119140,46420.15784373,29612.97065233,16098.38920215,32196.77840430,16098.38920215,7.00000000,1.85714286,2.40000000,7004.34000000,1200.74400000,1.50000000,0.80000000,80000.00000000,9.81000000,102.00000000,51.00000000,7004.34000000,1200.74400000,8.50000000
1086.00000000,1140.00000000,0.00000000,0.85107891,45873.11494628,157545.67178770,9324.01890477,938.40000000,17802.79010485,45873.11494628,29271.06884142,16149.67447379,32299.34894757,16149.67447379,8.00000000,2.14285714,2.40000000,8004.96000000,1200.74400000,1.50000000,0.80000000,80000.00000000,9.81000000,102.00000000,51.00000000,8004.96000000,1200.74400000,9.50000000
1087.00000000,2126.00000000,1.00000000,0.85093648,47309.68319714,154716.84979571,8457.68396997,923.66666667,24405.30659857,47309.68319714,24405.30659857,14649.13835036,29298.27670072,14649.13835036,7.55555556,1.28571429,3.00000000,7560.24000000,1500.93000000,1.50000000,0.80000000,80000.00000000,9.81000000,102.00000000,51.00000000,7560.24000000,1500.93000000,9.05555556
1088.00000000,1696.00000000,0.00000000,0.85076811,47006.95204690,156144.57609040,8769.71865865,910.55238095,21986.16457482,47006.95204690,26393.06632922,15189.59828487,30379.19656973,15189.59828487,7.55555556,1.57142857,2.74285714,7560.24000000,1372.27885714,1.50000000,0.80000000,80000.00000000,9.81000000,102.00000000,51.00000000,7560.24000000,1372.27885714,9.05555556
1089.00000000,1988.00000000,0.00000000,0.85048021,47100.72414984,154988.85964713,8563.45622231,941.96190476,23586.72750969,47100.72414984,24972.04292586,14832.34126543,29664.68253087,14832.34126543,7.77777778,1.42857143,2.91428571,7782.60000000,1458.04628571,1.50000000,0.80000000,80000.00000000,9.81000000,102.00000000,51.00000000,7782.60000000,1458.04628571,9.27777778
1090.00000000,972.00000000,0.00000000,0.85043152,46235.70225188,159097.93775905,9449.58899062,843.36190476,16847.04760185,46235.70225188,30546.51493574,16367.16824239,32734.33648479,16367.16824239,7.11111111,2.00000000,2.31428571,7115.52000000,1157.86028571,1.50000000,0.80000000,80000.00000000,9.81000000,102.00000000,51.00000000,7115.52000000,1157.86028571,8.61111111
1091.00000000,1681.00000000,1.00000000,0.85019218,47379.28560593,156720.52956453,8745.36694171,853.88571429,22154.87821876,47379.28560593,26596.68624432,15147.41987388,30294.83974776,15147.41987388,7.00000000,1.42857143,2.74285714,7004.34000000,1372.27885714,1.50000000,0.80000000,80000.00000000,9.81000000,102.00000000,51.00000000,7004.34000000,1372.27885714,8.50000000
1092.00000000,1265.00000000,0.00000000,0.84971595,46714.10885745,158012.72659163,9142.46869746,886.10476190,19146.37426613,46714.10885745,28811.36230561,15835.22029061,31670.44058122,15835.22029061,7.44444444,1.85714286,2.48571429,7449.06000000,1243.62771429,1.50000000,0.80000000,80000.00000000,9.81000000,102.00000000,51.00000000,7449.06000000,1243.62771429,8.94444444
1093.00000000,847.00000000,0.00000000,0.84971139,45785.18286198,159389.57429381,9627.92657509,895.65714286,15525.72114444,45785.18286198,31374.43828897,16676.05799960,33352.11599921,16676.05799960,7.66666667,2.28571429,2.22857143,7671.42000000,1114.97657143,1.50000000,0.80000000,80000.00000000,9.81000000,102.00000000,51.00000000,7671.42000000,1114.97657143,9.16666667
1094.00000000,1973.00000000,1.00000000,0.84958241,47628.95736163,155788.97760028,8526.45550771,885.29523810,23843.07598012,47628.95736163,25243.92766723,14768.25414783,29536.50829565,14768.25414783,7.22222222,1.28571429,2.91428571,7226.70000000,1458.04628571,1.50000000,0.80000000,80000.00000000,9.81000000,102.00000000,51.00000000,7226.70000000,1458.04628571,8.72222222
1095.00000000,1404.00000000,0.00000000,0.84948445,47008.25432967,157646.01459341,8998.43616496,879.14285714,20230.02835165,47008.25432967,28064.73740659,15585.74862637,31171.49725275,15585.74862637,7.33333333,1.71428571,2.57142857,7337.88000000,1286.51142857,1.50000000,0.80000000,80000.00000000,9.81000000,102.00000000,51.00000000,7337.88000000,1286.51142857,8.83333333
1096.00000000,2111.00000000,1.00000000,0.84929957,47876.54300971,155567.13951456,8416.77438680,867.00000000,24688.73650485,47876.54300971,24688.73650485,14578.28087379,29156.56174757,14578.28087379,7.00000000,1.14285714,3.00000000,7004.34000000,1500.93000000,1.50000000,0.80000000,80000.00000000,9.81000000,102.00000000,51.00000000,7004.34000000,1500.93000000,8.50000000
1097.00000000,1850.00000000,0.00000000,0.84916828,46984.63806018,155438.64042976,8668.07738485,960.25714286,22776.12340489,46984.63806018,25623.67722672,15013.55043449,30027.10086898,15013.55043449,8.00000000,1.57142857,2.82857143,8004.96000000,1415.16257143,1.50000000,0.80000000,80000.00000000,9.81000000,102.00000000,51.00000000,8004.96000000,1415.16257143,9.50000000
1098.00000000,1835.00000000,0.00000000,0.84897274,47474.90497558,156188.89737605,8634.83977953,903.59047619,23006.40028940,47474.90497558,25883.66725761,14955.98121337,29911.96242673,14955.98121337,7.44444444,1.42857143,2.82857143,7449.06000000,1415.16257143,1.50000000,0.80000000,80000.00000000,9.81000000,102.00000000,51.00000000,7449.06000000,1415.16257143,8.94444444
1099.00000000,1126.00000000,0.00000000,0.84895726,46536.25729344,158623.27810184,9288.12527233,893.06666667,18051.46848504,46536.25729344,29685.53280840,16087.50487874,32175.00975748,16087.50487874,7.55555556,2.00000000,2.40000000,7560.24000000,1200.74400000,1.50000000,0.80000000,80000.00000000,9.81000000,102.00000000,51.00000000,7560.24000000,1200.74400000,9.05555556
1100.00000000,1419.00000000,0.00000000,0.84850622,46777.42848592,157280.54034081,9012.31818194,935.80952381,20133.85091675,46777.42848592,27930.08899774,15609.79298510,31219.58597019,15609.79298510,7.88888889,1.85714286,2.57142857,7893.78000000,1286.51142857,1.50000000,0.80000000,80000.00000000,9.81000000,102.00000000,51.00000000,7893.78000000,1286.51142857,9.38888889
1101.00000000,1543.00000000,0.00000000,0.84844733,47390.69435659,157466.99354406,8856.00604496,872.18095238,21302.58059769,47390.69435659,27417.50890176,15339.05242201,30678.10484401,15339.05242201,7.22222222,1.57142857,2.65714286,7226.70000000,1329.39514286,1.50000000,0.80000000,80000.00000000,9.81000000,102.00000000,51.00000000,7226.70000000,1329.39514286,8.72222222
1102.00000000,1558.00000000,0.00000000,0.84828863,47065.88144742,156958.81850875,8876.42270687,928.84761905,21161.12981466,47065.88144742,27234.14677562,15374.41511776,30748.83023553,15374.41511776,7.77777778,1.71428571,2.65714286,7782.60000000,1329.39514286,1.50000000,0.80000000,80000.00000000,9.81000000,102.00000000,51.00000000,7782.60000000,1329.39514286,9.27777778
1103.00000000,2127.00000000,1.00000000,0.84822503,47619.31084592,155181.29126888,8435.33851918,935.00000000,24560.12042296,47619.31084592,24560.12042296,14610.43489426,29220.86978852,14610.43489426,7.66666667,1.28571429,3.00000000,7671.42000000,1500.93000000,1.50000000,0.80000000,80000.00000000,9.81000000,102.00000000,51.00000000,7671.42000000,1500.93000000,9.16666667
1104.00000000,833.00000000,0.00000000,0.84815029,46236.76168062,160145.10039423,9606.61779821,850.32380952,15673.35268130,46236.76168062,31678.38557075,16639.15011539,33278.30023078,16639.15011539,7.22222222,2.14285714,2.22857143,7226.70000000,1114.97657143,1.50000000,0.80000000,80000.00000000,9.81000000,102.00000000,51.00000000,7226.70000000,1114.97657143,8.72222222
1105.00000000,1280.00000000,0.00000000,0.84787920,46588.24904544,157810.91689306,9149.67257468,942.77142857,19096.46434068,46588.24904544,28735.41241905,15847.69777197,31695.39554395,15847.69777197,8.00000000,2.00000000,2.48571429,8004.96000000,1243.62771429,1.50000000,0.80000000,80000.00000000,9.81000000,102.00000000,51.00000000,8004.96000000,1243.62771429,9.50000000
1106.00000000,274.00000000,0.00000000,0.84774833,44454.00354637,162173.74701669,10438.82458494,844.17142857,9564.58521890,44454.00354637,35832.86004175,18080.57455242,36161.14910484,18080.57455242,7.33333333,2.71428571,1.88571429,7337.88000000,943.44171429,1.50000000,0.80000000,80000.00000000,9.81000000,102.00000000,51.00000000,7337.88000000,943.44171429,8.83333333
1107.00000000,1989.00000000,0.00000000,0.84757760,47431.23560514,155489.48729265,8540.30515994,953.29523810,23747.12277476,47431.23560514,25142.15911609,14792.24244917,29584.48489833,14792.24244917,7.88888889,1.42857143,2.91428571,7893.78000000,1458.04628571,1.50000000,0.80000000,80000.00000000,9.81000000,102.00000000,51.00000000,7893.78000000,1458.04628571,9.38888889
1108.00000000,1697.00000000,0.00000000,0.84737045,47431.25704358,156800.92288215,8741.96785585,921.88571429,22178.42777644,47431.25704358,26625.10812428,15141.53248446,30283.06496892,15141.53248446,7.66666667,1.57142857,2.74285714,7671.42000000,1372.27885714,1.50000000,0.80000000,80000.00000000,9.81000000,102.00000000,51.00000000,7671.42000000,1372.27885714,9.16666667
1109.00000000,414.00000000,0.00000000,0.84722673,45095.25627173,161872.67787600,10204.06554979,848.54285714,11276.81095318,45095.25627173,34804.77074712,17673.95997599,35347.91995198,17673.95997599,7.33333333,2.57142857,1.97142857,7337.88000000,986.32542857,1.50000000,0.80000000,80000.00000000,9.81000000,102.00000000,51.00000000,7337.88000000,986.32542857,8.83333333
1110.00000000,987.00000000,0.00000000,0.84694955,46514.54358989,159557.50959391,9435.42791048,900.02857143,16945.15844300,46514.54358989,30727.24543260,16342.64053211,32685.28106421,16342.64053211,7.66666667,2.14285714,2.31428571,7671.42000000,1157.86028571,1.50000000,0.80000000,80000.00000000,9.81000000,102.00000000,51.00000000,7671.42000000,1157.86028571,9.16666667
1111.00000000,134.00000000,0.00000000,0.84692462,43942.23873944,162812.16602231,10684.89593665,839.80000000,7773.98545657,43942.23873944,37068.81128287,18506.78263586,37013.56527171,18506.78263586,7.33333333,2.85714286,1.80000000,7337.88000000,900.55800000,1.50000000,0.80000000,80000.00000000,9.81000000,102.00000000,51.00000000,7337.88000000,900.55800000,8.83333333
1112.00000000,1682.00000000,0.00000000,0.84674268,47841.18903698,157435.03643444,8715.15709000,865.21904762,22364.17821096,47841.18903698,26849.28968317,15095.09487583,30190.18975167,15095.09487583,7.11111111,1.42857143,2.74285714,7115.52000000,1372.27885714,1.50000000,0.80000000,80000.00000000,9.81000000,102.00000000,51.00000000,7115.52000000,1372.27885714,8.61111111
1113.00000000,1974.00000000,0.00000000,0.84669298,47986.62781108,156330.74313400,8501.40206176,896.62857143,24016.65134529,47986.62781108,25428.02275150,14724.86030653,29449.72061307,14724.86030653,7.33333333,1.28571429,2.91428571,7337.88000000,1458.04628571,1.50000000,0.80000000,80000.00000000,9.81000000,102.00000000,51.00000000,7337.88000000,1458.04628571,8.83333333
1114.00000000,2112.00000000,1.00000000,0.84662776,48211.38829968,156069.40744952,8392.60900951,878.33333333,24856.15914984,48211.38829968,24856.15914984,14536.42521254,29072.85042508,14536.42521254,7.11111111,1.14285714,3.00000000,7115.52000000,1500.93000000,1.50000000,0.80000000,80000.00000000,9.81000000,102.00000000,51.00000000,7115.52000000,1500.93000000,8.61111111
1115.00000000,1251.00000000,1.00000000,0.84619130,47415.30486651,159137.05812339,9102.33412330,840.77142857,19424.43475248,47415.30486651,29234.49782831,15765.70516902,31531.41033805,15765.70516902,7.00000000,1.71428571,2.48571429,7004.34000000,1243.62771429,1.50000000,0.80000000,80000.00000000,9.81000000,102.00000000,51.00000000,7004.34000000,1243.62771429,8.50000000
1116.00000000,1112.00000000,0.00000000,0.84597920,47180.58330497,159670.30787058,9253.25010394,847.73333333,18293.09073937,47180.58330497,30088.23656561,16027.09931516,32054.19863032,16027.09931516,7.11111111,1.85714286,2.40000000,7115.52000000,1200.74400000,1.50000000,0.80000000,80000.00000000,9.81000000,102.00000000,51.00000000,7115.52000000,1200.74400000,8.61111111
1117.00000000,1836.00000000,0.00000000,0.84586191,47857.00057373,156773.61942777,8608.93563980,914.92380952,23185.86943398,47857.00057373,26086.29371118,14911.11392722,29822.22785444,14911.11392722,7.55555556,1.42857143,2.82857143,7560.24000000,1415.16257143,1.50000000,0.80000000,80000.00000000,9.81000000,102.00000000,51.00000000,7560.24000000,1415.16257143,9.05555556
1118.00000000,554.00000000,0.00000000,0.84585114,45789.42441871,161750.56924783,9979.86187319,852.91428571,12915.90701816,45789.42441871,33902.72654340,17285.62781689,34571.25563378,17285.62781689,7.33333333,2.42857143,2.05714286,7337.88000000,1029.20914286,1.50000000,0.80000000,80000.00000000,9.81000000,102.00000000,51.00000000,7337.88000000,1029.20914286,8.83333333
1119.00000000,2128.00000000,1.00000000,0.84555307,47917.23778550,155628.18167825,8413.83749433,946.33333333,24709.08389275,47917.23778550,24709.08389275,14573.19402681,29146.38805362,14573.19402681,7.77777778,1.28571429,3.00000000,7782.60000000,1500.93000000,1.50000000,0.80000000,80000.00000000,9.81000000,102.00000000,51.00000000,7782.60000000,1500.93000000,9.27777778
1120.00000000,568.00000000,0.00000000,0.84548967,45632.30247351,161478.87921759,9986.00399385,898.24761905,12873.35315801,45632.30247351,33788.15845837,17296.26628193,34592.53256385,17296.26628193,7.77777778,2.57142857,2.05714286,7782.60000000,1029.20914286,1.50000000,0.80000000,80000.00000000,9.81000000,102.00000000,51.00000000,7782.60000000,1029.20914286,9.27777778
1121.00000000,1405.00000000,0.00000000,0.84537724,47559.63086467,158519.02744049,8965.27602007,890.47619048,20459.76857456,47559.63086467,28386.37371868,15528.31357064,31056.62714129,15528.31357064,7.44444444,1.71428571,2.57142857,7449.06000000,1286.51142857,1.50000000,0.80000000,80000.00000000,9.81000000,102.00000000,51.00000000,7449.06000000,1286.51142857,8.94444444
1122.00000000,428.00000000,0.00000000,0.84522990,45211.90460768,162078.08038060,10200.03937354,893.87619048,11304.70512047,45211.90460768,34893.52491578,17666.98643417,35333.97286834,17666.98643417,7.77777778,2.71428571,1.97142857,7782.60000000,986.32542857,1.50000000,0.80000000,80000.00000000,9.81000000,102.00000000,51.00000000,7782.60000000,986.32542857,9.27777778
1123.00000000,1266.00000000,0.00000000,0.84518494,47330.52320499,159001.11511440,9107.18679764,897.43809524,19390.81443843,47330.52320499,29183.33648084,15774.11024754,31548.22049507,15774.11024754,7.55555556,1.85714286,2.48571429,7560.24000000,1243.62771429,1.50000000,0.80000000,80000.00000000,9.81000000,102.00000000,51.00000000,7560.24000000,1243.62771429,9.05555556
1124.00000000,708.00000000,0.00000000,0.84475046,46145.19937372,161127.07107819,9780.97455015,902.61904762,14379.60624069,46145.19937372,32837.68599018,16941.14486840,33882.28973680,16941.14486840,7.77777778,2.42857143,2.14285714,7782.60000000,1072.09285714,1.50000000,0.80000000,80000.00000000,9.81000000,102.00000000,51.00000000,7782.60000000,1072.09285714,9.27777778
1125.00000000,1990.00000000,0.00000000,0.84471994,47749.49367273,155971.55465974,8518.01240049,964.62857143,23901.57154286,47749.49367273,25305.96841558,14753.63025714,29507.26051429,14753.63025714,8.00000000,1.42857143,2.91428571,8004.96000000,1458.04628571,1.50000000,0.80000000,80000.00000000,9.81000000,102.00000000,51.00000000,8004.96000000,1458.04628571,9.50000000
1126.00000000,1544.00000000,0.00000000,0.84471765,47885.17572834,158240.61762568,8824.92458636,883.51428571,21517.91925958,47885.17572834,27696.65161162,15285.21775653,30570.43551307,15285.21775653,7.33333333,1.57142857,2.65714286,7337.88000000,1329.39514286,1.50000000,0.80000000,80000.00000000,9.81000000,102.00000000,51.00000000,7337.88000000,1329.39514286,8.83333333
1127.00000000,1559.00000000,0.00000000,0.84464716,47519.99383659,157669.28466601,8847.87870859,940.18095238,21358.88843575,47519.99383659,27490.50054370,15324.97546249,30649.95092498,15324.97546249,7.88888889,1.71428571,2.65714286,7893.78000000,1329.39514286,1.50000000,0.80000000,80000.00000000,9.81000000,102.00000000,51.00000000,7893.78000000,1329.39514286,9.38888889
1128.00000000,1420.00000000,0.00000000,0.84453108,47282.99166889,158081.01538051,8981.91328196,947.14285714,20344.50224299,47282.99166889,28225.00085447,15557.13015354,31114.26030708,15557.13015354,8.00000000,1.85714286,2.57142857,8004.96000000,1286.51142857,1.50000000,0.80000000,80000.00000000,9.81000000,102.00000000,51.00000000,8004.96000000,1286.51142857,9.50000000
1129.00000000,973.00000000,0.00000000,0.84453077,47095.26588856,160514.62597505,9405.93567282,854.69523810,17149.48665920,47095.26588856,31103.63951507,16291.55847806,32583.11695611,16291.55847806,7.22222222,2.00000000,2.31428571,7226.70000000,1157.86028571,1.50000000,0.80000000,80000.00000000,9.81000000,102.00000000,51.00000000,7226.70000000,1157.86028571,8.72222222
1130.00000000,1821.00000000,1.00000000,0.84447808,48344.75414225,157520.03019171,8575.86842663,858.25714286,23414.96580707,48344.75414225,26344.95090660,14853.83983395,29707.67966789,14853.83983395,7.00000000,1.28571429,2.82857143,7004.34000000,1415.16257143,1.50000000,0.80000000,80000.00000000,9.81000000,102.00000000,51.00000000,7004.34000000,1415.16257143,8.50000000
1131.00000000,1698.00000000,0.00000000,0.84403243,47839.78900368,157432.87075792,8715.24865633,933.21904762,22363.54382086,47839.78900368,26848.52403996,15095.25347336,30190.50694671,15095.25347336,7.77777778,1.57142857,2.74285714,7782.60000000,1372.27885714,1.50000000,0.80000000,80000.00000000,9.81000000,102.00000000,51.00000000,7782.60000000,1372.27885714,9.27777778
1132.00000000,2113.00000000,1.00000000,0.84399726,48533.15640838,156552.05961257,8369.38739649,889.66666667,25017.04320419,48533.15640838,25017.04320419,14496.20419895,28992.40839791,14496.20419895,7.22222222,1.14285714,3.00000000,7226.70000000,1500.93000000,1.50000000,0.80000000,80000.00000000,9.81000000,102.00000000,51.00000000,7226.70000000,1500.93000000,8.72222222
1133.00000000,1127.00000000,0.00000000,0.84393912,47228.11008992,159747.53889612,9250.67764124,904.40000000,18310.91328372,47228.11008992,30117.94080620,16022.64367907,32045.28735814,16022.64367907,7.66666667,2.00000000,2.40000000,7671.42000000,1200.74400000,1.50000000,0.80000000,80000.00000000,9.81000000,102.00000000,51.00000000,7671.42000000,1200.74400000,9.16666667
1134.00000000,694.00000000,0.00000000,0.84387849,46502.04551515,161733.70951861,9765.52265896,857.28571429,14486.66008312,46502.04551515,33087.47828918,16914.38140779,33828.76281558,16914.38140779,7.33333333,2.28571429,2.14285714,7337.88000000,1072.09285714,1.50000000,0.80000000,80000.00000000,9.81000000,102.00000000,51.00000000,7337.88000000,1072.09285714,8.83333333
1135.00000000,1975.00000000,0.00000000,0.84385050,48330.59655365,156851.75461173,8477.30836793,907.96190476,24183.57735272,48330.59655365,25605.06548665,14683.12880468,29366.25760936,14683.12880468,7.44444444,1.28571429,2.91428571,7449.06000000,1458.04628571,1.50000000,0.80000000,80000.00000000,9.81000000,102.00000000,51.00000000,7449.06000000,1458.04628571,8.94444444
1136.00000000,288.00000000,0.00000000,0.84343945,44966.90716490,163094.64214997,10423.68182710,889.50476190,9669.49732269,44966.90716490,36240.85155650,18054.34652647,36108.69305294,18054.34652647,7.77777778,2.85714286,1.88571429,7782.60000000,943.44171429,1.50000000,0.80000000,80000.00000000,9.81000000,102.00000000,51.00000000,7782.60000000,943.44171429,9.27777778
1137.00000000,1683.00000000,0.00000000,0.84335550,48285.28139656,158121.99180316,8686.11213509,876.55238095,22565.40756139,48285.28139656,27092.15269231,15044.78753822,30089.57507645,15044.78753822,7.22222222,1.42857143,2.74285714,7226.70000000,1372.27885714,1.50000000,0.80000000,80000.00000000,9.81000000,102.00000000,51.00000000,7226.70000000,1372.27885714,8.72222222
1138.00000000,848.00000000,0.00000000,0.84330974,46707.62511442,160932.89113924,9584.39903275,906.99047619,15827.28880389,46707.62511442,31995.31288196,16600.66608474,33201.33216948,16600.66608474,7.77777778,2.28571429,2.22857143,7782.60000000,1114.97657143,1.50000000,0.80000000,80000.00000000,9.81000000,102.00000000,51.00000000,7782.60000000,1114.97657143,9.27777778
1139.00000000,2129.00000000,1.00000000,0.84292022,48203.94533790,156058.24300686,8393.14615901,957.66666667,24852.43766895,48203.94533790,24852.43766895,14537.35558276,29074.71116552,14537.35558276,7.88888889,1.28571429,3.00000000,7893.78000000,1500.93000000,1.50000000,0.80000000,80000.00000000,9.81000000,102.00000000,51.00000000,7893.78000000,1500.93000000,9.38888889
1140.00000000,1837.00000000,0.00000000,0.84280420,48224.72431749,157336.34818715,8584.00583875,926.25714286,23358.58816211,48224.72431749,26281.29872681,14867.93424519,29735.86849037,14867.93424519,7.66666667,1.42857143,2.82857143,7671.42000000,1415.16257143,1.50000000,0.80000000,80000.00000000,9.81000000,102.00000000,51.00000000,7671.42000000,1415.16257143,9.16666667
1141.00000000,1252.00000000,0.00000000,0.84155919,48065.44481892,160179.52390916,9065.12186054,852.10476190,19682.24887154,48065.44481892,29626.82366167,15701.25163926,31402.50327851,15701.25163926,7.11111111,1.71428571,2.48571429,7115.52000000,1243.62771429,1.50000000,0.80000000,80000.00000000,9.81000000,102.00000000,51.00000000,7115.52000000,1243.62771429,8.61111111
1142.00000000,834.00000000,0.00000000,0.84146773,47215.87674698,161783.23521679,9560.41601983,861.65714286,15993.44799146,47215.87674698,32337.40532695,16559.12628785,33118.25257570,16559.12628785,7.33333333,2.14285714,2.22857143,7337.88000000,1114.97657143,1.50000000,0.80000000,80000.00000000,9.81000000,102.00000000,51.00000000,7337.88000000,1114.97657143,8.83333333
1143.00000000,2114.00000000,1.00000000,0.84140775,48842.41414861,157015.94622291,8347.06864155,901.00000000,25171.67207430,48842.41414861,25171.67207430,14457.54698142,28915.09396285,14457.54698142,7.33333333,1.14285714,3.00000000,7337.88000000,1500.93000000,1.50000000,0.80000000,80000.00000000,9.81000000,102.00000000,51.00000000,7337.88000000,1500.93000000,8.83333333
1144.00000000,1822.00000000,0.00000000,0.84140592,48743.74819062,158130.61199301,8548.81865785,869.59047619,23602.37210252,48743.74819062,26556.53865953,14806.98826008,29613.97652017,14806.98826008,7.11111111,1.28571429,2.82857143,7115.52000000,1415.16257143,1.50000000,0.80000000,80000.00000000,9.81000000,102.00000000,51.00000000,7115.52000000,1415.16257143,8.61111111
1145.00000000,988.00000000,0.00000000,0.84135488,47295.44198044,160844.54583020,9395.76964185,911.36190476,17219.91898783,47295.44198044,31233.38327833,16273.95039590,32547.90079180,16273.95039590,7.77777778,2.14285714,2.31428571,7782.60000000,1157.86028571,1.50000000,0.80000000,80000.00000000,9.81000000,102.00000000,51.00000000,7782.60000000,1157.86028571,9.27777778
1146.00000000,1406.00000000,0.00000000,0.84134761,48090.27854456,159359.21960031,8933.36252207,901.80952381,20680.87177452,48090.27854456,28695.91819861,15473.03777066,30946.07554131,15473.03777066,7.55555556,1.71428571,2.57142857,7560.24000000,1286.51142857,1.50000000,0.80000000,80000.00000000,9.81000000,102.00000000,51.00000000,7560.24000000,1286.51142857,9.05555556
1147.00000000,1391.00000000,1.00000000,0.84125955,48341.46326951,159756.92874816,8918.25610868,845.14285714,20785.53207658,48341.46326951,28842.44262150,15446.87269514,30893.74539028,15446.87269514,7.00000000,1.57142857,2.57142857,7004.34000000,1286.51142857,1.50000000,0.80000000,80000.00000000,9.81000000,102.00000000,51.00000000,7004.34000000,1286.51142857,8.50000000
1148.00000000,1560.00000000,0.00000000,0.84107267,47957.50135522,158353.77223546,8820.37843739,951.51428571,21549.41590354,47957.50135522,27737.48059453,15277.34359554,30554.68719109,15277.34359554,8.00000000,1.71428571,2.65714286,8004.96000000,1329.39514286,1.50000000,0.80000000,80000.00000000,9.81000000,102.00000000,51.00000000,8004.96000000,1329.39514286,9.50000000
1149.00000000,1545.00000000,0.00000000,0.84105816,48360.90606725,158984.90541396,8795.02175547,894.84761905,21725.09214910,48360.90606725,27965.20906100,15233.42453415,30466.84906831,15233.42453415,7.44444444,1.57142857,2.65714286,7449.06000000,1329.39514286,1.50000000,0.80000000,80000.00000000,9.81000000,102.00000000,51.00000000,7449.06000000,1329.39514286,8.94444444
1150.00000000,1976.00000000,0.00000000,0.84105471,48661.45140517,157352.90240154,8454.13325197,919.29523810,24344.13926596,48661.45140517,25775.35842493,14642.98832637,29285.97665274,14642.98832637,7.55555556,1.28571429,2.91428571,7560.24000000,1458.04628571,1.50000000,0.80000000,80000.00000000,9.81000000,102.00000000,51.00000000,7560.24000000,1458.04628571,9.05555556
1151.00000000,1113.00000000,0.00000000,0.84081083,47911.59531776,160858.20239137,9213.68291809,859.06666667,18567.22024416,47911.59531776,30545.11907360,15958.56693896,31917.13387792,15958.56693896,7.22222222,1.85714286,2.40000000,7226.70000000,1200.74400000,1.50000000,0.80000000,80000.00000000,9.81000000,102.00000000,51.00000000,7226.70000000,1200.74400000,8.72222222
1152.00000000,1699.00000000,0.00000000,0.84075423,48233.22048306,158041.46007759,8689.51707295,944.55238095,22541.81745996,48233.22048306,27063.68188024,15050.68506358,30101.37012716,15050.68506358,7.88888889,1.57142857,2.74285714,7893.78000000,1372.27885714,1.50000000,0.80000000,80000.00000000,9.81000000,102.00000000,51.00000000,7893.78000000,1372.27885714,9.38888889
1153.00000000,1267.00000000,0.00000000,0.84073913,47923.93566422,159952.62129904,9073.22146406,908.77142857,19626.13317227,47923.93566422,29541.43020624,15715.28056408,31430.56112815,15715.28056408,7.66666667,1.85714286,2.48571429,7671.42000000,1243.62771429,1.50000000,0.80000000,80000.00000000,9.81000000,102.00000000,51.00000000,7671.42000000,1243.62771429,9.16666667
1154.00000000,2130.00000000,1.00000000,0.84032594,48479.88878261,156472.15817391,8373.23165625,969.00000000,24990.40939130,48479.88878261,24990.40939130,14502.86265217,29005.72530435,14502.86265217,8.00000000,1.28571429,3.00000000,8004.96000000,1500.93000000,1.50000000,0.80000000,80000.00000000,9.81000000,102.00000000,51.00000000,8004.96000000,1500.93000000,9.50000000
1155.00000000,1684.00000000,0.00000000,0.84003131,48712.36446922,158782.63593118,8658.17963790,887.88571429,22758.92957869,48712.36446922,27325.71374768,14996.40703390,29992.81406780,14996.40703390,7.33333333,1.42857143,2.74285714,7337.88000000,1372.27885714,1.50000000,0.80000000,80000.00000000,9.81000000,102.00000000,51.00000000,7337.88000000,1372.27885714,8.83333333
1156.00000000,1838.00000000,0.00000000,0.83979939,48578.68653838,157878.01764639,8560.00899902,937.59047619,23524.84314465,48578.68653838,26469.00596516,14826.37049955,29652.74099910,14826.37049955,7.77777778,1.42857143,2.82857143,7782.60000000,1415.16257143,1.50000000,0.80000000,80000.00000000,9.81000000,102.00000000,51.00000000,7782.60000000,1415.16257143,9.27777778
1157.00000000,1128.00000000,0.00000000,0.83901431,47894.31119796,160830.11569669,9214.61844852,915.73333333,18560.73869924,47894.31119796,30534.31649873,15960.18732519,31920.37465038,15960.18732519,7.77777778,2.00000000,2.40000000,7782.60000000,1200.74400000,1.50000000,0.80000000,80000.00000000,9.81000000,102.00000000,51.00000000,7782.60000000,1200.74400000,9.27777778
1158.00000000,148.00000000,0.00000000,0.83899864,45077.44117168,164893.37048142,10657.58721040,885.13333333,7963.18586195,45077.44117168,38014.81330973,18459.48253451,36918.96506903,18459.48253451,7.77777778,3.00000000,1.80000000,7782.60000000,900.55800000,1.50000000,0.80000000,80000.00000000,9.81000000,102.00000000,51.00000000,7782.60000000,900.55800000,9.27777778
1159.00000000,1961.00000000,1.00000000,0.83896059,49248.33230190,158241.85434805,8413.02449152,862.62857143,24628.94911290,49248.33230190,26077.42947472,14571.78586463,29143.57172926,14571.78586463,7.00000000,1.14285714,2.91428571,7004.34000000,1458.04628571,1.50000000,0.80000000,80000.00000000,9.81000000,102.00000000,51.00000000,7004.34000000,1458.04628571,8.50000000
1160.00000000,2115.00000000,1.00000000,0.83885871,49139.69604273,157461.86906409,8325.61416885,912.33333333,25320.31302136,49139.69604273,25320.31302136,14420.38674466,28840.77348932,14420.38674466,7.44444444,1.14285714,3.00000000,7449.06000000,1500.93000000,1.50000000,0.80000000,80000.00000000,9.81000000,102.00000000,51.00000000,7449.06000000,1500.93000000,8.94444444
1161.00000000,974.00000000,0.00000000,0.83872861,47921.73826447,161876.77489092,9363.96290928,866.02857143,17440.28249517,47921.73826447,31639.31605502,16218.85951906,32437.71903813,16218.85951906,7.33333333,2.00000000,2.31428571,7337.88000000,1157.86028571,1.50000000,0.80000000,80000.00000000,9.81000000,102.00000000,51.00000000,7337.88000000,1157.86028571,8.83333333
1162.00000000,1823.00000000,0.00000000,0.83838975,49127.28256489,158717.53580817,8522.81697640,880.92380952,23782.51703589,49127.28256489,26759.92810043,14761.95202674,29523.90405348,14761.95202674,7.22222222,1.28571429,2.82857143,7226.70000000,1415.16257143,1.50000000,0.80000000,80000.00000000,9.81000000,102.00000000,51.00000000,7226.70000000,1415.16257143,8.72222222
1163.00000000,1977.00000000,0.00000000,0.83830515,48979.74703174,157835.02665942,8431.83786165,930.62857143,24498.60626120,48979.74703174,25939.18705625,14604.37157756,29208.74315511,14604.37157756,7.66666667,1.28571429,2.91428571,7671.42000000,1458.04628571,1.50000000,0.80000000,80000.00000000,9.81000000,102.00000000,51.00000000,7671.42000000,1458.04628571,9.16666667
1164.00000000,261.00000000,1.00000000,0.83812495,46060.40907523,165057.97512534,10391.39772142,810.17142857,9893.16816799,46060.40907523,37110.68262153,17998.42881515,35996.85763029,17998.42881515,7.00000000,2.57142857,1.88571429,7004.34000000,943.44171429,1.50000000,0.80000000,80000.00000000,9.81000000,102.00000000,51.00000000,7004.34000000,943.44171429,8.50000000
1165.00000000,401.00000000,1.00000000,0.83777667,46650.38131820,164611.05024043,10150.38962312,814.54285714,11648.68868168,46650.38131820,35988.01806509,17580.99054387,35161.98108773,17580.99054387,7.00000000,2.42857143,1.97142857,7004.34000000,986.32542857,1.50000000,0.80000000,80000.00000000,9.81000000,102.00000000,51.00000000,7004.34000000,986.32542857,8.50000000
1166.00000000,1700.00000000,0.00000000,0.83753567,48612.18633677,158627.67288255,8664.73158431,955.88571429,22713.53636242,48612.18633677,27270.92883149,15007.75533797,30015.51067593,15007.75533797,8.00000000,1.57142857,2.74285714,8004.96000000,1372.27885714,1.50000000,0.80000000,80000.00000000,9.81000000,102.00000000,51.00000000,8004.96000000,1372.27885714,9.50000000
1167.00000000,1546.00000000,0.00000000,0.83746967,48818.72052004,159701.16350946,8766.24505776,906.18095238,21924.46295919,48818.72052004,28223.65270371,15183.58183163,30367.16366326,15183.58183163,7.55555556,1.57142857,2.65714286,7560.24000000,1329.39514286,1.50000000,0.80000000,80000.00000000,9.81000000,102.00000000,51.00000000,7560.24000000,1329.39514286,9.05555556
1168.00000000,709.00000000,0.00000000,0.83743638,47205.51656350,162929.61030081,9735.06146903,913.95238095,14697.70139762,47205.51656350,33579.90802302,16861.62107917,33723.24215833,16861.62107917,7.88888889,2.42857143,2.14285714,7893.78000000,1072.09285714,1.50000000,0.80000000,80000.00000000,9.81000000,102.00000000,51.00000000,7893.78000000,1072.09285714,9.38888889
1169.00000000,1407.00000000,0.00000000,0.83739726,48601.12453857,160168.05909083,8902.63991039,913.14285714,20893.72427202,48601.12453857,28993.91169512,15419.82464628,30839.64929256,15419.82464628,7.66666667,1.71428571,2.57142857,7671.42000000,1286.51142857,1.50000000,0.80000000,80000.00000000,9.81000000,102.00000000,51.00000000,7671.42000000,1286.51142857,9.16666667
1170.00000000,1392.00000000,0.00000000,0.83717629,48899.35057755,160640.25031921,8884.70440165,856.47619048,21017.98512160,48899.35057755,29167.87688452,15388.75943389,30777.51886777,15388.75943389,7.11111111,1.57142857,2.57142857,7115.52000000,1286.51142857,1.50000000,0.80000000,80000.00000000,9.81000000,102.00000000,51.00000000,7115.52000000,1286.51142857,8.61111111
1171.00000000,1253.00000000,0.00000000,0.83701800,48690.52355270,161181.80532712,9029.34403455,863.43809524,19930.12492115,48690.52355270,30004.02634584,15639.28262686,31278.56525371,15639.28262686,7.22222222,1.71428571,2.48571429,7226.70000000,1243.62771429,1.50000000,0.80000000,80000.00000000,9.81000000,102.00000000,51.00000000,7226.70000000,1243.62771429,8.72222222
1172.00000000,849.00000000,0.00000000,0.83700854,47595.88915115,162419.02520069,9542.48426750,918.32380952,16117.68281590,47595.88915115,32593.18290668,16528.06758174,33056.13516348,16528.06758174,7.88888889,2.28571429,2.22857143,7893.78000000,1114.97657143,1.50000000,0.80000000,80000.00000000,9.81000000,102.00000000,51.00000000,7893.78000000,1114.97657143,9.38888889
1173.00000000,121.00000000,1.00000000,0.83695023,45625.65838519,165898.43537284,10644.39915391,805.80000000,8054.55539753,45625.65838519,38471.66098765,18436.64015062,36873.28030123,18436.64015062,7.00000000,2.71428571,1.80000000,7004.34000000,900.55800000,1.50000000,0.80000000,80000.00000000,9.81000000,102.00000000,51.00000000,7004.34000000,900.55800000,8.50000000
1174.00000000,569.00000000,0.00000000,0.83685759,46916.89995590,163700.16236422,9935.78724838,909.58095238,13221.26497615,46916.89995590,34724.84412261,17209.28832739,34418.57665478,17209.28832739,7.88888889,2.57142857,2.05714286,7893.78000000,1029.20914286,1.50000000,0.80000000,80000.00000000,9.81000000,102.00000000,51.00000000,7893.78000000,1029.20914286,9.38888889
1175.00000000,1839.00000000,0.00000000,0.83684701,48919.46349159,158399.50965055,8536.90605343,948.92380952,23684.90504692,48919.46349159,26649.72101610,14786.35502399,29572.71004797,14786.35502399,7.88888889,1.42857143,2.82857143,7893.78000000,1415.16257143,1.50000000,0.80000000,80000.00000000,9.81000000,102.00000000,51.00000000,7893.78000000,1415.16257143,9.38888889
1176.00000000,1685.00000000,0.00000000,0.83677028,49123.19262672,159418.13573732,8631.31026027,899.21904762,22945.08608755,49123.19262672,27550.38539631,14949.86790668,29899.73581337,14949.86790668,7.44444444,1.42857143,2.74285714,7449.06000000,1372.27885714,1.50000000,0.80000000,80000.00000000,9.81000000,102.00000000,51.00000000,7449.06000000,1372.27885714,8.94444444
1177.00000000,555.00000000,0.00000000,0.83675651,47158.80095125,164118.44950201,9926.33099389,864.24761905,13286.77982906,47158.80095125,34901.23026505,17192.90961416,34385.81922833,17192.90961416,7.44444444,2.42857143,2.05714286,7449.06000000,1029.20914286,1.50000000,0.80000000,80000.00000000,9.81000000,102.00000000,51.00000000,7449.06000000,1029.20914286,8.94444444
1178.00000000,541.00000000,1.00000000,0.83649543,47306.74289595,164374.26578138,9920.54773253,818.91428571,13326.84743908,47306.74289595,35009.10459972,17182.89271166,34365.78542332,17182.89271166,7.00000000,2.28571429,2.05714286,7004.34000000,1029.20914286,1.50000000,0.80000000,80000.00000000,9.81000000,102.00000000,51.00000000,7004.34000000,1029.20914286,8.50000000
1179.00000000,1531.00000000,1.00000000,0.83643895,49209.36221681,160312.32874474,8741.69061664,849.51428571,22094.58111746,49209.36221681,28444.17624221,15141.05229206,30282.10458413,15141.05229206,7.00000000,1.42857143,2.65714286,7004.34000000,1329.39514286,1.50000000,0.80000000,80000.00000000,9.81000000,102.00000000,51.00000000,7004.34000000,1329.39514286,8.50000000
1180.00000000,1268.00000000,0.00000000,0.83638145,48495.37947506,160868.90189228,9040.51355684,920.10476190,19852.74020070,48495.37947506,29886.26698865,15658.62880697,31317.25761393,15658.62880697,7.77777778,1.85714286,2.48571429,7782.60000000,1243.62771429,1.50000000,0.80000000,80000.00000000,9.81000000,102.00000000,51.00000000,7782.60000000,1243.62771429,9.27777778
1181.00000000,2116.00000000,1.00000000,0.83634949,49425.50658977,157890.58488465,8304.98756931,923.66666667,25463.21829488,49425.50658977,25463.21829488,14384.66042628,28769.32085256,14384.66042628,7.55555556,1.14285714,3.00000000,7560.24000000,1500.93000000,1.50000000,0.80000000,80000.00000000,9.81000000,102.00000000,51.00000000,7560.24000000,1500.93000000,9.05555556
1182.00000000,1962.00000000,1.00000000,0.83623029,49592.52794202,158763.20950882,8388.91490438,873.96190476,24795.98523237,49592.52794202,26254.58899537,14530.02683477,29060.05366953,14530.02683477,7.11111111,1.14285714,2.91428571,7115.52000000,1458.04628571,1.50000000,0.80000000,80000.00000000,9.81000000,102.00000000,51.00000000,7115.52000000,1458.04628571,8.61111111
1183.00000000,415.00000000,0.00000000,0.83621355,46794.19504883,164864.28746177,10145.42581955,859.87619048,11683.07892162,46794.19504883,36097.44155579,17572.39298388,35144.78596776,17572.39298388,7.44444444,2.57142857,1.97142857,7449.06000000,986.32542857,1.50000000,0.80000000,80000.00000000,9.81000000,102.00000000,51.00000000,7449.06000000,986.32542857,8.94444444
1184.00000000,695.00000000,0.00000000,0.83620211,47629.16819627,163649.81807651,9716.71681521,868.61904762,14824.79688745,47629.16819627,33876.46416596,16829.84720671,33659.69441342,16829.84720671,7.44444444,2.28571429,2.14285714,7449.06000000,1072.09285714,1.50000000,0.80000000,80000.00000000,9.81000000,102.00000000,51.00000000,7449.06000000,1072.09285714,8.94444444
1185.00000000,989.00000000,0.00000000,0.83586273,48047.54634184,162084.12524066,9357.57369067,922.69523810,17484.54830017,48047.54634184,31720.85832738,16207.79306781,32415.58613563,16207.79306781,7.88888889,2.14285714,2.31428571,7893.78000000,1157.86028571,1.50000000,0.80000000,80000.00000000,9.81000000,102.00000000,51.00000000,7893.78000000,1157.86028571,9.38888889
1186.00000000,1114.00000000,0.00000000,0.83574223,48614.59930284,162000.58386712,9175.63171121,870.40000000,18830.84673857,48614.59930284,30984.49656428,15892.66031536,31785.32063072,15892.66031536,7.33333333,1.85714286,2.40000000,7337.88000000,1200.74400000,1.50000000,0.80000000,80000.00000000,9.81000000,102.00000000,51.00000000,7337.88000000,1200.74400000,8.83333333
1187.00000000,1978.00000000,0.00000000,0.83560115,49286.00725404,158298.92081967,8410.38550533,941.96190476,24647.23254555,49286.00725404,26096.82099420,14567.21500647,29134.43001294,14567.21500647,7.77777778,1.28571429,2.91428571,7782.60000000,1458.04628571,1.50000000,0.80000000,80000.00000000,9.81000000,102.00000000,51.00000000,7782.60000000,1458.04628571,9.27777778
1188.00000000,1824.00000000,0.00000000,0.83542925,49496.04002667,159281.84646939,8497.81709453,892.25714286,23955.72129824,49496.04002667,26955.48129986,14718.65096115,29437.30192231,14718.65096115,7.33333333,1.28571429,2.82857143,7337.88000000,1415.16257143,1.50000000,0.80000000,80000.00000000,9.81000000,102.00000000,51.00000000,7337.88000000,1415.16257143,8.83333333
1189.00000000,835.00000000,0.00000000,0.83489153,48157.44649029,163358.55382579,9515.98590320,872.99047619,16301.26886908,48157.44649029,32971.15419264,16482.17106844,32964.34213689,16482.17106844,7.44444444,2.14285714,2.22857143,7449.06000000,1114.97657143,1.50000000,0.80000000,80000.00000000,9.81000000,102.00000000,51.00000000,7449.06000000,1114.97657143,8.94444444
1190.00000000,429.00000000,0.00000000,0.83479061,46801.17741002,164876.58248906,10145.18481983,905.20952381,11684.74861668,46801.17741002,36102.75422191,17571.97556012,35143.95112023,17571.97556012,7.88888889,2.71428571,1.97142857,7893.78000000,986.32542857,1.50000000,0.80000000,80000.00000000,9.81000000,102.00000000,51.00000000,7893.78000000,986.32542857,9.38888889
1191.00000000,681.00000000,1.00000000,0.83458215,47989.37803638,164262.17480471,9701.11927160,823.28571429,14932.85983949,47989.37803638,34128.61105404,16802.83146870,33605.66293740,16802.83146870,7.00000000,2.14285714,2.14285714,7004.34000000,1072.09285714,1.50000000,0.80000000,80000.00000000,9.81000000,102.00000000,51.00000000,7004.34000000,1072.09285714,8.50000000
1192.00000000,1129.00000000,0.00000000,0.83418740,48536.01783659,161872.88898446,9179.88505784,927.06666667,18801.37868872,48536.01783659,30935.38314787,15900.02732782,31800.05465564,15900.02732782,7.88888889,2.00000000,2.40000000,7893.78000000,1200.74400000,1.50000000,0.80000000,80000.00000000,9.81000000,102.00000000,51.00000000,7893.78000000,1200.74400000,9.38888889
1193.00000000,275.00000000,0.00000000,0.83395636,46627.55742848,166076.26421413,10374.65346409,855.50476190,10009.17578570,46627.55742848,37561.82335707,17969.42691072,35938.85382144,17969.42691072,7.44444444,2.71428571,1.88571429,7449.06000000,943.44171429,1.50000000,0.80000000,80000.00000000,9.81000000,102.00000000,51.00000000,7449.06000000,943.44171429,8.94444444
1194.00000000,1547.00000000,0.00000000,0.83395237,49259.40536386,160390.62205544,8738.54507043,917.51428571,22116.37410085,49259.40536386,28472.42640586,15135.60404622,30271.20809243,15135.60404622,7.66666667,1.57142857,2.65714286,7671.42000000,1329.39514286,1.50000000,0.80000000,80000.00000000,9.81000000,102.00000000,51.00000000,7671.42000000,1329.39514286,9.16666667
1195.00000000,1840.00000000,0.00000000,0.83394638,49247.59970146,158901.65748687,8514.66008600,960.25714286,23839.02963034,49247.59970146,26823.73264255,14747.82387813,29495.64775626,14747.82387813,8.00000000,1.42857143,2.82857143,8004.96000000,1415.16257143,1.50000000,0.80000000,80000.00000000,9.81000000,102.00000000,51.00000000,8004.96000000,1415.16257143,9.50000000
1196.00000000,2117.00000000,1.00000000,0.83387931,49700.32234421,158302.80851632,8285.15445059,935.00000000,25600.62617211,49700.32234421,25600.62617211,14350.30845697,28700.61691395,14350.30845697,7.66666667,1.14285714,3.00000000,7671.42000000,1500.93000000,1.50000000,0.80000000,80000.00000000,9.81000000,102.00000000,51.00000000,7671.42000000,1500.93000000,9.16666667
1197.00000000,2101.00000000,1.00000000,0.83363148,50097.99533333,158899.31800000,8256.45487467,867.00000000,25799.46266667,50097.99533333,25799.46266667,14300.59933333,28601.19866667,14300.59933333,7.00000000,1.00000000,3.00000000,7004.34000000,1500.93000000,1.50000000,0.80000000,80000.00000000,9.81000000,102.00000000,51.00000000,7004.34000000,1500.93000000,8.50000000
1198.00000000,1686.00000000,0.00000000,0.83357212,49518.47628159,160029.59014094,8605.45753913,910.55238095,23124.19899367,49518.47628159,27766.55614507,14905.08968015,29810.17936031,14905.08968015,7.55555556,1.42857143,2.74285714,7560.24000000,1372.27885714,1.50000000,0.80000000,80000.00000000,9.81000000,102.00000000,51.00000000,7560.24000000,1372.27885714,9.05555556
1199.00000000,1963.00000000,1.00000000,0.83354858,49923.27347484,159264.19171294,8365.74744578,885.29523810,24956.49409388,49923.27347484,26424.82566667,14489.89961939,28979.79923877,14489.89961939,7.22222222,1.14285714,2.91428571,7226.70000000,1458.04628571,1.50000000,0.80000000,80000.00000000,9.81000000,102.00000000,51.00000000,7226.70000000,1458.04628571,8.72222222
1200.00000000,1408.00000000,0.00000000,0.83352702,49093.04153380,160946.92766662,8873.05570105,924.47619048,21098.68968670,49093.04153380,29280.86327567,15368.58329261,30737.16658522,15368.58329261,7.77777778,1.71428571,2.57142857,7782.60000000,1286.51142857,1.50000000,0.80000000,80000.00000000,9.81000000,102.00000000,51.00000000,7782.60000000,1286.51142857,9.27777778
1201.00000000,1393.00000000,0.00000000,0.83317754,49435.75454194,161489.55659616,8852.44471694,867.80952381,21241.48677343,49435.75454194,29480.77919708,15332.88402093,30665.76804186,15332.88402093,7.22222222,1.57142857,2.57142857,7226.70000000,1286.51142857,1.50000000,0.80000000,80000.00000000,9.81000000,102.00000000,51.00000000,7226.70000000,1286.51142857,8.72222222
1202.00000000,975.00000000,0.00000000,0.83303626,48716.70776015,163187.00239305,9323.59003338,877.36190476,17719.99398439,48716.70776015,32154.57406147,16148.93164676,32297.86329352,16148.93164676,7.44444444,2.00000000,2.31428571,7449.06000000,1157.86028571,1.50000000,0.80000000,80000.00000000,9.81000000,102.00000000,51.00000000,7449.06000000,1157.86028571,8.94444444
1203.00000000,1979.00000000,0.00000000,0.83294192,49580.72716217,158745.33479816,8389.74150384,953.29523810,24790.25838332,49580.72716217,26248.51506456,14531.45854703,29062.91709405,14531.45854703,7.88888889,1.28571429,2.91428571,7893.78000000,1458.04628571,1.50000000,0.80000000,80000.00000000,9.81000000,102.00000000,51.00000000,7893.78000000,1458.04628571,9.38888889
1204.00000000,1532.00000000,0.00000000,0.83283742,49689.07223597,161062.84280696,8711.53763626,860.84761905,22303.48709354,49689.07223597,28714.98028528,15088.82579804,30177.65159609,15088.82579804,7.11111111,1.42857143,2.65714286,7115.52000000,1329.39514286,1.50000000,0.80000000,80000.00000000,9.81000000,102.00000000,51.00000000,7115.52000000,1329.39514286,8.61111111
1205.00000000,1254.00000000,0.00000000,0.83257102,49291.71450283,162145.78391956,8994.93348106,874.77142857,20168.52822895,49291.71450283,30366.81398816,15579.68179990,31159.36359981,15579.68179990,7.33333333,1.71428571,2.48571429,7337.88000000,1243.62771429,1.50000000,0.80000000,80000.00000000,9.81000000,102.00000000,51.00000000,7337.88000000,1243.62771429,8.83333333
1206.00000000,1825.00000000,0.00000000,0.83252385,49850.66371621,159824.52817610,8473.77541059,903.59047619,24122.28697060,49850.66371621,27143.53931704,14677.00954306,29354.01908613,14677.00954306,7.44444444,1.28571429,2.82857143,7449.06000000,1415.16257143,1.50000000,0.80000000,80000.00000000,9.81000000,102.00000000,51.00000000,7449.06000000,1415.16257143,8.94444444
1207.00000000,821.00000000,1.00000000,0.83221731,48678.10082305,164229.64857483,9491.41764057,827.65714286,16471.48278556,48678.10082305,33321.59460892,16439.61758932,32879.23517865,16439.61758932,7.00000000,2.00000000,2.22857143,7004.34000000,1114.97657143,1.50000000,0.80000000,80000.00000000,9.81000000,102.00000000,51.00000000,7004.34000000,1114.97657143,8.50000000
1208.00000000,1269.00000000,0.00000000,0.83211364,49045.82690646,161751.51587710,9009.00742593,931.43809524,20071.02107867,49045.82690646,30218.43354207,15604.05858748,31208.11717495,15604.05858748,7.88888889,1.85714286,2.48571429,7893.78000000,1243.62771429,1.50000000,0.80000000,80000.00000000,9.81000000,102.00000000,51.00000000,7893.78000000,1243.62771429,9.38888889
1209.00000000,1671.00000000,1.00000000,0.83172663,50027.11045244,160816.38362398,8572.19135871,853.88571429,23354.67385233,50027.11045244,28044.71545725,14847.47096549,29694.94193098,14847.47096549,7.00000000,1.28571429,2.74285714,7004.34000000,1372.27885714,1.50000000,0.80000000,80000.00000000,9.81000000,102.00000000,51.00000000,7004.34000000,1372.27885714,8.50000000
1210.00000000,2118.00000000,1.00000000,0.83144730,49964.59382439,158699.21573659,8266.08229931,946.33333333,25732.76191220,49964.59382439,25732.76191220,14317.27452195,28634.54904390,14317.27452195,7.77777778,1.14285714,3.00000000,7782.60000000,1500.93000000,1.50000000,0.80000000,80000.00000000,9.81000000,102.00000000,51.00000000,7782.60000000,1500.93000000,9.27777778
1211.00000000,2102.00000000,1.00000000,0.83121037,50394.12576642,159343.51364963,8235.08350152,878.33333333,25947.52788321,50394.12576642,25947.52788321,14263.58302920,28527.16605839,14263.58302920,7.11111111,1.00000000,3.00000000,7115.52000000,1500.93000000,1.50000000,0.80000000,80000.00000000,9.81000000,102.00000000,51.00000000,7115.52000000,1500.93000000,8.61111111
1212.00000000,1964.00000000,0.00000000,0.83091465,50241.15187715,159745.68399879,8343.48128042,896.62857143,25110.75861265,50241.15187715,26588.43955021,14451.33348969,28902.66697939,14451.33348969,7.33333333,1.14285714,2.91428571,7337.88000000,1458.04628571,1.50000000,0.80000000,80000.00000000,9.81000000,102.00000000,51.00000000,7337.88000000,1458.04628571,8.83333333
1213.00000000,850.00000000,0.00000000,0.83082140,48451.55416364,163850.61858697,9502.10776159,929.65714286,16397.41945460,48451.55416364,33169.11128047,16458.13342207,32916.26684413,16458.13342207,8.00000000,2.28571429,2.22857143,8004.96000000,1114.97657143,1.50000000,0.80000000,80000.00000000,9.81000000,102.00000000,51.00000000,8004.96000000,1114.97657143,9.50000000
1214.00000000,1115.00000000,0.00000000,0.83077861,49290.91254707,163099.59288899,9139.02518306,881.73333333,19084.46420515,49290.91254707,31407.19234192,15829.25594871,31658.51189742,15829.25594871,7.44444444,1.85714286,2.40000000,7449.06000000,1200.74400000,1.50000000,0.80000000,80000.00000000,9.81000000,102.00000000,51.00000000,7449.06000000,1200.74400000,8.94444444
1215.00000000,1548.00000000,0.00000000,0.83050597,49683.70152927,161054.44024970,8711.87522106,928.84761905,22301.14823740,49683.70152927,28711.94843472,15089.41051208,30178.82102416,15089.41051208,7.77777778,1.57142857,2.65714286,7782.60000000,1329.39514286,1.50000000,0.80000000,80000.00000000,9.81000000,102.00000000,51.00000000,7782.60000000,1329.39514286,9.27777778
1216.00000000,990.00000000,0.00000000,0.83047988,48772.16125793,163278.39797273,9320.77380308,934.02857143,17739.50540028,48772.16125793,32190.51614337,16144.05379279,32288.10758558,16144.05379279,8.00000000,2.14285714,2.31428571,8004.96000000,1157.86028571,1.50000000,0.80000000,80000.00000000,9.81000000,102.00000000,51.00000000,8004.96000000,1157.86028571,9.50000000
1217.00000000,1687.00000000,0.00000000,0.83043623,49898.88504317,160618.03494401,8580.57768005,921.88571429,23296.57171376,49898.88504317,27974.59218656,14861.99650013,29723.99300026,14861.99650013,7.66666667,1.42857143,2.74285714,7671.42000000,1372.27885714,1.50000000,0.80000000,80000.00000000,9.81000000,102.00000000,51.00000000,7671.42000000,1372.27885714,9.16666667
1218.00000000,289.00000000,0.00000000,0.83033577,46994.39262477,166734.90013473,10363.82317094,900.83809524,10084.21025766,46994.39262477,37853.62408139,17950.66829273,35901.33658545,17950.66829273,7.88888889,2.85714286,1.88571429,7893.78000000,943.44171429,1.50000000,0.80000000,80000.00000000,9.81000000,102.00000000,51.00000000,7893.78000000,943.44171429,9.38888889
1219.00000000,1980.00000000,0.00000000,0.83032656,49864.37505873,159174.97793560,8369.87305439,964.62857143,24927.91103901,49864.37505873,26394.51030544,14497.04538311,28994.09076621,14497.04538311,8.00000000,1.28571429,2.91428571,8004.96000000,1458.04628571,1.50000000,0.80000000,80000.00000000,9.81000000,102.00000000,51.00000000,8004.96000000,1458.04628571,9.50000000
1220.00000000,710.00000000,0.00000000,0.83023409,48226.68977874,164665.60476671,9690.84337173,925.28571429,15004.05336219,48226.68977874,34294.72927369,16785.03308802,33570.06617605,16785.03308802,8.00000000,2.42857143,2.14285714,8004.96000000,1072.09285714,1.50000000,0.80000000,80000.00000000,9.81000000,102.00000000,51.00000000,8004.96000000,1072.09285714,9.50000000
1221.00000000,1409.00000000,0.00000000,0.82973706,49566.85167913,161697.12706338,8844.56044949,935.80952381,21296.11058059,49566.85167913,29557.25252711,15319.22806914,30638.45613828,15319.22806914,7.88888889,1.71428571,2.57142857,7893.78000000,1286.51142857,1.50000000,0.80000000,80000.00000000,9.81000000,102.00000000,51.00000000,7893.78000000,1286.51142857,9.38888889
1222.00000000,1826.00000000,0.00000000,0.82967270,50191.75998532,160346.50883034,8450.65081700,914.92380952,24282.49885457,50191.75998532,27324.42370217,14636.95657207,29273.91314414,14636.95657207,7.55555556,1.28571429,2.82857143,7560.24000000,1415.16257143,1.50000000,0.80000000,80000.00000000,9.81000000,102.00000000,51.00000000,7560.24000000,1415.16257143,9.05555556
1223.00000000,961.00000000,1.00000000,0.82952156,49362.06460121,164250.64607554,9290.81530203,832.02857143,17947.06398402,49362.06460121,32572.86090290,16092.16414685,32184.32829370,16092.16414685,7.00000000,1.85714286,2.31428571,7004.34000000,1157.86028571,1.50000000,0.80000000,80000.00000000,9.81000000,102.00000000,51.00000000,7004.34000000,1157.86028571,8.50000000
1224.00000000,1130.00000000,0.00000000,0.82946131,49154.31864889,162877.62780444,9146.41854467,938.40000000,19033.24149333,49154.31864889,31321.82115556,15842.06162667,31684.12325333,15842.06162667,8.00000000,2.00000000,2.40000000,8004.96000000,1200.74400000,1.50000000,0.80000000,80000.00000000,9.81000000,102.00000000,51.00000000,8004.96000000,1200.74400000,9.50000000
1225.00000000,1533.00000000,0.00000000,0.82931160,50150.27723701,161784.40546988,8682.54781992,872.18095238,22504.33443271,50150.27723701,28975.33794716,15038.61396325,30077.22792650,15038.61396325,7.22222222,1.42857143,2.65714286,7226.70000000,1329.39514286,1.50000000,0.80000000,80000.00000000,9.81000000,102.00000000,51.00000000,7226.70000000,1329.39514286,8.72222222
1226.00000000,1394.00000000,0.00000000,0.82926421,49951.66128337,162306.40893677,8821.41774860,879.14285714,21456.44791569,49951.66128337,29781.72479625,15279.14373536,30558.28747073,15279.14373536,7.33333333,1.57142857,2.57142857,7337.88000000,1286.51142857,1.50000000,0.80000000,80000.00000000,9.81000000,102.00000000,51.00000000,7337.88000000,1286.51142857,8.83333333
1227.00000000,2119.00000000,1.00000000,0.82905255,50218.74726660,159080.44589990,8247.74035453,957.66666667,25859.83863330,50218.74726660,25859.83863330,14285.50534167,28571.01068335,14285.50534167,7.88888889,1.14285714,3.00000000,7893.78000000,1500.93000000,1.50000000,0.80000000,80000.00000000,9.81000000,102.00000000,51.00000000,7893.78000000,1500.93000000,9.38888889
1228.00000000,2103.00000000,1.00000000,0.82883020,50678.53503597,159770.12755396,8214.55803047,889.66666667,26089.73251799,50678.53503597,26089.73251799,14228.03187050,28456.06374101,14228.03187050,7.22222222,1.00000000,3.00000000,7226.70000000,1500.93000000,1.50000000,0.80000000,80000.00000000,9.81000000,102.00000000,51.00000000,7226.70000000,1500.93000000,8.72222222
1229.00000000,135.00000000,0.00000000,0.82867972,46859.09334915,168159.73280678,10614.72732022,851.13333333,8260.12789153,46859.09334915,39499.52345763,18385.24702712,36770.49405424,18385.24702712,7.44444444,2.85714286,1.80000000,7449.06000000,900.55800000,1.50000000,0.80000000,80000.00000000,9.81000000,102.00000000,51.00000000,7449.06000000,900.55800000,8.94444444
1230.00000000,696.00000000,0.00000000,0.82864345,48713.21017976,165492.68944845,9669.77642039,879.95238095,15150.00948250,48713.21017976,34635.29355440,16748.54405795,33497.08811589,16748.54405795,7.55555556,2.28571429,2.14285714,7560.24000000,1072.09285714,1.50000000,0.80000000,80000.00000000,9.81000000,102.00000000,51.00000000,7560.24000000,1072.09285714,9.05555556
1231.00000000,1672.00000000,0.00000000,0.82854985,50439.84399226,161454.83081838,8545.19736344,865.21904762,23541.69373756,50439.84399226,28270.42911184,14800.71599418,29601.43198836,14800.71599418,7.11111111,1.28571429,2.74285714,7115.52000000,1372.27885714,1.50000000,0.80000000,80000.00000000,9.81000000,102.00000000,51.00000000,7115.52000000,1372.27885714,8.61111111
1232.00000000,836.00000000,0.00000000,0.82843760,49063.28136240,164874.08524643,9473.24201799,884.32380952,16597.40719265,49063.28136240,33580.85074117,16408.13648755,32816.27297510,16408.13648755,7.55555556,2.14285714,2.22857143,7560.24000000,1114.97657143,1.50000000,0.80000000,80000.00000000,9.81000000,102.00000000,51.00000000,7560.24000000,1114.97657143,9.05555556
1233.00000000,1965.00000000,0.00000000,0.82832752,50546.71291444,160208.51909939,8322.07789934,907.96190476,25259.04558663,50546.71291444,26745.71361353,14414.26174620,28828.52349240,14414.26174620,7.44444444,1.14285714,2.91428571,7449.06000000,1458.04628571,1.50000000,0.80000000,80000.00000000,9.81000000,102.00000000,51.00000000,7449.06000000,1458.04628571,8.94444444
1234.00000000,570.00000000,0.00000000,0.82832215,48153.71292480,165838.81812294,9887.43846762,920.91428571,13556.23515523,48153.71292480,35626.68691243,17125.54578262,34251.09156524,17125.54578262,8.00000000,2.57142857,2.05714286,8004.96000000,1029.20914286,1.50000000,0.80000000,80000.00000000,9.81000000,102.00000000,51.00000000,8004.96000000,1029.20914286,9.50000000
1235.00000000,1255.00000000,0.00000000,0.82822015,49870.11897217,163073.22556867,8961.82716447,886.10476190,20397.89551852,49870.11897217,30715.85116793,15522.33997751,31044.67995503,15522.33997751,7.44444444,1.71428571,2.48571429,7449.06000000,1243.62771429,1.50000000,0.80000000,80000.00000000,9.81000000,102.00000000,51.00000000,7449.06000000,1243.62771429,8.94444444
1236.00000000,1270.00000000,0.00000000,0.82793646,49576.19368835,162601.93157910,8978.65065740,942.77142857,20281.33894045,49576.19368835,30538.48246218,15551.47912203,31102.95824406,15551.47912203,8.00000000,1.85714286,2.48571429,8004.96000000,1243.62771429,1.50000000,0.80000000,80000.00000000,9.81000000,102.00000000,51.00000000,8004.96000000,1243.62771429,9.50000000
1237.00000000,556.00000000,0.00000000,0.82775706,48475.37545543,166395.02624882,9874.86422109,875.58095238,13643.35209061,48475.37545543,35861.23250768,17103.76654878,34207.53309755,17103.76654878,7.55555556,2.42857143,2.05714286,7560.24000000,1029.20914286,1.50000000,0.80000000,80000.00000000,9.81000000,102.00000000,51.00000000,7560.24000000,1029.20914286,9.05555556
1238.00000000,976.00000000,0.00000000,0.82746145,49481.66270064,164447.76146164,9284.74145988,888.69523810,17989.14479679,49481.66270064,32650.37818957,16081.64394366,32163.28788732,16081.64394366,7.55555556,2.00000000,2.31428571,7560.24000000,1157.86028571,1.50000000,0.80000000,80000.00000000,9.81000000,102.00000000,51.00000000,7560.24000000,1157.86028571,9.05555556
1239.00000000,1688.00000000,0.00000000,0.82736175,50265.05060562,161184.44729842,8556.62936835,933.21904762,23462.49048424,50265.05060562,28174.83897852,14820.51680751,29641.03361502,14820.51680751,7.77777778,1.42857143,2.74285714,7782.60000000,1372.27885714,1.50000000,0.80000000,80000.00000000,9.81000000,102.00000000,51.00000000,7782.60000000,1372.27885714,9.27777778
1240.00000000,1549.00000000,0.00000000,0.82712980,50092.30782285,161693.71138644,8686.19158498,940.18095238,22479.08968783,50092.30782285,28942.61327788,15044.92514947,30089.85029894,15044.92514947,7.88888889,1.57142857,2.65714286,7893.78000000,1329.39514286,1.50000000,0.80000000,80000.00000000,9.81000000,102.00000000,51.00000000,7893.78000000,1329.39514286,9.38888889
1241.00000000,1811.00000000,1.00000000,0.82712104,50801.01077623,161278.84716190,8409.34670961,858.25714286,24568.66210485,50801.01077623,27647.51124281,14565.41575950,29130.83151900,14565.41575950,7.00000000,1.14285714,2.82857143,7004.34000000,1415.16257143,1.50000000,0.80000000,80000.00000000,9.81000000,102.00000000,51.00000000,7004.34000000,1415.16257143,8.50000000
1242.00000000,542.00000000,0.00000000,0.82702168,48712.33527592,166804.76927176,9865.60112417,830.24761905,13707.52870866,48712.33527592,36034.01571012,17087.72239426,34175.44478853,17087.72239426,7.11111111,2.28571429,2.05714286,7115.52000000,1029.20914286,1.50000000,0.80000000,80000.00000000,9.81000000,102.00000000,51.00000000,7115.52000000,1029.20914286,8.61111111
1243.00000000,1827.00000000,0.00000000,0.82687483,50519.90099075,160848.66400533,8428.40452445,926.25714286,24436.62569046,50519.90099075,27498.43787172,14598.42486310,29196.84972620,14598.42486310,7.66666667,1.28571429,2.82857143,7671.42000000,1415.16257143,1.50000000,0.80000000,80000.00000000,9.81000000,102.00000000,51.00000000,7671.42000000,1415.16257143,9.16666667
1244.00000000,2120.00000000,1.00000000,0.82669409,50463.18623932,159447.10435897,8230.09949119,969.00000000,25982.05811966,50463.18623932,25982.05811966,14254.95047009,28509.90094017,14254.95047009,8.00000000,1.14285714,3.00000000,8004.96000000,1500.93000000,1.50000000,0.80000000,80000.00000000,9.81000000,102.00000000,51.00000000,8004.96000000,1500.93000000,9.50000000
1245.00000000,682.00000000,0.00000000,0.82665676,49143.24119486,166223.74217412,9651.15553122,834.61904762,15279.01878703,49143.24119486,34936.31526497,16716.29173181,33432.58346363,16716.29173181,7.11111111,2.14285714,2.14285714,7115.52000000,1072.09285714,1.50000000,0.80000000,80000.00000000,9.81000000,102.00000000,51.00000000,7115.52000000,1072.09285714,8.61111111
1246.00000000,1101.00000000,1.00000000,0.82658153,50035.23471719,164309.11641544,9098.73756382,836.40000000,19363.58501895,50035.23471719,31872.39369825,15759.47574526,31518.95149053,15759.47574526,7.00000000,1.71428571,2.40000000,7004.34000000,1200.74400000,1.50000000,0.80000000,80000.00000000,9.81000000,102.00000000,51.00000000,7004.34000000,1200.74400000,8.50000000
1247.00000000,2104.00000000,1.00000000,0.82648991,50951.72191489,160179.90787234,8194.84246571,901.00000000,26226.32595745,50951.72191489,26226.32595745,14193.88351064,28387.76702128,14193.88351064,7.33333333,1.00000000,3.00000000,7337.88000000,1500.93000000,1.50000000,0.80000000,80000.00000000,9.81000000,102.00000000,51.00000000,7337.88000000,1500.93000000,8.83333333
1248.00000000,402.00000000,0.00000000,0.82620214,48398.78098222,167689.75399664,10090.04272539,825.87619048,12066.78425351,48398.78098222,37318.32215728,17476.46665091,34952.93330182,17476.46665091,7.11111111,2.42857143,1.97142857,7115.52000000,986.32542857,1.50000000,0.80000000,80000.00000000,9.81000000,102.00000000,51.00000000,7115.52000000,986.32542857,8.61111111
1249.00000000,1410.00000000,0.00000000,0.82602701,50023.33019135,162419.88470773,8817.10753367,947.14285714,21486.30996068,50023.33019135,29823.53165924,15271.67822412,30543.35644823,15271.67822412,8.00000000,1.71428571,2.57142857,8004.96000000,1286.51142857,1.50000000,0.80000000,80000.00000000,9.81000000,102.00000000,51.00000000,8004.96000000,1286.51142857,9.50000000
1250.00000000,1116.00000000,0.00000000,0.82592323,49941.77100537,164157.23788372,9103.79643561,893.06666667,19328.53612701,49941.77100537,31813.97887835,15768.23796825,31536.47593649,15768.23796825,7.55555556,1.85714286,2.40000000,7560.24000000,1200.74400000,1.50000000,0.80000000,80000.00000000,9.81000000,102.00000000,51.00000000,7560.24000000,1200.74400000,9.05555556
1251.00000000,1534.00000000,0.00000000,0.82586112,50593.81024326,162478.32001192,8654.66880656,883.51428571,22697.48590317,50593.81024326,29225.71948294,14990.32609564,29980.65219127,14990.32609564,7.33333333,1.42857143,2.65714286,7337.88000000,1329.39514286,1.50000000,0.80000000,80000.00000000,9.81000000,102.00000000,51.00000000,7337.88000000,1329.39514286,8.83333333
1252.00000000,1966.00000000,0.00000000,0.82578615,50840.47547271,160653.48297442,8301.50095655,919.29523810,25401.60682814,50840.47547271,26896.91493028,14378.62143582,28757.24287164,14378.62143582,7.55555556,1.14285714,2.91428571,7560.24000000,1458.04628571,1.50000000,0.80000000,80000.00000000,9.81000000,102.00000000,51.00000000,7560.24000000,1458.04628571,9.05555556
1253.00000000,822.00000000,0.00000000,0.82548790,49639.37032239,165837.92639103,9446.05794600,838.99047619,16785.74396803,49639.37032239,33968.60292578,16361.05229371,32722.10458741,16361.05229371,7.11111111,2.00000000,2.22857143,7115.52000000,1114.97657143,1.50000000,0.80000000,80000.00000000,9.81000000,102.00000000,51.00000000,7115.52000000,1114.97657143,8.61111111
1254.00000000,1673.00000000,0.00000000,0.82543912,50836.57794004,162068.52864386,8519.24978885,876.55238095,23721.46380765,50836.57794004,28487.39298953,14755.77347666,29511.54695332,14755.77347666,7.22222222,1.28571429,2.74285714,7226.70000000,1372.27885714,1.50000000,0.80000000,80000.00000000,9.81000000,102.00000000,51.00000000,7226.70000000,1372.27885714,8.72222222
1255.00000000,1395.00000000,0.00000000,0.82543641,50447.99747932,163092.27458035,8791.56776565,890.47619048,21663.25466400,50447.99747932,30071.25424389,15227.44204829,30454.88409657,15227.44204829,7.44444444,1.57142857,2.57142857,7449.06000000,1286.51142857,1.50000000,0.80000000,80000.00000000,9.81000000,102.00000000,51.00000000,7449.06000000,1286.51142857,8.94444444
1256.00000000,416.00000000,0.00000000,0.82523798,48426.94120734,167739.34048000,10089.07076099,871.20952381,12073.51822039,48426.94120734,37339.74841552,17474.78315919,34949.56631838,17474.78315919,7.55555556,2.57142857,1.97142857,7560.24000000,986.32542857,1.50000000,0.80000000,80000.00000000,9.81000000,102.00000000,51.00000000,7560.24000000,986.32542857,9.05555556
1257.00000000,430.00000000,0.00000000,0.82440957,48330.79088826,167570.03230945,10092.38943783,916.54285714,12050.52575278,48330.79088826,37266.59056405,17480.53127609,34961.06255218,17480.53127609,8.00000000,2.71428571,1.97142857,8004.96000000,986.32542857,1.50000000,0.80000000,80000.00000000,9.81000000,102.00000000,51.00000000,8004.96000000,986.32542857,9.50000000
1258.00000000,1689.00000000,0.00000000,0.82434760,50617.56939401,161729.74979922,8533.57359607,944.55238095,23622.22556023,50617.56939401,28367.62269092,14780.58303851,29561.16607703,14780.58303851,7.88888889,1.42857143,2.74285714,7893.78000000,1372.27885714,1.50000000,0.80000000,80000.00000000,9.81000000,102.00000000,51.00000000,7893.78000000,1372.27885714,9.38888889
1259.00000000,1812.00000000,0.00000000,0.82432032,51155.82896303,161821.82650836,8385.29183974,869.59047619,24735.31913199,51155.82896303,27835.67240247,14523.75150272,29047.50300543,14523.75150272,7.11111111,1.14285714,2.82857143,7115.52000000,1415.16257143,1.50000000,0.80000000,80000.00000000,9.81000000,102.00000000,51.00000000,7115.52000000,1415.16257143,8.61111111
1260.00000000,2105.00000000,1.00000000,0.82418841,51214.15727273,160573.56090909,8175.90282515,912.33333333,26357.54363636,51214.15727273,26357.54363636,14161.07909091,28322.15818182,14161.07909091,7.44444444,1.00000000,3.00000000,7449.06000000,1500.93000000,1.50000000,0.80000000,80000.00000000,9.81000000,102.00000000,51.00000000,7449.06000000,1500.93000000,8.94444444
1261.00000000,1828.00000000,0.00000000,0.82412910,50835.62707122,161331.82058302,8406.99990073,937.59047619,24584.92127371,50835.62707122,27665.86836894,14561.35096729,29122.70193457,14561.35096729,7.77777778,1.28571429,2.82857143,7782.60000000,1415.16257143,1.50000000,0.80000000,80000.00000000,9.81000000,102.00000000,51.00000000,7782.60000000,1415.16257143,9.27777778
1262.00000000,1256.00000000,0.00000000,0.82396624,50426.77159012,163965.78924918,8929.96586536,897.43809524,20618.63707392,50426.77159012,31051.76223049,15467.15458866,30934.30917733,15467.15458866,7.55555556,1.71428571,2.48571429,7560.24000000,1243.62771429,1.50000000,0.80000000,80000.00000000,9.81000000,102.00000000,51.00000000,7560.24000000,1243.62771429,9.05555556
1263.00000000,1550.00000000,0.00000000,0.82382292,50485.88387887,162309.46747408,8661.45269978,951.51428571,22650.48571223,50485.88387887,29164.79330950,15002.07614337,30004.15228674,15002.07614337,8.00000000,1.57142857,2.65714286,8004.96000000,1329.39514286,1.50000000,0.80000000,80000.00000000,9.81000000,102.00000000,51.00000000,8004.96000000,1329.39514286,9.50000000
1264.00000000,962.00000000,0.00000000,0.82374810,50171.35381515,165584.47459480,9249.71519293,843.36190476,18231.81389263,50171.35381515,33097.40020823,16020.97666970,32041.95333940,16020.97666970,7.11111111,1.85714286,2.31428571,7115.52000000,1157.86028571,1.50000000,0.80000000,80000.00000000,9.81000000,102.00000000,51.00000000,7115.52000000,1157.86028571,8.61111111
1265.00000000,262.00000000,0.00000000,0.82350465,48302.95714364,169084.36824816,10325.18964426,821.50476190,10351.87118198,48302.95714364,38894.52767595,17883.75306165,35767.50612330,17883.75306165,7.11111111,2.57142857,1.88571429,7115.52000000,943.44171429,1.50000000,0.80000000,80000.00000000,9.81000000,102.00000000,51.00000000,7115.52000000,943.44171429,8.61111111
1266.00000000,1241.00000000,1.00000000,0.82346225,50694.23234227,164394.64873107,8914.65713107,840.77142857,20724.69909632,50694.23234227,31213.16096024,15440.63908306,30881.27816613,15440.63908306,7.00000000,1.57142857,2.48571429,7004.34000000,1243.62771429,1.50000000,0.80000000,80000.00000000,9.81000000,102.00000000,51.00000000,7004.34000000,1243.62771429,8.50000000
1267.00000000,1967.00000000,0.00000000,0.82328938,51122.92969648,161081.31804865,8281.71611930,930.62857143,25538.68020144,51122.92969648,27042.29578075,14344.35309250,28688.70618499,14344.35309250,7.66666667,1.14285714,2.91428571,7671.42000000,1458.04628571,1.50000000,0.80000000,80000.00000000,9.81000000,102.00000000,51.00000000,7671.42000000,1458.04628571,9.16666667
1268.00000000,1951.00000000,1.00000000,0.82262114,51536.08165554,161707.12175136,8252.77640597,862.62857143,25739.18041687,51536.08165554,27254.94752439,14294.22803864,28588.45607728,14294.22803864,7.00000000,1.00000000,2.91428571,7004.34000000,1458.04628571,1.50000000,0.80000000,80000.00000000,9.81000000,102.00000000,51.00000000,7004.34000000,1458.04628571,8.50000000
1269.00000000,1535.00000000,0.00000000,0.82248518,51020.45501795,163145.81264329,8627.85133140,894.84761905,22883.28282118,51020.45501795,29466.56733962,14943.87686613,29887.75373227,14943.87686613,7.44444444,1.42857143,2.65714286,7449.06000000,1329.39514286,1.50000000,0.80000000,80000.00000000,9.81000000,102.00000000,51.00000000,7449.06000000,1329.39514286,8.94444444
1270.00000000,1674.00000000,0.00000000,0.82239342,51218.01890238,162658.57013248,8494.30242078,887.88571429,23894.30424371,51218.01890238,28695.99351581,14712.56336764,29425.12673529,14712.56336764,7.33333333,1.28571429,2.74285714,7337.88000000,1372.27885714,1.50000000,0.80000000,80000.00000000,9.81000000,102.00000000,51.00000000,7337.88000000,1372.27885714,8.83333333
1271.00000000,837.00000000,0.00000000,0.82211692,49935.07725550,166332.66683682,9432.10433967,895.65714286,16882.41738847,49935.07725550,34167.63643846,16336.88393860,32673.76787719,16336.88393860,7.66666667,2.14285714,2.22857143,7671.42000000,1114.97657143,1.50000000,0.80000000,80000.00000000,9.81000000,102.00000000,51.00000000,7671.42000000,1114.97657143,9.16666667
1272.00000000,977.00000000,0.00000000,0.82200922,50217.99911176,165661.35295404,9247.34629100,900.02857143,18248.22612663,50217.99911176,33127.63327085,16016.87361120,32033.74722240,16016.87361120,7.66666667,2.00000000,2.31428571,7671.42000000,1157.86028571,1.50000000,0.80000000,80000.00000000,9.81000000,102.00000000,51.00000000,7671.42000000,1157.86028571,9.16666667
1273.00000000,2106.00000000,1.00000000,0.82192456,51466.28600000,160951.75400000,8157.70700158,923.66666667,26483.60800000,51466.28600000,26483.60800000,14129.56300000,28259.12600000,14129.56300000,7.55555556,1.00000000,3.00000000,7560.24000000,1500.93000000,1.50000000,0.80000000,80000.00000000,9.81000000,102.00000000,51.00000000,7560.24000000,1500.93000000,9.05555556
1274.00000000,1396.00000000,0.00000000,0.82169372,50925.63477655,163848.53363430,8762.84234667,901.80952381,21862.27020451,50925.63477655,30349.87600061,15177.68816316,30355.37632631,15177.68816316,7.55555556,1.57142857,2.57142857,7560.24000000,1286.51142857,1.50000000,0.80000000,80000.00000000,9.81000000,102.00000000,51.00000000,7560.24000000,1286.51142857,9.05555556
1275.00000000,1102.00000000,0.00000000,0.82159191,50721.66853916,165424.57137614,9061.58324332,847.73333333,19620.99770219,50721.66853916,32301.41483698,15695.12257445,31390.24514891,15695.12257445,7.11111111,1.71428571,2.40000000,7115.52000000,1200.74400000,1.50000000,0.80000000,80000.00000000,9.81000000,102.00000000,51.00000000,7115.52000000,1200.74400000,8.61111111
1276.00000000,1813.00000000,0.00000000,0.82157596,51496.77407075,162343.57583987,8362.17749413,880.92380952,24895.46001592,51496.77407075,28016.47662626,14483.71628174,28967.43256347,14483.71628174,7.22222222,1.14285714,2.82857143,7226.70000000,1415.16257143,1.50000000,0.80000000,80000.00000000,9.81000000,102.00000000,51.00000000,7226.70000000,1415.16257143,8.72222222
1277.00000000,149.00000000,0.00000000,0.82153530,47790.45753391,169867.23381217,10592.32218011,896.46666667,8415.35525565,47790.45753391,40275.66027826,18346.44018609,36692.88037217,18346.44018609,7.88888889,3.00000000,1.80000000,7893.78000000,900.55800000,1.50000000,0.80000000,80000.00000000,9.81000000,102.00000000,51.00000000,7893.78000000,900.55800000,9.38888889
1278.00000000,1829.00000000,0.00000000,0.82143432,51139.44892883,161796.76009238,8386.40232281,948.92380952,24727.62547956,51139.44892883,27826.98602070,14525.67491582,29051.34983165,14525.67491582,7.88888889,1.28571429,2.82857143,7893.78000000,1415.16257143,1.50000000,0.80000000,80000.00000000,9.81000000,102.00000000,51.00000000,7893.78000000,1415.16257143,9.38888889
1279.00000000,1690.00000000,0.00000000,0.82139259,50957.00499195,162254.81423978,8511.37350317,955.88571429,23776.03231555,50957.00499195,28553.25153355,14742.13134968,29484.26269937,14742.13134968,8.00000000,1.42857143,2.74285714,8004.96000000,1372.27885714,1.50000000,0.80000000,80000.00000000,9.81000000,102.00000000,51.00000000,8004.96000000,1372.27885714,9.50000000
1280.00000000,697.00000000,0.00000000,0.82122439,49756.25841984,167265.87145658,9624.61110673,891.28571429,15462.92395452,49756.25841984,35365.42732246,16670.31543994,33340.63087988,16670.31543994,7.66666667,2.28571429,2.14285714,7671.42000000,1072.09285714,1.50000000,0.80000000,80000.00000000,9.81000000,102.00000000,51.00000000,7671.42000000,1072.09285714,9.16666667
1281.00000000,1117.00000000,0.00000000,0.82117788,50568.33548230,165175.40515874,9069.88263848,904.40000000,19563.49780586,50568.33548230,32205.58167644,15709.49754853,31418.99509707,15709.49754853,7.66666667,1.85714286,2.40000000,7671.42000000,1200.74400000,1.50000000,0.80000000,80000.00000000,9.81000000,102.00000000,51.00000000,7671.42000000,1200.74400000,9.16666667
1282.00000000,1968.00000000,0.00000000,0.82083602,51394.53895165,161492.72618517,8262.69093060,941.96190476,25670.49057528,51394.53895165,27182.09466209,14311.40049904,28622.80099808,14311.40049904,7.77777778,1.14285714,2.91428571,7782.60000000,1458.04628571,1.50000000,0.80000000,80000.00000000,9.81000000,102.00000000,51.00000000,7782.60000000,1458.04628571,9.27777778
1283.00000000,1381.00000000,1.00000000,0.82021394,51337.22039827,164500.21086869,8738.08931860,845.14285714,22033.76421356,51337.22039827,30589.96761328,15134.81466089,30269.62932179,15134.81466089,7.00000000,1.42857143,2.57142857,7004.34000000,1286.51142857,1.50000000,0.80000000,80000.00000000,9.81000000,102.00000000,51.00000000,7004.34000000,1286.51142857,8.50000000
1284.00000000,1952.00000000,1.00000000,0.82015461,51840.41909704,162168.10346422,8231.45873308,873.96190476,25886.87358701,51840.41909704,27411.59179575,14257.30474610,28514.60949221,14257.30474610,7.11111111,1.00000000,2.91428571,7115.52000000,1458.04628571,1.50000000,0.80000000,80000.00000000,9.81000000,102.00000000,51.00000000,7115.52000000,1458.04628571,8.61111111
1285.00000000,276.00000000,0.00000000,0.82007442,48715.41774110,169824.92250268,10313.01232533,866.83809524,10436.23812237,48715.41774110,39222.62133302,17862.66132655,35725.32265310,17862.66132655,7.55555556,2.71428571,1.88571429,7560.24000000,943.44171429,1.50000000,0.80000000,80000.00000000,9.81000000,102.00000000,51.00000000,7560.24000000,943.44171429,9.05555556
1286.00000000,1257.00000000,0.00000000,0.81980929,50962.64528295,164825.03499803,8899.29389606,908.77142857,20831.13871073,50962.64528295,31375.13428651,15414.02917946,30828.05835892,15414.02917946,7.66666667,1.71428571,2.48571429,7671.42000000,1243.62771429,1.50000000,0.80000000,80000.00000000,9.81000000,102.00000000,51.00000000,7671.42000000,1243.62771429,9.16666667
1287.00000000,2107.00000000,1.00000000,0.81969718,51708.52877551,161315.11816327,8140.22463513,935.00000000,26604.72938776,51708.52877551,26604.72938776,14099.28265306,28198.56530612,14099.28265306,7.66666667,1.00000000,3.00000000,7671.42000000,1500.93000000,1.50000000,0.80000000,80000.00000000,9.81000000,102.00000000,51.00000000,7671.42000000,1500.93000000,9.16666667
1288.00000000,1675.00000000,0.00000000,0.81941150,51584.83248071,163225.98488646,8470.31172692,899.21904762,24060.51664640,51584.83248071,28896.59469146,14671.01026697,29342.02053395,14671.01026697,7.44444444,1.28571429,2.74285714,7449.06000000,1372.27885714,1.50000000,0.80000000,80000.00000000,9.81000000,102.00000000,51.00000000,7449.06000000,1372.27885714,8.94444444
1289.00000000,1536.00000000,0.00000000,0.81918268,51430.94965236,163788.03811971,8602.04900048,906.18095238,23062.04661359,51430.94965236,29698.29818163,14899.18591803,29798.37183606,14899.18591803,7.55555556,1.42857143,2.65714286,7560.24000000,1329.39514286,1.50000000,0.80000000,80000.00000000,9.81000000,102.00000000,51.00000000,7560.24000000,1329.39514286,9.05555556
1290.00000000,1242.00000000,0.00000000,0.81912801,51279.42584169,165332.97623878,8881.16222865,852.10476190,20956.75858747,51279.42584169,31566.29496851,15382.62421028,30765.24842055,15382.62421028,7.11111111,1.57142857,2.48571429,7115.52000000,1243.62771429,1.50000000,0.80000000,80000.00000000,9.81000000,102.00000000,51.00000000,7115.52000000,1243.62771429,8.61111111
1291.00000000,823.00000000,0.00000000,0.81890072,50563.24116059,167383.63337033,9402.46299258,850.32380952,17087.77866514,50563.24116059,34590.43906688,16285.54361943,32571.08723886,16285.54361943,7.22222222,2.00000000,2.22857143,7226.70000000,1114.97657143,1.50000000,0.80000000,80000.00000000,9.81000000,102.00000000,51.00000000,7226.70000000,1114.97657143,8.72222222
1292.00000000,557.00000000,0.00000000,0.81889497,49741.76004573,168584.81626955,9825.35944352,886.91428571,13986.33125048,49741.76004573,36784.63793810,17018.02175881,34036.04351762,17018.02175881,7.66666667,2.42857143,2.05714286,7671.42000000,1029.20914286,1.50000000,0.80000000,80000.00000000,9.81000000,102.00000000,51.00000000,7671.42000000,1029.20914286,9.16666667
1293.00000000,1814.00000000,0.00000000,0.81888665,51824.44740932,162845.01534284,8339.96290702,892.25714286,25049.36719009,51824.44740932,28190.24279066,14445.23948819,28890.47897638,14445.23948819,7.33333333,1.14285714,2.82857143,7337.88000000,1415.16257143,1.50000000,0.80000000,80000.00000000,9.81000000,102.00000000,51.00000000,7337.88000000,1415.16257143,8.83333333
1294.00000000,683.00000000,0.00000000,0.81887813,50251.87326957,168108.41670113,9603.15035421,845.95238095,15611.60840944,50251.87326957,35712.35771727,16633.14432621,33266.28865242,16633.14432621,7.22222222,2.14285714,2.14285714,7226.70000000,1072.09285714,1.50000000,0.80000000,80000.00000000,9.81000000,102.00000000,51.00000000,7226.70000000,1072.09285714,8.72222222
1295.00000000,1830.00000000,0.00000000,0.81878918,51431.84963348,162244.22177678,8366.57904103,960.25714286,24864.96520447,51431.84963348,27982.04700044,14491.33998460,28982.67996919,14491.33998460,8.00000000,1.28571429,2.82857143,8004.96000000,1415.16257143,1.50000000,0.80000000,80000.00000000,9.81000000,102.00000000,51.00000000,8004.96000000,1415.16257143,9.50000000
1296.00000000,1969.00000000,0.00000000,0.81842483,51655.74162964,161888.37141801,8244.39468280,953.29523810,25797.25069842,51655.74162964,27316.53721694,14279.71046825,28559.42093650,14279.71046825,7.88888889,1.14285714,2.91428571,7893.78000000,1458.04628571,1.50000000,0.80000000,80000.00000000,9.81000000,102.00000000,51.00000000,7893.78000000,1458.04628571,9.38888889
1297.00000000,963.00000000,0.00000000,0.81810605,50949.33217165,166866.69818238,9210.20521952,854.69523810,18505.54701807,50949.33217165,33601.64543930,15952.54338834,31905.08677668,15952.54338834,7.22222222,1.85714286,2.31428571,7226.70000000,1157.86028571,1.50000000,0.80000000,80000.00000000,9.81000000,102.00000000,51.00000000,7226.70000000,1157.86028571,8.72222222
1298.00000000,1397.00000000,0.00000000,0.81803521,51385.39381639,164576.48544738,8735.19213778,913.14285714,22053.83647112,51385.39381639,30618.06877385,15129.79659651,30259.59319301,15129.79659651,7.66666667,1.57142857,2.57142857,7671.42000000,1286.51142857,1.50000000,0.80000000,80000.00000000,9.81000000,102.00000000,51.00000000,7671.42000000,1286.51142857,9.16666667
1299.00000000,1953.00000000,1.00000000,0.81773518,52132.70224984,162610.82647507,8210.98541698,885.29523810,26028.71688175,52132.70224984,27562.03165380,14221.84392242,28443.68784484,14221.84392242,7.22222222,1.00000000,2.91428571,7226.70000000,1458.04628571,1.50000000,0.80000000,80000.00000000,9.81000000,102.00000000,51.00000000,7226.70000000,1458.04628571,8.72222222
1300.00000000,543.00000000,0.00000000,0.81768606,50062.31268992,169139.10521680,9812.82858404,841.58095238,14073.14759162,50062.31268992,37018.37424116,16996.31767352,33992.63534705,16996.31767352,7.22222222,2.28571429,2.05714286,7226.70000000,1029.20914286,1.50000000,0.80000000,80000.00000000,9.81000000,102.00000000,51.00000000,7226.70000000,1029.20914286,8.72222222
1301.00000000,2108.00000000,1.00000000,0.81750511,51941.28369128,161664.25053691,8123.42699597,946.33333333,26721.10684564,51941.28369128,26721.10684564,14070.18828859,28140.37657718,14070.18828859,7.77777778,1.00000000,3.00000000,7782.60000000,1500.93000000,1.50000000,0.80000000,80000.00000000,9.81000000,102.00000000,51.00000000,7782.60000000,1500.93000000,9.27777778
1302.00000000,122.00000000,0.00000000,0.81745759,48642.72025680,171429.71547079,10571.81992542,817.13333333,8557.39904280,48642.72025680,40985.87921400,18310.92923930,36621.85847860,18310.92923930,7.11111111,2.71428571,1.80000000,7115.52000000,900.55800000,1.50000000,0.80000000,80000.00000000,9.81000000,102.00000000,51.00000000,7115.52000000,900.55800000,8.61111111
1303.00000000,290.00000000,0.00000000,0.81721041,48944.96142250,170237.05774883,10306.23537103,912.17142857,10483.19023902,48944.96142250,39405.21289776,17850.92329739,35701.84659478,17850.92329739,8.00000000,2.85714286,1.88571429,8004.96000000,943.44171429,1.50000000,0.80000000,80000.00000000,9.81000000,102.00000000,51.00000000,8004.96000000,943.44171429,9.50000000
1304.00000000,1521.00000000,1.00000000,0.81687604,51963.29031981,164620.89368007,8568.58783215,849.51428571,23293.87238812,51963.29031981,29998.81307455,14841.22947440,29682.45894880,14841.22947440,7.00000000,1.28571429,2.65714286,7004.34000000,1329.39514286,1.50000000,0.80000000,80000.00000000,9.81000000,102.00000000,51.00000000,7004.34000000,1329.39514286,8.50000000
1305.00000000,1103.00000000,0.00000000,0.81672025,51381.63478807,166497.01653062,9025.86152225,859.06666667,19868.48504553,51381.63478807,32713.89374254,15633.25073862,31266.50147724,15633.25073862,7.22222222,1.71428571,2.40000000,7226.70000000,1200.74400000,1.50000000,0.80000000,80000.00000000,9.81000000,102.00000000,51.00000000,7226.70000000,1200.74400000,8.72222222
1306.00000000,978.00000000,0.00000000,0.81668256,50927.02776586,166829.93721727,9211.33795859,911.36190476,18497.69917158,50927.02776586,33587.18887999,15954.50534996,31909.01069992,15954.50534996,7.77777778,2.00000000,2.31428571,7782.60000000,1157.86028571,1.50000000,0.80000000,80000.00000000,9.81000000,102.00000000,51.00000000,7782.60000000,1157.86028571,9.27777778
1307.00000000,1118.00000000,0.00000000,0.81654319,51171.69725832,166155.86804478,9037.22472437,915.73333333,19789.75847187,51171.69725832,32582.68278645,15652.93238203,31305.86476406,15652.93238203,7.77777778,1.85714286,2.40000000,7782.60000000,1200.74400000,1.50000000,0.80000000,80000.00000000,9.81000000,102.00000000,51.00000000,7782.60000000,1200.74400000,9.27777778
1308.00000000,1676.00000000,0.00000000,0.81649199,51937.64620326,163771.74361353,8447.23666507,910.55238095,24220.38536442,51937.64620326,29089.53969598,14631.04308747,29262.08617493,14631.04308747,7.55555556,1.28571429,2.74285714,7560.24000000,1372.27885714,1.50000000,0.80000000,80000.00000000,9.81000000,102.00000000,51.00000000,7560.24000000,1372.27885714,9.05555556
1309.00000000,1382.00000000,0.00000000,0.81643603,51837.66840095,165292.58687293,8707.99204891,856.47619048,22242.28421468,51837.66840095,30881.89561484,15082.68466062,30165.36932123,15082.68466062,7.11111111,1.42857143,2.57142857,7115.52000000,1286.51142857,1.50000000,0.80000000,80000.00000000,9.81000000,102.00000000,51.00000000,7115.52000000,1286.51142857,8.61111111
1310.00000000,1815.00000000,0.00000000,0.81625098,52139.41603297,163327.01278205,8318.60963501,903.59047619,25197.30699817,52139.41603297,28357.27160623,14408.25453617,28816.50907234,14408.25453617,7.44444444,1.14285714,2.82857143,7449.06000000,1415.16257143,1.50000000,0.80000000,80000.00000000,9.81000000,102.00000000,51.00000000,7449.06000000,1415.16257143,8.94444444
1311.00000000,1970.00000000,0.00000000,0.81605458,51906.95280761,162268.88246699,8226.79830132,964.62857143,25919.16200537,51906.95280761,27445.83708795,14249.23264151,28498.46528303,14249.23264151,8.00000000,1.14285714,2.91428571,8004.96000000,1458.04628571,1.50000000,0.80000000,80000.00000000,9.81000000,102.00000000,51.00000000,8004.96000000,1458.04628571,9.50000000
1312.00000000,1537.00000000,0.00000000,0.81595227,51825.98984486,164406.08487249,8577.21808451,917.51428571,23234.08024580,51825.98984486,29921.30474191,14856.17750998,29712.35501996,14856.17750998,7.66666667,1.42857143,2.65714286,7671.42000000,1329.39514286,1.50000000,0.80000000,80000.00000000,9.81000000,102.00000000,51.00000000,7671.42000000,1329.39514286,9.16666667
1313.00000000,838.00000000,0.00000000,0.81593675,50774.42442224,167736.95921193,9392.49782854,906.99047619,17156.81934683,50774.42442224,34732.58164683,16268.28344901,32536.56689801,16268.28344901,7.77777778,2.14285714,2.22857143,7782.60000000,1114.97657143,1.50000000,0.80000000,80000.00000000,9.81000000,102.00000000,51.00000000,7782.60000000,1114.97657143,9.27777778
1314.00000000,1258.00000000,0.00000000,0.81574869,51478.65580601,165652.43118155,8869.75884118,920.10476190,21035.76357332,51478.65580601,31686.51994697,15362.87296381,30725.74592763,15362.87296381,7.77777778,1.71428571,2.48571429,7782.60000000,1243.62771429,1.50000000,0.80000000,80000.00000000,9.81000000,102.00000000,51.00000000,7782.60000000,1243.62771429,9.27777778
1315.00000000,1954.00000000,1.00000000,0.81536144,52413.44406239,163036.06774997,8191.32052759,896.62857143,26164.95923196,52413.44406239,27706.53111615,14187.78333487,28375.56666974,14187.78333487,7.33333333,1.00000000,2.91428571,7337.88000000,1458.04628571,1.50000000,0.80000000,80000.00000000,9.81000000,102.00000000,51.00000000,7337.88000000,1458.04628571,8.83333333
1316.00000000,2109.00000000,1.00000000,0.81534717,52164.92774834,161999.71662252,8107.28687640,957.66666667,26832.92887417,52164.92774834,26832.92887417,14042.23278146,28084.46556291,14042.23278146,7.88888889,1.00000000,3.00000000,7893.78000000,1500.93000000,1.50000000,0.80000000,80000.00000000,9.81000000,102.00000000,51.00000000,7893.78000000,1500.93000000,9.38888889
1317.00000000,1243.00000000,0.00000000,0.81489754,51842.07710430,166235.15843571,8848.95758325,863.43809524,21179.87891574,51842.07710430,31905.82590284,15326.84412821,30653.68825641,15326.84412821,7.22222222,1.57142857,2.48571429,7226.70000000,1243.62771429,1.50000000,0.80000000,80000.00000000,9.81000000,102.00000000,51.00000000,7226.70000000,1243.62771429,8.72222222
1318.00000000,403.00000000,0.00000000,0.81473042,50077.23830799,170645.29841811,10032.10992279,837.20952381,12468.15448359,50077.23830799,38595.40925298,17376.12409339,34752.24818678,17376.12409339,7.22222222,2.42857143,1.97142857,7226.70000000,986.32542857,1.50000000,0.80000000,80000.00000000,9.81000000,102.00000000,51.00000000,7226.70000000,986.32542857,8.72222222
1319.00000000,1398.00000000,0.00000000,0.81445964,51828.04791173,165277.35443166,8708.57063141,924.47619048,22238.27567750,51828.04791173,30876.28366279,15083.68679491,30167.37358982,15083.68679491,7.77777778,1.57142857,2.57142857,7782.60000000,1286.51142857,1.50000000,0.80000000,80000.00000000,9.81000000,102.00000000,51.00000000,7782.60000000,1286.51142857,9.27777778
1320.00000000,417.00000000,0.00000000,0.81438162,49996.84022255,170503.72787636,10034.88490333,882.54285714,12448.92885446,49996.84022255,38534.23679666,17380.93050067,34761.86100134,17380.93050067,7.66666667,2.57142857,1.97142857,7671.42000000,986.32542857,1.50000000,0.80000000,80000.00000000,9.81000000,102.00000000,51.00000000,7671.42000000,986.32542857,9.16666667
1321.00000000,698.00000000,0.00000000,0.81395995,50760.26721529,168972.68640884,9581.13625060,902.61904762,15764.12659316,50760.26721529,36068.23347927,16595.01478028,33190.02956056,16595.01478028,7.77777778,2.28571429,2.14285714,7782.60000000,1072.09285714,1.50000000,0.80000000,80000.00000000,9.81000000,102.00000000,51.00000000,7782.60000000,1072.09285714,9.27777778
1322.00000000,1816.00000000,0.00000000,0.81366747,52442.21514533,163790.38718127,8298.08139403,914.92380952,25339.53082367,52442.21514533,28517.84689308,14372.69857980,28745.39715959,14372.69857980,7.55555556,1.14285714,2.82857143,7560.24000000,1415.16257143,1.50000000,0.80000000,80000.00000000,9.81000000,102.00000000,51.00000000,7560.24000000,1415.16257143,9.05555556
1323.00000000,1677.00000000,0.00000000,0.81363337,52277.05220894,164296.76227856,8425.03850760,921.88571429,24374.17871075,52277.05220894,29275.15235533,14592.59475088,29185.18950177,14592.59475088,7.66666667,1.28571429,2.74285714,7671.42000000,1372.27885714,1.50000000,0.80000000,80000.00000000,9.81000000,102.00000000,51.00000000,7671.42000000,1372.27885714,9.16666667
1324.00000000,1522.00000000,0.00000000,0.81357609,52391.87382348,165291.41948421,8541.64849492,860.84761905,23480.51359133,52391.87382348,30240.75537501,14794.56917360,29589.13834719,14794.56917360,7.11111111,1.28571429,2.65714286,7115.52000000,1329.39514286,1.50000000,0.80000000,80000.00000000,9.81000000,102.00000000,51.00000000,7115.52000000,1329.39514286,8.61111111
1325.00000000,1661.00000000,1.00000000,0.81347983,52572.10714957,164753.17538985,8405.74104106,853.88571429,24507.87548072,52572.10714957,29436.51052599,14559.17055839,29118.34111678,14559.17055839,7.00000000,1.14285714,2.74285714,7004.34000000,1372.27885714,1.50000000,0.80000000,80000.00000000,9.81000000,102.00000000,51.00000000,7004.34000000,1372.27885714,8.50000000
1326.00000000,2110.00000000,1.00000000,0.81322220,52379.81823529,162322.05235294,8091.77849134,969.00000000,26940.37411765,52379.81823529,26940.37411765,14015.37147059,28030.74294118,14015.37147059,8.00000000,1.00000000,3.00000000,8004.96000000,1500.93000000,1.50000000,0.80000000,80000.00000000,9.81000000,102.00000000,51.00000000,8004.96000000,1500.93000000,9.50000000
1327.00000000,1955.00000000,1.00000000,0.81303195,52683.12878673,163444.56078831,8172.43014490,907.96190476,26295.83564230,52683.12878673,27845.33943015,14155.06423228,28310.12846456,14155.06423228,7.44444444,1.00000000,2.91428571,7449.06000000,1458.04628571,1.50000000,0.80000000,80000.00000000,9.81000000,102.00000000,51.00000000,7449.06000000,1458.04628571,8.94444444
1328.00000000,1538.00000000,0.00000000,0.81279244,52206.23190136,165000.97970281,8553.31733028,928.84761905,23399.66952847,52206.23190136,30135.95751574,14814.78018931,29629.56037862,14814.78018931,7.77777778,1.42857143,2.65714286,7782.60000000,1329.39514286,1.50000000,0.80000000,80000.00000000,9.81000000,102.00000000,51.00000000,7782.60000000,1329.39514286,9.27777778
1329.00000000,1383.00000000,0.00000000,0.81274800,52318.80389865,166054.38474429,8679.05624588,867.80952381,22442.75733872,52318.80389865,31162.55798850,15032.56637961,30065.13275921,15032.56637961,7.22222222,1.42857143,2.57142857,7226.70000000,1286.51142857,1.50000000,0.80000000,80000.00000000,9.81000000,102.00000000,51.00000000,7226.70000000,1286.51142857,8.72222222
1330.00000000,964.00000000,0.00000000,0.81259889,51697.49575265,168099.78260292,9172.20940261,866.02857143,18768.78975953,51697.49575265,34086.56627884,15886.73270297,31773.46540595,15886.73270297,7.33333333,1.85714286,2.31428571,7337.88000000,1157.86028571,1.50000000,0.80000000,80000.00000000,9.81000000,102.00000000,51.00000000,7337.88000000,1157.86028571,8.83333333
1331.00000000,824.00000000,0.00000000,0.81246437,51451.53766259,168869.82174867,9360.54669538,861.65714286,17378.18329079,51451.53766259,35188.33094323,16212.94246302,32425.88492603,16212.94246302,7.33333333,2.00000000,2.22857143,7337.88000000,1114.97657143,1.50000000,0.80000000,80000.00000000,9.81000000,102.00000000,51.00000000,7337.88000000,1114.97657143,8.83333333
1332.00000000,1119.00000000,0.00000000,0.81201892,51752.88321798,167100.29522922,9005.76711154,927.06666667,20007.70320674,51752.88321798,32945.92401124,15598.44619831,31196.89239663,15598.44619831,7.88888889,1.85714286,2.40000000,7893.78000000,1200.74400000,1.50000000,0.80000000,80000.00000000,9.81000000,102.00000000,51.00000000,7893.78000000,1200.74400000,9.38888889
1333.00000000,1104.00000000,0.00000000,0.81196727,52016.37274827,167528.46571594,8991.50532236,870.40000000,20106.51178060,52016.37274827,33110.60496767,15573.74405485,31147.48810970,15573.74405485,7.33333333,1.71428571,2.40000000,7337.88000000,1200.74400000,1.50000000,0.80000000,80000.00000000,9.81000000,102.00000000,51.00000000,7337.88000000,1200.74400000,8.83333333
1334.00000000,1259.00000000,0.00000000,0.81178333,51975.66588228,166449.36113144,8841.31132079,931.43809524,21232.85377598,51975.66588228,31986.43982059,15313.60041315,30627.20082630,15313.60041315,7.88888889,1.71428571,2.48571429,7893.78000000,1243.62771429,1.50000000,0.80000000,80000.00000000,9.81000000,102.00000000,51.00000000,7893.78000000,1243.62771429,9.38888889
1335.00000000,979.00000000,0.00000000,0.81148289,51609.98059181,167955.54465264,9176.65389859,922.69523810,18737.99738812,51609.98059181,34029.84348940,15894.43079583,31788.86159165,15894.43079583,7.88888889,2.00000000,2.31428571,7893.78000000,1157.86028571,1.50000000,0.80000000,80000.00000000,9.81000000,102.00000000,51.00000000,7893.78000000,1157.86028571,9.38888889
1336.00000000,684.00000000,0.00000000,0.81126438,51317.52776648,169920.02934587,9557.00616091,857.28571429,15931.30475852,51317.52776648,36458.31586511,16553.22023894,33106.44047789,16553.22023894,7.33333333,2.14285714,2.14285714,7337.88000000,1072.09285714,1.50000000,0.80000000,80000.00000000,9.81000000,102.00000000,51.00000000,7337.88000000,1072.09285714,8.83333333
1337.00000000,1817.00000000,0.00000000,0.81113463,52733.35030473,164235.91219794,8278.34390978,926.25714286,25476.27612582,52733.35030473,28672.23675035,14338.51225426,28677.02450852,14338.51225426,7.66666667,1.14285714,2.82857143,7671.42000000,1415.16257143,1.50000000,0.80000000,80000.00000000,9.81000000,102.00000000,51.00000000,7671.42000000,1415.16257143,9.16666667
1338.00000000,1399.00000000,0.00000000,0.81096549,52254.32641044,165952.29538796,8682.93396412,935.80952381,22415.89171864,52254.32641044,31124.94612038,15039.28278463,30078.56556925,15039.28278463,7.88888889,1.57142857,2.57142857,7893.78000000,1286.51142857,1.50000000,0.80000000,80000.00000000,9.81000000,102.00000000,51.00000000,7893.78000000,1286.51142857,9.38888889
1339.00000000,1678.00000000,0.00000000,0.81083405,52603.60970739,164801.90590897,8403.68068053,933.21904762,24522.15007723,52603.60970739,29453.73848730,14555.60190926,29111.20381853,14555.60190926,7.77777778,1.28571429,2.74285714,7782.60000000,1372.27885714,1.50000000,0.80000000,80000.00000000,9.81000000,102.00000000,51.00000000,7782.60000000,1372.27885714,9.27777778
1340.00000000,1244.00000000,0.00000000,0.81077013,52383.22085571,167102.85445090,8817.98396996,874.77142857,21394.47040337,52383.22085571,32232.37816662,15273.19625630,30546.39251260,15273.19625630,7.33333333,1.57142857,2.48571429,7337.88000000,1243.62771429,1.50000000,0.80000000,80000.00000000,9.81000000,102.00000000,51.00000000,7337.88000000,1243.62771429,8.83333333
1341.00000000,1956.00000000,1.00000000,0.81074529,52942.21395755,163836.99862057,8154.28222037,919.29523810,26421.56815167,52942.21395755,27978.69209160,14123.63110494,28247.26220988,14123.63110494,7.55555556,1.00000000,2.91428571,7560.24000000,1458.04628571,1.50000000,0.80000000,80000.00000000,9.81000000,102.00000000,51.00000000,7560.24000000,1458.04628571,9.05555556
1342.00000000,1662.00000000,0.00000000,0.81059448,52939.08175477,165320.83923227,8381.73981557,865.21904762,24674.16084870,52939.08175477,29637.19976321,14517.59921640,29035.19843279,14517.59921640,7.11111111,1.14285714,2.74285714,7115.52000000,1372.27885714,1.50000000,0.80000000,80000.00000000,9.81000000,102.00000000,51.00000000,7115.52000000,1372.27885714,8.61111111
1343.00000000,1523.00000000,0.00000000,0.81035291,52803.83558840,165935.94030997,8515.75394505,872.18095238,23659.91629541,52803.83558840,30473.31443585,14749.71849758,29499.43699515,14749.71849758,7.22222222,1.28571429,2.65714286,7226.70000000,1329.39514286,1.50000000,0.80000000,80000.00000000,9.81000000,102.00000000,51.00000000,7226.70000000,1329.39514286,8.72222222
1344.00000000,558.00000000,0.00000000,0.81019942,50960.39733672,170692.04325189,9777.72117590,898.24761905,14316.37885012,50960.39733672,37673.22762946,16935.50985890,33871.01971780,16935.50985890,7.77777778,2.42857143,2.05714286,7782.60000000,1029.20914286,1.50000000,0.80000000,80000.00000000,9.81000000,102.00000000,51.00000000,7782.60000000,1029.20914286,9.27777778
1345.00000000,136.00000000,0.00000000,0.81006947,49659.41652599,173293.65863099,10547.36201439,862.46666667,8726.84842100,49659.41652599,41833.12610499,18268.56689475,36537.13378950,18268.56689475,7.55555556,2.85714286,1.80000000,7560.24000000,900.55800000,1.50000000,0.80000000,80000.00000000,9.81000000,102.00000000,51.00000000,7560.24000000,900.55800000,9.05555556
1346.00000000,1801.00000000,1.00000000,0.81005028,53163.69572893,164894.47110466,8249.16867704,858.25714286,25678.40806748,53163.69572893,28900.45023287,14287.97926884,28575.95853769,14287.97926884,7.00000000,1.00000000,2.82857143,7004.34000000,1415.16257143,1.50000000,0.80000000,80000.00000000,9.81000000,102.00000000,51.00000000,7004.34000000,1415.16257143,8.50000000
1347.00000000,839.00000000,0.00000000,0.80990158,51582.81557509,169089.45979459,9354.35204755,918.32380952,17421.10106988,51582.81557509,35276.69107664,16202.21301824,32404.42603649,16202.21301824,7.88888889,2.14285714,2.22857143,7893.78000000,1114.97657143,1.50000000,0.80000000,80000.00000000,9.81000000,102.00000000,51.00000000,7893.78000000,1114.97657143,9.38888889
1348.00000000,1539.00000000,0.00000000,0.80970154,52572.29548458,165573.69208302,8530.30778785,940.18095238,23559.08431471,52572.29548458,30342.60631272,14774.92649275,29549.85298550,14774.92649275,7.88888889,1.42857143,2.65714286,7893.78000000,1329.39514286,1.50000000,0.80000000,80000.00000000,9.81000000,102.00000000,51.00000000,7893.78000000,1329.39514286,9.38888889
1349.00000000,1384.00000000,0.00000000,0.80914841,52781.49626458,166786.98099035,8651.22962483,879.14285714,22635.54582453,52781.49626458,31432.46186863,14984.36925815,29968.73851631,14984.36925815,7.33333333,1.42857143,2.57142857,7337.88000000,1286.51142857,1.50000000,0.80000000,80000.00000000,9.81000000,102.00000000,51.00000000,7337.88000000,1286.51142857,8.83333333
1350.00000000,263.00000000,0.00000000,0.80889729,50454.66521302,172947.66228181,10261.66349030,832.83809524,10791.99328708,50454.66521302,40606.11364023,17773.72253537,35547.44507075,17773.72253537,7.22222222,2.57142857,1.88571429,7226.70000000,943.44171429,1.50000000,0.80000000,80000.00000000,9.81000000,102.00000000,51.00000000,7226.70000000,943.44171429,8.72222222
1351.00000000,1818.00000000,0.00000000,0.80865090,53013.29944877,164664.31922138,8259.36478052,937.59047619,25607.76739044,53013.29944877,28820.69462976,14305.63943810,28611.27887621,14305.63943810,7.77777778,1.14285714,2.82857143,7782.60000000,1415.16257143,1.50000000,0.80000000,80000.00000000,9.81000000,102.00000000,51.00000000,7782.60000000,1415.16257143,9.27777778
1352.00000000,544.00000000,0.00000000,0.80852464,51359.50644530,171382.16941881,9762.11943232,852.91428571,14424.47090036,51359.50644530,37964.24468779,16908.48684634,33816.97369268,16908.48684634,7.33333333,2.28571429,2.05714286,7337.88000000,1029.20914286,1.50000000,0.80000000,80000.00000000,9.81000000,102.00000000,51.00000000,7337.88000000,1029.20914286,8.83333333
1353.00000000,1957.00000000,1.00000000,0.80850000,53191.13220968,164214.03656130,8136.84644958,930.62857143,26542.36671520,53191.13220968,28106.81178019,14093.43146406,28186.86292811,14093.43146406,7.66666667,1.00000000,2.91428571,7671.42000000,1458.04628571,1.50000000,0.80000000,80000.00000000,9.81000000,102.00000000,51.00000000,7671.42000000,1458.04628571,9.16666667
1354.00000000,1679.00000000,0.00000000,0.80809242,52917.84723661,165287.99208699,8383.12861592,944.55238095,24664.53895766,52917.84723661,29625.58713609,14520.00468916,29040.00937831,14520.00468916,7.88888889,1.28571429,2.74285714,7893.78000000,1372.27885714,1.50000000,0.80000000,80000.00000000,9.81000000,102.00000000,51.00000000,7893.78000000,1372.27885714,9.38888889
1355.00000000,1260.00000000,0.00000000,0.80791173,52454.48898656,167217.12921244,8813.90477378,942.77142857,21422.73190354,52454.48898656,32275.38479731,15266.13088126,30532.26176252,15266.13088126,8.00000000,1.71428571,2.48571429,8004.96000000,1243.62771429,1.50000000,0.80000000,80000.00000000,9.81000000,102.00000000,51.00000000,8004.96000000,1243.62771429,9.50000000
1356.00000000,1663.00000000,0.00000000,0.80777382,53291.69995414,165866.29550942,8358.67754152,876.55238095,24833.94097029,53291.69995414,29830.03784099,14477.65418600,28955.30837200,14477.65418600,7.22222222,1.14285714,2.74285714,7226.70000000,1372.27885714,1.50000000,0.80000000,80000.00000000,9.81000000,102.00000000,51.00000000,7226.70000000,1372.27885714,8.72222222
1357.00000000,1120.00000000,0.00000000,0.80760415,52312.86053084,168010.25836262,8975.45745038,938.40000000,20217.69469907,52312.86053084,33295.90983178,15545.94832523,31091.89665047,15545.94832523,8.00000000,1.85714286,2.40000000,8004.96000000,1200.74400000,1.50000000,0.80000000,80000.00000000,9.81000000,102.00000000,51.00000000,8004.96000000,1200.74400000,9.50000000
1358.00000000,1400.00000000,0.00000000,0.80755106,52664.91777606,166602.39838353,8658.24073126,947.14285714,22586.97145431,52664.91777606,31364.45775032,14996.51285071,29993.02570142,14996.51285071,8.00000000,1.57142857,2.57142857,8004.96000000,1286.51142857,1.50000000,0.80000000,80000.00000000,9.81000000,102.00000000,51.00000000,8004.96000000,1286.51142857,9.50000000
1359.00000000,1802.00000000,1.00000000,0.80752742,53477.36238632,165374.47614097,8227.90367173,869.59047619,25825.73634596,53477.36238632,29066.78861179,14251.14719923,28502.29439845,14251.14719923,7.11111111,1.00000000,2.82857143,7115.52000000,1415.16257143,1.50000000,0.80000000,80000.00000000,9.81000000,102.00000000,51.00000000,7115.52000000,1415.16257143,8.61111111
1360.00000000,1105.00000000,0.00000000,0.80733271,52627.04552419,168520.80897680,8958.45168877,881.73333333,20335.51407157,52627.04552419,33492.27545262,15516.49348211,31032.98696422,15516.49348211,7.44444444,1.71428571,2.40000000,7449.06000000,1200.74400000,1.50000000,0.80000000,80000.00000000,9.81000000,102.00000000,51.00000000,7449.06000000,1200.74400000,8.94444444
1361.00000000,965.00000000,0.00000000,0.80722830,52417.24682083,169286.03899307,9135.65652767,877.36190476,19022.03550574,52417.24682083,34553.07160080,15823.42126642,31646.84253284,15823.42126642,7.44444444,1.85714286,2.31428571,7449.06000000,1157.86028571,1.50000000,0.80000000,80000.00000000,9.81000000,102.00000000,51.00000000,7449.06000000,1157.86028571,8.94444444
1362.00000000,1524.00000000,0.00000000,0.80720476,53199.90969767,166555.60464220,8490.85804050,883.51428571,23832.40018170,53199.90969767,30696.90465882,14706.59752600,29413.19505201,14706.59752600,7.33333333,1.28571429,2.65714286,7337.88000000,1329.39514286,1.50000000,0.80000000,80000.00000000,9.81000000,102.00000000,51.00000000,7337.88000000,1329.39514286,8.83333333
1363.00000000,699.00000000,0.00000000,0.80686005,51727.06858473,170616.24873690,9539.27252328,913.95238095,16054.16700399,51727.06858473,36744.99443788,16522.50467757,33045.00935515,16522.50467757,7.88888889,2.28571429,2.14285714,7893.78000000,1072.09285714,1.50000000,0.80000000,80000.00000000,9.81000000,102.00000000,51.00000000,7893.78000000,1072.09285714,9.38888889
1364.00000000,1245.00000000,0.00000000,0.80674451,52903.82944842,167937.62340128,8788.18573394,886.10476190,21600.91863841,52903.82944842,32546.53852429,15221.58419754,30443.16839508,15221.58419754,7.44444444,1.57142857,2.48571429,7449.06000000,1243.62771429,1.50000000,0.80000000,80000.00000000,9.81000000,102.00000000,51.00000000,7449.06000000,1243.62771429,8.94444444
1365.00000000,1540.00000000,0.00000000,0.80667783,52924.76613620,166125.13810249,8508.15265200,951.51428571,23712.57959848,52924.76613620,30541.58168057,14736.55267181,29473.10534362,14736.55267181,8.00000000,1.42857143,2.65714286,8004.96000000,1329.39514286,1.50000000,0.80000000,80000.00000000,9.81000000,102.00000000,51.00000000,8004.96000000,1329.39514286,9.50000000
1366.00000000,980.00000000,0.00000000,0.80641045,52268.01651532,169040.08534138,9143.23525445,934.02857143,18969.52854639,52268.01651532,34456.34825464,15836.54800626,31673.09601252,15836.54800626,8.00000000,2.00000000,2.31428571,8004.96000000,1157.86028571,1.50000000,0.80000000,80000.00000000,9.81000000,102.00000000,51.00000000,8004.96000000,1157.86028571,9.50000000
1367.00000000,1958.00000000,1.00000000,0.80629467,53430.29294925,164576.29474035,8120.09415519,941.96190476,26658.43001529,53430.29294925,28229.90921968,14064.41563904,28128.83127807,14064.41563904,7.77777778,1.00000000,2.91428571,7782.60000000,1458.04628571,1.50000000,0.80000000,80000.00000000,9.81000000,102.00000000,51.00000000,7782.60000000,1458.04628571,9.27777778
1368.00000000,277.00000000,0.00000000,0.80626507,50722.01145828,173427.67031308,10253.77046848,878.17142857,10846.67774634,50722.01145828,40818.77542623,17760.05142056,35520.10284112,17760.05142056,7.66666667,2.71428571,1.88571429,7671.42000000,943.44171429,1.50000000,0.80000000,80000.00000000,9.81000000,102.00000000,51.00000000,7671.42000000,943.44171429,9.16666667
1369.00000000,1819.00000000,0.00000000,0.80621475,53282.51475515,165076.30022054,8241.11335091,948.92380952,25734.21700404,53282.51475515,28963.46032254,14274.02703470,28548.05406941,14274.02703470,7.88888889,1.14285714,2.82857143,7893.78000000,1415.16257143,1.50000000,0.80000000,80000.00000000,9.81000000,102.00000000,51.00000000,7893.78000000,1415.16257143,9.38888889
1370.00000000,825.00000000,0.00000000,0.80618411,52305.96739653,170299.34841891,9320.22847890,872.99047619,17657.51608842,52305.96739653,35763.42787953,16143.10926361,32286.21852722,16143.10926361,7.44444444,2.00000000,2.22857143,7449.06000000,1114.97657143,1.50000000,0.80000000,80000.00000000,9.81000000,102.00000000,51.00000000,7449.06000000,1114.97657143,8.94444444
1371.00000000,1385.00000000,0.00000000,0.80563555,53226.56346236,167491.67072017,8624.46299291,890.47619048,22820.99049027,53226.56346236,31692.08440066,14938.00809172,29876.01618344,14938.00809172,7.44444444,1.42857143,2.57142857,7449.06000000,1286.51142857,1.50000000,0.80000000,80000.00000000,9.81000000,102.00000000,51.00000000,7449.06000000,1286.51142857,8.94444444
1372.00000000,1680.00000000,0.00000000,0.80540679,53220.26473739,165755.79415851,8363.34961616,955.88571429,24801.57188770,53220.26473739,29790.97170683,14485.74645665,28971.49291329,14485.74645665,8.00000000,1.28571429,2.74285714,8004.96000000,1372.27885714,1.50000000,0.80000000,80000.00000000,9.81000000,102.00000000,51.00000000,8004.96000000,1372.27885714,9.50000000
1373.00000000,1803.00000000,1.00000000,0.80505826,53778.59682614,165835.45611706,8207.48150760,880.92380952,25967.22524951,53778.59682614,29226.53414806,14215.77497334,28431.54994667,14215.77497334,7.22222222,1.00000000,2.82857143,7226.70000000,1415.16257143,1.50000000,0.80000000,80000.00000000,9.81000000,102.00000000,51.00000000,7226.70000000,1415.16257143,8.72222222
1374.00000000,1664.00000000,0.00000000,0.80501604,53630.58400676,166390.50677831,8336.51352132,887.88571429,24987.49780663,53630.58400676,30015.36505727,14439.26497691,28878.52995383,14439.26497691,7.33333333,1.14285714,2.74285714,7337.88000000,1372.27885714,1.50000000,0.80000000,80000.00000000,9.81000000,102.00000000,51.00000000,7337.88000000,1372.27885714,8.83333333
1375.00000000,1525.00000000,0.00000000,0.80412978,53580.78763474,167151.49431794,8466.91731693,894.84761905,23998.26638010,53580.78763474,30911.91639749,14665.13097640,29330.26195281,14665.13097640,7.44444444,1.28571429,2.65714286,7449.06000000,1329.39514286,1.50000000,0.80000000,80000.00000000,9.81000000,102.00000000,51.00000000,7449.06000000,1329.39514286,8.94444444
1376.00000000,1959.00000000,1.00000000,0.80412788,53660.08389198,164924.36043302,8103.99817921,953.29523810,26769.94620808,53660.08389198,28348.18396961,14036.53659084,28073.07318167,14036.53659084,7.88888889,1.00000000,2.91428571,7893.78000000,1458.04628571,1.50000000,0.80000000,80000.00000000,9.81000000,102.00000000,51.00000000,7893.78000000,1458.04628571,9.38888889
1377.00000000,840.00000000,0.00000000,0.80401376,52361.65325192,170392.51513852,9317.60081476,929.65714286,17675.72107961,52361.65325192,35800.90874374,16138.55801581,32277.11603162,16138.55801581,8.00000000,2.14285714,2.22857143,8004.96000000,1114.97657143,1.50000000,0.80000000,80000.00000000,9.81000000,102.00000000,51.00000000,8004.96000000,1114.97657143,9.50000000
1378.00000000,150.00000000,0.00000000,0.80389718,50399.31812308,174650.14489231,10529.56274830,907.80000000,8850.16535385,50399.31812308,42449.71076923,18237.73766154,36475.47532308,18237.73766154,8.00000000,3.00000000,1.80000000,8004.96000000,900.55800000,1.50000000,0.80000000,80000.00000000,9.81000000,102.00000000,51.00000000,8004.96000000,900.55800000,9.50000000
1379.00000000,685.00000000,0.00000000,0.80382742,52342.31093793,171662.16073735,9512.63174792,868.61904762,16238.73970995,52342.31093793,37175.66408513,16476.36150108,32952.72300217,16476.36150108,7.44444444,2.14285714,2.14285714,7449.06000000,1072.09285714,1.50000000,0.80000000,80000.00000000,9.81000000,102.00000000,51.00000000,7449.06000000,1072.09285714,8.94444444
1380.00000000,1820.00000000,0.00000000,0.80382464,53541.42435415,165472.51036447,8223.56059588,960.25714286,25855.82605812,53541.42435415,29100.76086746,14243.62477118,28487.24954237,14243.62477118,8.00000000,1.14285714,2.82857143,8004.96000000,1415.16257143,1.50000000,0.80000000,80000.00000000,9.81000000,102.00000000,51.00000000,8004.96000000,1415.16257143,9.50000000
1381.00000000,418.00000000,0.00000000,0.80370007,51507.01585781,173162.95019062,9982.76042830,893.87619048,12810.05781072,51507.01585781,39683.28347566,17290.64826161,34581.29652321,17290.64826161,7.77777778,2.57142857,1.97142857,7782.60000000,986.32542857,1.50000000,0.80000000,80000.00000000,9.81000000,102.00000000,51.00000000,7782.60000000,986.32542857,9.27777778
1382.00000000,404.00000000,0.00000000,0.80343266,51689.39341722,173484.09328435,9976.46557470,848.54285714,12853.66983579,51689.39341722,39822.04900999,17279.74525534,34559.49051067,17279.74525534,7.33333333,2.42857143,1.97142857,7337.88000000,986.32542857,1.50000000,0.80000000,80000.00000000,9.81000000,102.00000000,51.00000000,7337.88000000,986.32542857,8.83333333
1383.00000000,1246.00000000,0.00000000,0.80281902,53404.81749183,168740.93181572,8759.51052541,897.43809524,21799.58631080,53404.81749183,32848.85889532,15171.91727944,30343.83455889,15171.91727944,7.55555556,1.57142857,2.48571429,7560.24000000,1243.62771429,1.50000000,0.80000000,80000.00000000,9.81000000,102.00000000,51.00000000,7560.24000000,1243.62771429,9.05555556
1384.00000000,1106.00000000,0.00000000,0.80281553,53214.74580526,169475.82193355,8926.64147795,893.06666667,20555.90167697,53214.74580526,33859.58812829,15461.39658076,30922.79316151,15461.39658076,7.55555556,1.71428571,2.40000000,7560.24000000,1200.74400000,1.50000000,0.80000000,80000.00000000,9.81000000,102.00000000,51.00000000,7560.24000000,1200.74400000,9.05555556
1385.00000000,1804.00000000,1.00000000,0.80264106,54067.92807893,166278.22060996,8187.86631905,892.25714286,26103.12326218,54067.92807893,29379.96738818,14181.80047017,28363.60094034,14181.80047017,7.33333333,1.00000000,2.82857143,7337.88000000,1415.16257143,1.50000000,0.80000000,80000.00000000,9.81000000,102.00000000,51.00000000,7337.88000000,1415.16257143,8.83333333
1386.00000000,951.00000000,1.00000000,0.80232980,53213.48560478,170598.35847031,9095.21919041,832.02857143,19302.19359639,53213.48560478,35069.15229410,15753.38174376,31506.76348752,15753.38174376,7.00000000,1.71428571,2.31428571,7004.34000000,1157.86028571,1.50000000,0.80000000,80000.00000000,9.81000000,102.00000000,51.00000000,7004.34000000,1157.86028571,8.50000000
1387.00000000,1665.00000000,0.00000000,0.80231928,53956.32072256,166894.38076056,8315.20937587,899.21904762,25135.09725598,53956.32072256,30193.50232372,14402.36511458,28804.73022915,14402.36511458,7.44444444,1.14285714,2.74285714,7449.06000000,1372.27885714,1.50000000,0.80000000,80000.00000000,9.81000000,102.00000000,51.00000000,7449.06000000,1372.27885714,8.94444444
1388.00000000,1386.00000000,0.00000000,0.80220749,53654.77579069,168169.67357336,8598.71002384,901.80952381,22999.41229374,53654.77579069,31941.87492552,14893.40264085,29786.80528170,14893.40264085,7.55555556,1.42857143,2.57142857,7560.24000000,1286.51142857,1.50000000,0.80000000,80000.00000000,9.81000000,102.00000000,51.00000000,7560.24000000,1286.51142857,9.05555556
1389.00000000,1960.00000000,1.00000000,0.80199824,53880.87248089,165258.79020740,8088.53278365,964.62857143,26877.09361152,53880.87248089,28461.82515508,14009.74973998,28019.49947995,14009.74973998,8.00000000,1.00000000,2.91428571,8004.96000000,1458.04628571,1.50000000,0.80000000,80000.00000000,9.81000000,102.00000000,51.00000000,8004.96000000,1458.04628571,9.50000000
1390.00000000,966.00000000,0.00000000,0.80199456,53109.90106035,170427.63579524,9100.47977711,888.69523810,19265.74718261,53109.90106035,35002.01416346,15762.49334720,31524.98669441,15762.49334720,7.55555556,1.85714286,2.31428571,7560.24000000,1157.86028571,1.50000000,0.80000000,80000.00000000,9.81000000,102.00000000,51.00000000,7560.24000000,1157.86028571,9.05555556
1391.00000000,811.00000000,1.00000000,0.80194910,53003.76870234,171466.82368056,9287.30113217,827.65714286,17885.64343840,53003.76870234,36233.10183537,16086.07742611,32172.15485223,16086.07742611,7.00000000,1.85714286,2.22857143,7004.34000000,1114.97657143,1.50000000,0.80000000,80000.00000000,9.81000000,102.00000000,51.00000000,7004.34000000,1114.97657143,8.50000000
1392.00000000,1091.00000000,1.00000000,0.80190631,53501.23625567,169941.36891546,8911.13472745,836.40000000,20663.33559588,53501.23625567,34038.64465979,15434.53810103,30869.07620206,15434.53810103,7.00000000,1.57142857,2.40000000,7004.34000000,1200.74400000,1.50000000,0.80000000,80000.00000000,9.81000000,102.00000000,51.00000000,7004.34000000,1200.74400000,8.50000000
1393.00000000,559.00000000,0.00000000,0.80169013,52133.57397217,172720.66118402,9731.86003006,909.58095238,14634.11418889,52133.57397217,38528.66892613,16856.07602421,33712.15204841,16856.07602421,7.88888889,2.42857143,2.05714286,7893.78000000,1029.20914286,1.50000000,0.80000000,80000.00000000,9.81000000,102.00000000,51.00000000,7893.78000000,1029.20914286,9.38888889
1394.00000000,1526.00000000,0.00000000,0.80112600,53947.12132936,167724.62929179,8443.89079618,906.18095238,24157.79879551,53947.12132936,31118.71767671,14625.24787255,29250.49574510,14625.24787255,7.55555556,1.28571429,2.65714286,7560.24000000,1329.39514286,1.50000000,0.80000000,80000.00000000,9.81000000,102.00000000,51.00000000,7560.24000000,1329.39514286,9.05555556
1395.00000000,1231.00000000,1.00000000,0.80089206,53840.67789982,169439.81143542,8734.56304761,840.77142857,21972.42750707,53840.67789982,33111.87810703,15128.70698038,30257.41396075,15128.70698038,7.00000000,1.42857143,2.48571429,7004.34000000,1243.62771429,1.50000000,0.80000000,80000.00000000,9.81000000,102.00000000,51.00000000,7004.34000000,1243.62771429,8.50000000
1396.00000000,671.00000000,1.00000000,0.80044437,52913.28469388,172632.81612245,9487.90785904,823.28571429,16410.03183673,52913.28469388,37575.34571429,16433.53846939,32867.07693878,16433.53846939,7.00000000,2.00000000,2.14285714,7004.34000000,1072.09285714,1.50000000,0.80000000,80000.00000000,9.81000000,102.00000000,51.00000000,7004.34000000,1072.09285714,8.50000000
1397.00000000,1805.00000000,1.00000000,0.80027405,54345.85557910,166703.53390567,8169.02424697,903.59047619,26233.66496680,54345.85557910,29527.35318372,14149.16504401,28298.33008803,14149.16504401,7.44444444,1.00000000,2.82857143,7449.06000000,1415.16257143,1.50000000,0.80000000,80000.00000000,9.81000000,102.00000000,51.00000000,7449.06000000,1415.16257143,8.94444444
1398.00000000,826.00000000,0.00000000,0.80006274,53128.13036719,171674.89031214,9281.43284327,884.32380952,17926.30013653,53128.13036719,36316.80680209,16075.91325158,32151.82650317,16075.91325158,7.55555556,2.00000000,2.22857143,7560.24000000,1114.97657143,1.50000000,0.80000000,80000.00000000,9.81000000,102.00000000,51.00000000,7560.24000000,1114.97657143,9.05555556
1399.00000000,700.00000000,0.00000000,0.79993087,52658.38168317,172199.48100424,9498.94548318,925.28571429,16333.56093352,52658.38168317,37396.91360679,16452.65619519,32905.31239038,16452.65619519,8.00000000,2.28571429,2.14285714,8004.96000000,1072.09285714,1.50000000,0.80000000,80000.00000000,9.81000000,102.00000000,51.00000000,8004.96000000,1072.09285714,9.50000000
1400.00000000,1666.00000000,0.00000000,0.79968166,54269.46395123,167378.77419242,8294.72888175,910.55238095,25276.99028147,54269.46395123,30364.75252690,14366.89185820,28733.78371641,14366.89185820,7.55555556,1.14285714,2.74285714,7560.24000000,1372.27885714,1.50000000,0.80000000,80000.00000000,9.81000000,102.00000000,51.00000000,7560.24000000,1372.27885714,9.05555556
1401.00000000,545.00000000,0.00000000,0.79956164,52606.55887062,173538.53090425,9713.37037662,864.24761905,14762.21426555,52606.55887062,38873.55374792,16824.05100504,33648.10201008,16824.05100504,7.44444444,2.28571429,2.05714286,7449.06000000,1029.20914286,1.50000000,0.80000000,80000.00000000,9.81000000,102.00000000,51.00000000,7449.06000000,1029.20914286,8.94444444
1402.00000000,1371.00000000,1.00000000,0.79943616,54214.33368034,169055.64023197,8565.05784695,845.14285714,23232.56141443,54214.33368034,32268.28369448,14835.11536068,29670.23072136,14835.11536068,7.00000000,1.28571429,2.57142857,7004.34000000,1286.51142857,1.50000000,0.80000000,80000.00000000,9.81000000,102.00000000,51.00000000,7004.34000000,1286.51142857,8.50000000
1403.00000000,1247.00000000,0.00000000,0.79899168,53887.04607589,169514.16040740,8731.90905789,908.77142857,21990.81488724,53887.04607589,33139.85890294,15124.11013533,30248.22027067,15124.11013533,7.66666667,1.57142857,2.48571429,7671.42000000,1243.62771429,1.50000000,0.80000000,80000.00000000,9.81000000,102.00000000,51.00000000,7671.42000000,1243.62771429,9.16666667
1404.00000000,1387.00000000,0.00000000,0.79886215,54066.85930549,168822.13913846,8573.92705216,913.14285714,23171.11375824,54066.85930549,32182.25697582,14850.47727473,29700.95454945,14850.47727473,7.66666667,1.42857143,2.57142857,7671.42000000,1286.51142857,1.50000000,0.80000000,80000.00000000,9.81000000,102.00000000,51.00000000,7671.42000000,1286.51142857,9.16666667
1405.00000000,1107.00000000,0.00000000,0.79841413,53780.50111523,170395.17431225,8896.01907353,904.40000000,20768.05991821,53780.50111523,34213.18519702,15408.35702045,30816.71404089,15408.35702045,7.66666667,1.71428571,2.40000000,7671.42000000,1200.74400000,1.50000000,0.80000000,80000.00000000,9.81000000,102.00000000,51.00000000,7671.42000000,1200.74400000,9.16666667
1406.00000000,1527.00000000,0.00000000,0.79819140,54299.52594588,168275.97199828,8421.73981108,917.51428571,24311.26532205,54299.52594588,31317.65576668,14586.88124091,29173.76248183,14586.88124091,7.66666667,1.28571429,2.65714286,7671.42000000,1329.39514286,1.50000000,0.80000000,80000.00000000,9.81000000,102.00000000,51.00000000,7671.42000000,1329.39514286,9.16666667
1407.00000000,1806.00000000,1.00000000,0.79795548,54612.85120607,167112.11812271,8150.92330034,914.92380952,26359.07200372,54612.85120607,29668.94177378,14117.81328479,28235.62656957,14117.81328479,7.55555556,1.00000000,2.82857143,7560.24000000,1415.16257143,1.50000000,0.80000000,80000.00000000,9.81000000,102.00000000,51.00000000,7560.24000000,1415.16257143,9.05555556
1408.00000000,123.00000000,0.00000000,0.79777280,51535.84969458,176733.78610674,10502.22204793,828.46666667,9039.58728243,51535.84969458,43396.82041215,18190.38217939,36380.76435878,18190.38217939,7.22222222,2.71428571,1.80000000,7226.70000000,900.55800000,1.50000000,0.80000000,80000.00000000,9.81000000,102.00000000,51.00000000,7226.70000000,900.55800000,8.72222222
1409.00000000,1511.00000000,1.00000000,0.79764658,54610.26975861,168762.13570529,8402.20748589,849.51428571,24446.58924050,54610.26975861,31493.07566096,14553.05026130,29106.10052261,14553.05026130,7.00000000,1.14285714,2.65714286,7004.34000000,1329.39514286,1.50000000,0.80000000,80000.00000000,9.81000000,102.00000000,51.00000000,7004.34000000,1329.39514286,8.50000000
1410.00000000,531.00000000,1.00000000,0.79730725,53009.62172160,174235.49375073,9697.61407562,818.91428571,14871.37712103,53009.62172160,39167.45374343,16796.76029117,33593.52058234,16796.76029117,7.00000000,2.14285714,2.05714286,7004.34000000,1029.20914286,1.50000000,0.80000000,80000.00000000,9.81000000,102.00000000,51.00000000,7004.34000000,1029.20914286,8.50000000
1411.00000000,1092.00000000,0.00000000,0.79727916,54119.03441774,170945.29092882,8877.69542103,847.73333333,20895.00990665,54119.03441774,34424.76851109,15376.61952334,30753.23904667,15376.61952334,7.11111111,1.57142857,2.40000000,7115.52000000,1200.74400000,1.50000000,0.80000000,80000.00000000,9.81000000,102.00000000,51.00000000,7115.52000000,1200.74400000,8.61111111
1412.00000000,1667.00000000,0.00000000,0.79710129,54570.53686435,167844.49635490,8275.03782200,921.88571429,25413.41394523,54570.53686435,30529.40177626,14332.78594226,28665.57188453,14332.78594226,7.66666667,1.14285714,2.74285714,7671.42000000,1372.27885714,1.50000000,0.80000000,80000.00000000,9.81000000,102.00000000,51.00000000,7671.42000000,1372.27885714,9.16666667
1413.00000000,952.00000000,0.00000000,0.79692451,53943.96342642,171802.29413931,9058.12155257,843.36190476,19559.21357067,53943.96342642,35542.61014146,15689.12675019,31378.25350038,15689.12675019,7.11111111,1.71428571,2.31428571,7115.52000000,1157.86028571,1.50000000,0.80000000,80000.00000000,9.81000000,102.00000000,51.00000000,7115.52000000,1157.86028571,8.61111111
1414.00000000,1232.00000000,0.00000000,0.79690705,54365.55789560,170281.42935970,8704.52032797,852.10476190,22180.56957436,54365.55789560,33428.61603552,15076.67146355,30153.34292710,15076.67146355,7.11111111,1.42857143,2.48571429,7115.52000000,1243.62771429,1.50000000,0.80000000,80000.00000000,9.81000000,102.00000000,51.00000000,7115.52000000,1243.62771429,8.61111111
1415.00000000,967.00000000,0.00000000,0.79689689,53776.69415721,171526.60960303,9066.61639606,900.02857143,19500.35956854,53776.69415721,35434.19487438,15703.84025072,31407.68050144,15703.84025072,7.66666667,1.85714286,2.31428571,7671.42000000,1157.86028571,1.50000000,0.80000000,80000.00000000,9.81000000,102.00000000,51.00000000,7671.42000000,1157.86028571,9.16666667
1416.00000000,686.00000000,0.00000000,0.79657461,53328.19361708,173338.16129189,9469.94177565,879.95238095,16534.50451370,53328.19361708,37865.78196053,16402.42030015,32804.84060030,16402.42030015,7.55555556,2.14285714,2.14285714,7560.24000000,1072.09285714,1.50000000,0.80000000,80000.00000000,9.81000000,102.00000000,51.00000000,7560.24000000,1072.09285714,9.05555556
1417.00000000,1372.00000000,0.00000000,0.79599024,54661.38227890,169763.46717969,8538.17205229,856.47619048,23418.83166383,54661.38227890,32529.06204365,14788.54779833,29577.09559666,14788.54779833,7.11111111,1.28571429,2.57142857,7115.52000000,1286.51142857,1.50000000,0.80000000,80000.00000000,9.81000000,102.00000000,51.00000000,7115.52000000,1286.51142857,8.61111111
1418.00000000,1807.00000000,1.00000000,0.79568364,54869.36115875,167504.65608060,8133.53322914,926.25714286,26479.55395119,54869.36115875,29804.96977899,14087.69279792,28175.38559584,14087.69279792,7.66666667,1.00000000,2.82857143,7671.42000000,1415.16257143,1.50000000,0.80000000,80000.00000000,9.81000000,102.00000000,51.00000000,7671.42000000,1415.16257143,9.16666667
1419.00000000,1651.00000000,1.00000000,0.79560366,55020.15159157,168539.99413607,8245.63168790,853.88571429,25617.14561850,55020.15159157,30775.28483021,14281.85302395,28563.70604789,14281.85302395,7.00000000,1.00000000,2.74285714,7004.34000000,1372.27885714,1.50000000,0.80000000,80000.00000000,9.81000000,102.00000000,51.00000000,7004.34000000,1372.27885714,8.50000000
1420.00000000,1388.00000000,0.00000000,0.79559737,54463.49895132,169450.15191102,8550.07288484,924.47619048,23336.38027734,54463.49895132,32413.63010256,14809.16064495,29618.32128990,14809.16064495,7.77777778,1.42857143,2.57142857,7782.60000000,1286.51142857,1.50000000,0.80000000,80000.00000000,9.81000000,102.00000000,51.00000000,7782.60000000,1286.51142857,9.27777778
1421.00000000,812.00000000,0.00000000,0.79558025,53873.54325303,172922.02340960,9246.25883551,838.99047619,18169.99281074,53873.54325303,36818.52701372,16014.99008303,32029.98016606,16014.99008303,7.11111111,1.85714286,2.22857143,7115.52000000,1114.97657143,1.50000000,0.80000000,80000.00000000,9.81000000,102.00000000,51.00000000,7115.52000000,1114.97657143,8.61111111
1422.00000000,1528.00000000,0.00000000,0.79532392,54638.58243889,168806.43135025,8400.42784474,928.84761905,24458.91895611,54638.58243889,31509.05862564,14549.96783240,29099.93566480,14549.96783240,7.77777778,1.28571429,2.65714286,7782.60000000,1329.39514286,1.50000000,0.80000000,80000.00000000,9.81000000,102.00000000,51.00000000,7782.60000000,1329.39514286,9.27777778
1423.00000000,1248.00000000,0.00000000,0.79526029,54351.32662931,170258.61026030,8705.33488738,920.10476190,22174.92614118,54351.32662931,33420.02820242,15078.08232185,30156.16464370,15078.08232185,7.77777778,1.57142857,2.48571429,7782.60000000,1243.62771429,1.50000000,0.80000000,80000.00000000,9.81000000,102.00000000,51.00000000,7782.60000000,1243.62771429,9.27777778
1424.00000000,1512.00000000,0.00000000,0.79465950,54991.27386249,169358.22277103,8378.25883189,860.84761905,24612.51038251,54991.27386249,31708.15862283,14511.56997580,29023.13995160,14511.56997580,7.11111111,1.14285714,2.65714286,7115.52000000,1329.39514286,1.50000000,0.80000000,80000.00000000,9.81000000,102.00000000,51.00000000,7115.52000000,1329.39514286,8.61111111
1425.00000000,1668.00000000,0.00000000,0.79457629,54860.03405046,168292.31231466,8256.10384907,933.21904762,25544.59235769,54860.03405046,30687.72054992,14299.99133915,28599.98267830,14299.99133915,7.77777778,1.14285714,2.74285714,7782.60000000,1372.27885714,1.50000000,0.80000000,80000.00000000,9.81000000,102.00000000,51.00000000,7782.60000000,1372.27885714,9.27777778
1426.00000000,264.00000000,0.00000000,0.79444643,52520.36887267,176656.53930709,10200.67649555,844.17142857,11214.52358110,52520.36887267,42249.28700585,17668.08996187,35336.17992374,17668.08996187,7.33333333,2.57142857,1.88571429,7337.88000000,943.44171429,1.50000000,0.80000000,80000.00000000,9.81000000,102.00000000,51.00000000,7337.88000000,943.44171429,8.83333333
1427.00000000,1108.00000000,0.00000000,0.79412648,54325.27859867,171280.43772284,8866.53212727,915.73333333,20972.35147450,54325.27859867,34553.67112417,15357.28413137,30714.56826275,15357.28413137,7.77777778,1.71428571,2.40000000,7782.60000000,1200.74400000,1.50000000,0.80000000,80000.00000000,9.81000000,102.00000000,51.00000000,7782.60000000,1200.74400000,9.27777778
1428.00000000,827.00000000,0.00000000,0.79410115,53919.52735426,172998.95834821,9244.08897077,895.65714286,18185.02607461,53919.52735426,36849.47785108,16011.23176706,32022.46353412,16011.23176706,7.66666667,2.00000000,2.22857143,7671.42000000,1114.97657143,1.50000000,0.80000000,80000.00000000,9.81000000,102.00000000,51.00000000,7671.42000000,1114.97657143,9.16666667
1429.00000000,1808.00000000,1.00000000,0.79345685,55115.80767906,167881.79393743,8116.82540751,937.59047619,26595.30913497,55115.80767906,29935.66111552,14058.75400197,28117.50800394,14058.75400197,7.77777778,1.00000000,2.82857143,7782.60000000,1415.16257143,1.50000000,0.80000000,80000.00000000,9.81000000,102.00000000,51.00000000,7782.60000000,1415.16257143,9.27777778
1430.00000000,560.00000000,0.00000000,0.79337992,53263.43287859,174674.37554303,9687.69223595,920.91428571,14940.11764271,53263.43287859,39352.52437873,16779.57516075,33559.15032150,16779.57516075,8.00000000,2.42857143,2.05714286,8004.96000000,1029.20914286,1.50000000,0.80000000,80000.00000000,9.81000000,102.00000000,51.00000000,8004.96000000,1029.20914286,9.50000000
1431.00000000,419.00000000,0.00000000,0.79323071,52960.38823181,175722.14937091,9932.59654654,905.20952381,13157.60337841,52960.38823181,40789.11028196,17203.76186968,34407.52373936,17203.76186968,7.88888889,2.57142857,1.97142857,7893.78000000,986.32542857,1.50000000,0.80000000,80000.00000000,9.81000000,102.00000000,51.00000000,7893.78000000,986.32542857,9.38888889
1432.00000000,1233.00000000,0.00000000,0.79302706,54870.17480404,171090.55647150,8675.63741296,863.43809524,22380.67627943,54870.17480404,33733.12623889,15026.64478728,30053.28957457,15026.64478728,7.22222222,1.42857143,2.48571429,7226.70000000,1243.62771429,1.50000000,0.80000000,80000.00000000,9.81000000,102.00000000,51.00000000,7226.70000000,1243.62771429,8.72222222
1433.00000000,1652.00000000,1.00000000,0.79301152,55344.50037291,169041.72115721,8224.41831747,865.21904762,25764.11616005,55344.50037291,30952.66307001,14245.11038856,28490.22077712,14245.11038856,7.11111111,1.00000000,2.74285714,7115.52000000,1372.27885714,1.50000000,0.80000000,80000.00000000,9.81000000,102.00000000,51.00000000,7115.52000000,1372.27885714,8.61111111
1434.00000000,672.00000000,0.00000000,0.79284899,53959.45970102,174411.31363460,9442.60715239,834.61904762,16723.88433888,53959.45970102,38307.66821929,16355.07534385,32710.15068770,16355.07534385,7.11111111,2.00000000,2.14285714,7115.52000000,1072.09285714,1.50000000,0.80000000,80000.00000000,9.81000000,102.00000000,51.00000000,7115.52000000,1072.09285714,8.61111111
1435.00000000,1093.00000000,0.00000000,0.79277620,54713.02673237,171910.52844010,8845.54464389,859.06666667,21117.75702464,54713.02673237,34796.01370773,15320.93274384,30641.86548768,15320.93274384,7.22222222,1.57142857,2.40000000,7226.70000000,1200.74400000,1.50000000,0.80000000,80000.00000000,9.81000000,102.00000000,51.00000000,7226.70000000,1200.74400000,8.72222222
1436.00000000,278.00000000,0.00000000,0.79263532,52651.46578318,176891.91785097,10196.80604368,889.50476190,11241.33885825,52651.46578318,42353.56863922,17661.38614258,35322.77228516,17661.38614258,7.77777778,2.71428571,1.88571429,7782.60000000,943.44171429,1.50000000,0.80000000,80000.00000000,9.81000000,102.00000000,51.00000000,7782.60000000,943.44171429,9.27777778
1437.00000000,1373.00000000,0.00000000,0.79263261,55091.08508370,170443.82995396,8512.32944499,867.80952381,23597.87449916,55091.08508370,32779.72201311,14743.78708950,29487.57417899,14743.78708950,7.22222222,1.28571429,2.57142857,7226.70000000,1286.51142857,1.50000000,0.80000000,80000.00000000,9.81000000,102.00000000,51.00000000,7226.70000000,1286.51142857,8.72222222
1438.00000000,1529.00000000,0.00000000,0.79252152,54964.83989868,169316.86640831,8379.92038316,940.18095238,24600.99881763,54964.83989868,31693.23622391,14514.44786702,29028.89573404,14514.44786702,7.88888889,1.28571429,2.65714286,7893.78000000,1329.39514286,1.50000000,0.80000000,80000.00000000,9.81000000,102.00000000,51.00000000,7893.78000000,1329.39514286,9.38888889
1439.00000000,1389.00000000,0.00000000,0.79241090,54845.34143057,170054.73583649,8527.10862877,935.80952381,23495.48131035,54845.34143057,32636.37154878,14769.38538670,29538.77077339,14769.38538670,7.88888889,1.42857143,2.57142857,7893.78000000,1286.51142857,1.50000000,0.80000000,80000.00000000,9.81000000,102.00000000,51.00000000,7893.78000000,1286.51142857,9.38888889
1440.00000000,405.00000000,0.00000000,0.79235621,53238.63814070,176212.11116700,9922.99261035,859.87619048,13224.14140010,53238.63814070,41000.82216916,17187.12736426,34374.25472852,17187.12736426,7.44444444,2.42857143,1.97142857,7449.06000000,986.32542857,1.50000000,0.80000000,80000.00000000,9.81000000,102.00000000,51.00000000,7449.06000000,986.32542857,8.94444444
1441.00000000,1669.00000000,0.00000000,0.79210481,55138.42344077,168722.94590280,8237.89635886,944.55238095,25670.73755017,55138.42344077,30839.96474774,14268.45504103,28536.91008206,14268.45504103,7.88888889,1.14285714,2.74285714,7893.78000000,1372.27885714,1.50000000,0.80000000,80000.00000000,9.81000000,102.00000000,51.00000000,7893.78000000,1372.27885714,9.38888889
1442.00000000,968.00000000,0.00000000,0.79193376,54418.78778841,172584.87503222,9034.00738826,911.36190476,19726.28140174,54418.78778841,35850.36667238,15647.35979242,31294.71958484,15647.35979242,7.77777778,1.85714286,2.31428571,7782.60000000,1157.86028571,1.50000000,0.80000000,80000.00000000,9.81000000,102.00000000,51.00000000,7782.60000000,1157.86028571,9.27777778
1443.00000000,1513.00000000,0.00000000,0.79174609,55357.36451503,169930.97750163,8355.24758797,872.18095238,24771.93695701,55357.36451503,31914.82270088,14471.71333218,28943.42666435,14471.71333218,7.22222222,1.14285714,2.65714286,7226.70000000,1329.39514286,1.50000000,0.80000000,80000.00000000,9.81000000,102.00000000,51.00000000,7226.70000000,1329.39514286,8.72222222
1444.00000000,391.00000000,1.00000000,0.79166577,53410.88760884,176515.42001308,9917.04733293,814.54285714,13265.33149031,53410.88760884,41131.88154710,17176.82984171,34353.65968342,17176.82984171,7.00000000,2.28571429,1.97142857,7004.34000000,986.32542857,1.50000000,0.80000000,80000.00000000,9.81000000,102.00000000,51.00000000,7004.34000000,986.32542857,8.50000000
1445.00000000,953.00000000,0.00000000,0.79166551,54646.26777956,172959.79575837,9022.45471674,854.69523810,19806.32065789,54646.26777956,35997.80740739,15627.34997839,31254.69995677,15627.34997839,7.22222222,1.71428571,2.31428571,7226.70000000,1157.86028571,1.50000000,0.80000000,80000.00000000,9.81000000,102.00000000,51.00000000,7226.70000000,1157.86028571,8.72222222
1446.00000000,1249.00000000,0.00000000,0.79162250,54798.42444884,170975.50848816,8679.74421036,931.43809524,22352.22355237,54798.42444884,33689.82861075,15033.75796905,30067.51593810,15033.75796905,7.88888889,1.57142857,2.48571429,7893.78000000,1243.62771429,1.50000000,0.80000000,80000.00000000,9.81000000,102.00000000,51.00000000,7893.78000000,1243.62771429,9.38888889
1447.00000000,137.00000000,0.00000000,0.79143821,52349.36464755,178225.23018717,10482.65191972,873.80000000,9175.17310792,52349.36464755,44074.74953962,18156.48572302,36312.97144604,18156.48572302,7.66666667,2.85714286,1.80000000,7671.42000000,900.55800000,1.50000000,0.80000000,80000.00000000,9.81000000,102.00000000,51.00000000,7671.42000000,900.55800000,9.16666667
1448.00000000,1809.00000000,1.00000000,0.79127344,55352.59063848,168244.14361775,8100.77272620,948.92380952,26706.52537348,55352.59063848,30061.22783642,14030.94994234,28061.89988469,14030.94994234,7.88888889,1.00000000,2.82857143,7893.78000000,1415.16257143,1.50000000,0.80000000,80000.00000000,9.81000000,102.00000000,51.00000000,7893.78000000,1415.16257143,9.38888889
1449.00000000,546.00000000,0.00000000,0.79081272,53805.93882386,175612.45874007,9666.48490576,875.58095238,15087.04633623,53805.93882386,39748.10163050,16742.84298737,33485.68597474,16742.84298737,7.55555556,2.28571429,2.05714286,7560.24000000,1029.20914286,1.50000000,0.80000000,80000.00000000,9.81000000,102.00000000,51.00000000,7560.24000000,1029.20914286,9.05555556
1450.00000000,1653.00000000,1.00000000,0.79048024,55655.98497697,169523.54890410,8204.04630231,876.55238095,25905.25762126,55655.98497697,31123.00621285,14209.82502326,28419.65004651,14209.82502326,7.22222222,1.00000000,2.74285714,7226.70000000,1372.27885714,1.50000000,0.80000000,80000.00000000,9.81000000,102.00000000,51.00000000,7226.70000000,1372.27885714,8.72222222
1451.00000000,1109.00000000,0.00000000,0.78995022,54849.98939180,172133.09276167,8838.13132249,927.06666667,21169.11802192,54849.98939180,34881.61536987,15308.09249452,30616.18498904,15308.09249452,7.88888889,1.71428571,2.40000000,7893.78000000,1200.74400000,1.50000000,0.80000000,80000.00000000,9.81000000,102.00000000,51.00000000,7893.78000000,1200.74400000,9.38888889
1452.00000000,1530.00000000,0.00000000,0.78978213,55278.81770632,169808.08975251,8360.18477979,951.51428571,24737.73108870,55278.81770632,31870.48176048,14480.26479925,28960.52959851,14480.26479925,8.00000000,1.28571429,2.65714286,8004.96000000,1329.39514286,1.50000000,0.80000000,80000.00000000,9.81000000,102.00000000,51.00000000,8004.96000000,1329.39514286,9.50000000
1453.00000000,1670.00000000,0.00000000,0.78968500,55406.14808128,169137.08245608,8220.38637486,955.88571429,25792.05027790,55406.14808128,30986.37666052,14238.12685910,28476.25371819,14238.12685910,8.00000000,1.14285714,2.74285714,8004.96000000,1372.27885714,1.50000000,0.80000000,80000.00000000,9.81000000,102.00000000,51.00000000,8004.96000000,1372.27885714,9.50000000
1454.00000000,687.00000000,0.00000000,0.78950995,54277.02192897,174951.16942211,9428.85630456,891.28571429,16819.15300726,54277.02192897,38529.96177885,16331.25817676,32662.51635351,16331.25817676,7.66666667,2.14285714,2.14285714,7671.42000000,1072.09285714,1.50000000,0.80000000,80000.00000000,9.81000000,102.00000000,51.00000000,7671.42000000,1072.09285714,9.16666667
1455.00000000,813.00000000,0.00000000,0.78938343,54709.65906682,174320.90948268,9206.80480314,850.32380952,18443.33836525,54709.65906682,37381.29727300,15946.65369440,31893.30738880,15946.65369440,7.22222222,1.85714286,2.22857143,7226.70000000,1114.97657143,1.50000000,0.80000000,80000.00000000,9.81000000,102.00000000,51.00000000,7226.70000000,1114.97657143,8.72222222
1456.00000000,1374.00000000,0.00000000,0.78936082,55504.20815502,171097.94148355,8487.48395370,879.14285714,23770.00911221,55504.20815502,33020.71047138,14700.75343623,29401.50687247,14700.75343623,7.33333333,1.28571429,2.57142857,7337.88000000,1286.51142857,1.50000000,0.80000000,80000.00000000,9.81000000,102.00000000,51.00000000,7337.88000000,1286.51142857,8.83333333
1457.00000000,1390.00000000,0.00000000,0.78930048,55212.99783565,170636.85847788,8504.99753248,947.14285714,23648.67147914,55212.99783565,32850.83778508,14731.08784450,29462.17568900,14731.08784450,8.00000000,1.42857143,2.57142857,8004.96000000,1286.51142857,1.50000000,0.80000000,80000.00000000,9.81000000,102.00000000,51.00000000,8004.96000000,1286.51142857,9.50000000
1458.00000000,1234.00000000,0.00000000,0.78924961,55355.44078983,171868.65537975,8647.86209273,874.77142857,22573.10934277,55355.44078983,34025.95916135,14978.53652145,29957.07304290,14978.53652145,7.33333333,1.42857143,2.48571429,7337.88000000,1243.62771429,1.50000000,0.80000000,80000.00000000,9.81000000,102.00000000,51.00000000,7337.88000000,1243.62771429,8.83333333
1459.00000000,1810.00000000,1.00000000,0.78913181,55580.08900018,168592.28505006,8085.34949343,960.25714286,26813.38066459,55580.08900018,30181.87090702,14004.23611957,28008.47223914,14004.23611957,8.00000000,1.00000000,2.82857143,8004.96000000,1415.16257143,1.50000000,0.80000000,80000.00000000,9.81000000,102.00000000,51.00000000,8004.96000000,1415.16257143,9.50000000
1460.00000000,1514.00000000,0.00000000,0.78890403,55709.18811972,170481.41120573,8333.13312334,883.51428571,24925.15046227,55709.18811972,32113.43280030,14433.40995586,28866.81991172,14433.40995586,7.33333333,1.14285714,2.65714286,7337.88000000,1329.39514286,1.50000000,0.80000000,80000.00000000,9.81000000,102.00000000,51.00000000,7337.88000000,1329.39514286,8.83333333
1461.00000000,1094.00000000,0.00000000,0.78839514,55284.30592699,172838.85713137,8814.62325044,870.40000000,21331.98672262,55284.30592699,35153.06320437,15267.37531934,30534.75063869,15267.37531934,7.33333333,1.57142857,2.40000000,7337.88000000,1200.74400000,1.50000000,0.80000000,80000.00000000,9.81000000,102.00000000,51.00000000,7337.88000000,1200.74400000,8.83333333
1462.00000000,828.00000000,0.00000000,0.78829884,54681.56748677,174273.91010837,9208.13036844,906.99047619,18434.15457947,54681.56748677,37362.38947874,15948.94964085,31897.89928169,15948.94964085,7.77777778,2.00000000,2.22857143,7782.60000000,1114.97657143,1.50000000,0.80000000,80000.00000000,9.81000000,102.00000000,51.00000000,7782.60000000,1114.97657143,9.27777778
1463.00000000,532.00000000,0.00000000,0.78809379,54286.20678084,176442.92208234,9647.71054719,830.24761905,15217.11890791,54286.20678084,40098.29701579,16710.32484445,33420.64968890,16710.32484445,7.11111111,2.14285714,2.05714286,7115.52000000,1029.20914286,1.50000000,0.80000000,80000.00000000,9.81000000,102.00000000,51.00000000,7115.52000000,1029.20914286,8.61111111
1464.00000000,1250.00000000,0.00000000,0.78807584,55229.06193169,171666.01341756,8655.09567876,942.77142857,22522.99358867,55229.06193169,33949.69605730,14991.06545997,29982.13091995,14991.06545997,8.00000000,1.57142857,2.48571429,8004.96000000,1243.62771429,1.50000000,0.80000000,80000.00000000,9.81000000,102.00000000,51.00000000,8004.96000000,1243.62771429,9.50000000
1465.00000000,1654.00000000,1.00000000,0.78800770,55955.15281554,169986.32415439,8184.47984008,887.88571429,26040.81804811,55955.15281554,31286.61362457,14175.93491654,28351.86983309,14175.93491654,7.33333333,1.00000000,2.74285714,7337.88000000,1372.27885714,1.50000000,0.80000000,80000.00000000,9.81000000,102.00000000,51.00000000,7337.88000000,1372.27885714,8.83333333
1466.00000000,969.00000000,0.00000000,0.78710304,55037.27508098,173604.23371812,9002.59723876,922.69523810,19943.89730098,55037.27508098,36251.23806571,15592.95581761,31185.91163523,15592.95581761,7.88888889,1.85714286,2.31428571,7893.78000000,1157.86028571,1.50000000,0.80000000,80000.00000000,9.81000000,102.00000000,51.00000000,7893.78000000,1157.86028571,9.38888889
1467.00000000,954.00000000,0.00000000,0.78655111,55321.71782325,174073.03749705,8988.15168884,866.02857143,20043.97900659,55321.71782325,36435.59910237,15567.93539121,31135.87078242,15567.93539121,7.33333333,1.71428571,2.31428571,7337.88000000,1157.86028571,1.50000000,0.80000000,80000.00000000,9.81000000,102.00000000,51.00000000,7337.88000000,1157.86028571,8.83333333
1468.00000000,1375.00000000,0.00000000,0.78617237,55901.47309785,171726.94430970,8463.59218061,890.47619048,23935.53617172,55901.47309785,33252.44835470,14659.37167135,29318.74334271,14659.37167135,7.44444444,1.28571429,2.57142857,7449.06000000,1286.51142857,1.50000000,0.80000000,80000.00000000,9.81000000,102.00000000,51.00000000,7449.06000000,1286.51142857,8.94444444
1469.00000000,1515.00000000,0.00000000,0.78613103,56047.35425539,171010.47757928,8311.87712191,894.84761905,25072.41636006,56047.35425539,32304.33303818,14396.59348141,28793.18696283,14396.59348141,7.44444444,1.14285714,2.65714286,7449.06000000,1329.39514286,1.50000000,0.80000000,80000.00000000,9.81000000,102.00000000,51.00000000,7449.06000000,1329.39514286,8.94444444
1470.00000000,1110.00000000,0.00000000,0.78588279,55355.49261896,172954.53550581,8810.77015771,938.40000000,21358.68173211,55355.49261896,35197.55488685,15260.70156697,30521.40313394,15260.70156697,8.00000000,1.71428571,2.40000000,8004.96000000,1200.74400000,1.50000000,0.80000000,80000.00000000,9.81000000,102.00000000,51.00000000,8004.96000000,1200.74400000,9.50000000
1471.00000000,1655.00000000,1.00000000,0.78559179,56242.52067598,170430.84631352,8165.68513135,899.21904762,26171.03160988,56242.52067598,31443.76792325,14143.38152610,28286.76305220,14143.38152610,7.44444444,1.00000000,2.74285714,7449.06000000,1372.27885714,1.50000000,0.80000000,80000.00000000,9.81000000,102.00000000,51.00000000,7449.06000000,1372.27885714,8.94444444
1472.00000000,1235.00000000,0.00000000,0.78557206,55822.21407764,172617.10220330,8621.14524481,886.10476190,22758.20909483,55822.21407764,34307.63269710,14932.26158344,29864.52316687,14932.26158344,7.44444444,1.42857143,2.48571429,7449.06000000,1243.62771429,1.50000000,0.80000000,80000.00000000,9.81000000,102.00000000,51.00000000,7449.06000000,1243.62771429,8.94444444
1473.00000000,673.00000000,0.00000000,0.78545615,54964.92479058,176120.60428684,9399.06923688,845.95238095,17025.52386574,54964.92479058,39011.49378198,16279.66546214,32559.33092427,16279.66546214,7.22222222,2.00000000,2.14285714,7226.70000000,1072.09285714,1.50000000,0.80000000,80000.00000000,9.81000000,102.00000000,51.00000000,7226.70000000,1072.09285714,8.72222222
1474.00000000,1095.00000000,0.00000000,0.78413338,55833.89885956,173731.94564679,8784.87566036,881.73333333,21538.08407234,55833.89885956,35496.55878723,15215.85098192,30431.70196383,15215.85098192,7.44444444,1.57142857,2.40000000,7449.06000000,1200.74400000,1.50000000,0.80000000,80000.00000000,9.81000000,102.00000000,51.00000000,7449.06000000,1200.74400000,8.94444444
1475.00000000,1516.00000000,0.00000000,0.78342476,56372.43826175,171519.07675053,8291.44341972,906.18095238,25213.98520155,56372.43826175,32487.84820306,14361.20127104,28722.40254208,14361.20127104,7.55555556,1.14285714,2.65714286,7560.24000000,1329.39514286,1.50000000,0.80000000,80000.00000000,9.81000000,102.00000000,51.00000000,7560.24000000,1329.39514286,9.05555556
1476.00000000,814.00000000,0.00000000,0.78335821,55513.72441100,175666.17265467,9168.86314530,861.65714286,18706.20588162,55513.72441100,37922.49510081,15880.93681531,31761.87363062,15880.93681531,7.33333333,1.85714286,2.22857143,7337.88000000,1114.97657143,1.50000000,0.80000000,80000.00000000,9.81000000,102.00000000,51.00000000,7337.88000000,1114.97657143,8.83333333
1477.00000000,1656.00000000,1.00000000,0.78323047,56518.57683326,170857.87068181,8147.63024148,910.55238095,26296.11955614,56518.57683326,31594.73613426,14112.10953954,28224.21907907,14112.10953954,7.55555556,1.00000000,2.74285714,7560.24000000,1372.27885714,1.50000000,0.80000000,80000.00000000,9.81000000,102.00000000,51.00000000,7560.24000000,1372.27885714,9.05555556
1478.00000000,1376.00000000,0.00000000,0.78306472,56283.56024048,172331.91561885,8440.61321033,901.80952381,24094.73914782,56283.56024048,33475.33252123,14619.57092733,29239.14185466,14619.57092733,7.55555556,1.28571429,2.57142857,7560.24000000,1286.51142857,1.50000000,0.80000000,80000.00000000,9.81000000,102.00000000,51.00000000,7560.24000000,1286.51142857,9.05555556
1479.00000000,420.00000000,0.00000000,0.78299807,54359.69014749,178186.13752679,9884.29893396,916.54285714,13492.21905390,54359.69014749,41853.79652216,17120.10795081,34240.21590162,17120.10795081,8.00000000,2.57142857,1.97142857,8004.96000000,986.32542857,1.50000000,0.80000000,80000.00000000,9.81000000,102.00000000,51.00000000,8004.96000000,986.32542857,9.50000000
1480.00000000,829.00000000,0.00000000,0.78265428,55415.57513409,175501.96136446,9173.49454287,918.32380952,18674.11861801,55415.57513409,37856.43308751,15888.95863121,31777.91726242,15888.95863121,7.88888889,2.00000000,2.22857143,7893.78000000,1114.97657143,1.50000000,0.80000000,80000.00000000,9.81000000,102.00000000,51.00000000,7893.78000000,1114.97657143,9.38888889
1481.00000000,688.00000000,0.00000000,0.78263492,55190.52700090,176504.12804439,9389.30037462,902.61904762,17093.20452884,55190.52700090,39169.41532920,16262.74529636,32525.49059272,16262.74529636,7.77777778,2.14285714,2.14285714,7782.60000000,1072.09285714,1.50000000,0.80000000,80000.00000000,9.81000000,102.00000000,51.00000000,7782.60000000,1072.09285714,9.27777778
1482.00000000,970.00000000,0.00000000,0.78240218,55633.18559486,174586.38252803,8972.33366091,934.02857143,20153.56951883,55633.18559486,36637.47636175,15540.53776315,31081.07552630,15540.53776315,8.00000000,1.85714286,2.31428571,8004.96000000,1157.86028571,1.50000000,0.80000000,80000.00000000,9.81000000,102.00000000,51.00000000,8004.96000000,1157.86028571,9.50000000
1483.00000000,547.00000000,0.00000000,0.78228739,54959.95569815,177607.94625186,9621.37274227,886.91428571,15399.59257301,54959.95569815,40589.57226799,16664.70642818,33329.41285635,16664.70642818,7.66666667,2.28571429,2.05714286,7671.42000000,1029.20914286,1.50000000,0.80000000,80000.00000000,9.81000000,102.00000000,51.00000000,7671.42000000,1029.20914286,9.16666667
1484.00000000,1236.00000000,0.00000000,0.78199168,56271.30288110,173337.19287093,8595.44060922,897.43809524,22936.29603413,56271.30288110,34578.63456126,14887.73984861,29775.47969722,14887.73984861,7.55555556,1.42857143,2.48571429,7560.24000000,1243.62771429,1.50000000,0.80000000,80000.00000000,9.81000000,102.00000000,51.00000000,7560.24000000,1243.62771429,9.05555556
1485.00000000,251.00000000,1.00000000,0.78186633,54342.03906599,179927.26533602,10146.89424562,810.17142857,11587.13793882,54342.03906599,43698.34284146,17574.93637244,35149.87274487,17574.93637244,7.00000000,2.42857143,1.88571429,7004.34000000,943.44171429,1.50000000,0.80000000,80000.00000000,9.81000000,102.00000000,51.00000000,7004.34000000,943.44171429,8.50000000
1486.00000000,955.00000000,0.00000000,0.78157894,55971.55162665,175144.05987672,8955.14959298,877.36190476,20272.62423371,55971.55162665,36856.78767865,15510.77408443,31021.54816886,15510.77408443,7.44444444,1.71428571,2.31428571,7449.06000000,1157.86028571,1.50000000,0.80000000,80000.00000000,9.81000000,102.00000000,51.00000000,7449.06000000,1157.86028571,8.94444444
1487.00000000,406.00000000,0.00000000,0.78153189,54728.13683317,178834.92408200,9871.58181045,871.20952381,13580.32587004,54728.13683317,42134.13639169,17098.08124678,34196.16249355,17098.08124678,7.55555556,2.42857143,1.97142857,7560.24000000,986.32542857,1.50000000,0.80000000,80000.00000000,9.81000000,102.00000000,51.00000000,7560.24000000,986.32542857,9.05555556
1488.00000000,1657.00000000,1.00000000,0.78092173,56783.78298955,171268.11145481,8130.28497380,921.88571429,26416.29109571,56783.78298955,31739.77075098,14082.06665464,28164.13330929,14082.06665464,7.66666667,1.00000000,2.74285714,7671.42000000,1372.27885714,1.50000000,0.80000000,80000.00000000,9.81000000,102.00000000,51.00000000,7671.42000000,1372.27885714,9.16666667
1489.00000000,1517.00000000,0.00000000,0.78078297,56684.98361007,172008.05898903,8271.79785599,917.51428571,25350.09365969,56684.98361007,32664.28509324,14327.17415651,28654.34831301,14327.17415651,7.66666667,1.14285714,2.65714286,7671.42000000,1329.39514286,1.50000000,0.80000000,80000.00000000,9.81000000,102.00000000,51.00000000,7671.42000000,1329.39514286,9.16666667
1490.00000000,265.00000000,0.00000000,0.78024453,54504.56648524,180219.07592966,10142.09585219,855.50476190,11620.38218367,54504.56648524,43827.62601585,17566.62531123,35133.25062245,17566.62531123,7.44444444,2.57142857,1.88571429,7449.06000000,943.44171429,1.50000000,0.80000000,80000.00000000,9.81000000,102.00000000,51.00000000,7449.06000000,943.44171429,8.94444444
1491.00000000,392.00000000,0.00000000,0.78021445,55001.04601562,179315.48155545,9862.16221214,825.87619048,13645.58676150,55001.04601562,42341.78468269,17081.76602391,34163.53204782,17081.76602391,7.11111111,2.28571429,1.97142857,7115.52000000,986.32542857,1.50000000,0.80000000,80000.00000000,9.81000000,102.00000000,51.00000000,7115.52000000,986.32542857,8.61111111
1492.00000000,1377.00000000,0.00000000,0.78003532,56651.11154424,172913.87184981,8418.50843490,913.14285714,24247.88552438,56651.11154424,33689.73744842,14581.28433319,29162.56866638,14581.28433319,7.66666667,1.28571429,2.57142857,7671.42000000,1286.51142857,1.50000000,0.80000000,80000.00000000,9.81000000,102.00000000,51.00000000,7671.42000000,1286.51142857,9.16666667
1493.00000000,1096.00000000,0.00000000,0.77998802,56362.77140813,174591.36353821,8756.24959396,893.06666667,21736.41127805,56362.77140813,35827.10413008,15166.26918049,30332.53836098,15166.26918049,7.55555556,1.57142857,2.40000000,7560.24000000,1200.74400000,1.50000000,0.80000000,80000.00000000,9.81000000,102.00000000,51.00000000,7560.24000000,1200.74400000,9.05555556
1494.00000000,279.00000000,0.00000000,0.77925502,54507.63309925,180224.58189573,10142.00531472,900.83809524,11621.00944563,54507.63309925,43830.06536791,17566.46849574,35132.93699147,17566.46849574,7.88888889,2.71428571,1.88571429,7893.78000000,943.44171429,1.50000000,0.80000000,80000.00000000,9.81000000,102.00000000,51.00000000,7893.78000000,943.44171429,9.38888889
1495.00000000,533.00000000,0.00000000,0.77912032,55512.74174065,178563.80545035,9599.76354844,841.58095238,15549.30545952,55512.74174065,40992.64542399,16627.27820655,33254.55641310,16627.27820655,7.22222222,2.14285714,2.05714286,7226.70000000,1029.20914286,1.50000000,0.80000000,80000.00000000,9.81000000,102.00000000,51.00000000,7226.70000000,1029.20914286,8.72222222
1496.00000000,1361.00000000,1.00000000,0.77910588,56979.71440777,173434.15971706,8398.74604409,845.14285714,24384.80338419,56979.71440777,33881.42245215,14547.05486824,29094.10973648,14547.05486824,7.00000000,1.14285714,2.57142857,7004.34000000,1286.51142857,1.50000000,0.80000000,80000.00000000,9.81000000,102.00000000,51.00000000,7004.34000000,1286.51142857,8.50000000
1497.00000000,1501.00000000,1.00000000,0.77887256,57156.41188545,172745.61612954,8242.16543854,849.51428571,25555.39306993,57156.41188545,32930.41395838,14275.84930395,28551.69860789,14275.84930395,7.00000000,1.00000000,2.65714286,7004.34000000,1329.39514286,1.50000000,0.80000000,80000.00000000,9.81000000,102.00000000,51.00000000,7004.34000000,1329.39514286,8.50000000
1498.00000000,1221.00000000,1.00000000,0.77874628,56862.51175212,174285.16571584,8561.60140310,840.77142857,23170.74093126,56862.51175212,34935.39853515,14829.12862433,29658.25724866,14829.12862433,7.00000000,1.28571429,2.48571429,7004.34000000,1243.62771429,1.50000000,0.80000000,80000.00000000,9.81000000,102.00000000,51.00000000,7004.34000000,1243.62771429,8.50000000
1499.00000000,1658.00000000,1.00000000,0.77866362,57038.57605763,171662.24448200,8113.62075292,933.21904762,26531.74420468,57038.57605763,31879.11071009,14053.20337740,28106.40675480,14053.20337740,7.77777778,1.00000000,2.74285714,7782.60000000,1372.27885714,1.50000000,0.80000000,80000.00000000,9.81000000,102.00000000,51.00000000,7782.60000000,1372.27885714,9.27777778
1500.00000000,1237.00000000,0.00000000,0.77850565,56703.46899340,174030.14887858,8570.70458297,908.77142857,23107.67225108,56703.46899340,34839.42445661,14844.89579437,29689.79158875,14844.89579437,7.66666667,1.42857143,2.48571429,7671.42000000,1243.62771429,1.50000000,0.80000000,80000.00000000,9.81000000,102.00000000,51.00000000,7671.42000000,1243.62771429,9.16666667
1501.00000000,674.00000000,0.00000000,0.77826788,55931.66581218,177764.06402356,9357.20812270,857.28571429,17315.54617222,55931.66581218,39688.21249710,16207.15988552,32414.31977103,16207.15988552,7.33333333,2.00000000,2.14285714,7337.88000000,1072.09285714,1.50000000,0.80000000,80000.00000000,9.81000000,102.00000000,51.00000000,7337.88000000,1072.09285714,8.83333333
1502.00000000,1518.00000000,0.00000000,0.77820342,56985.50407950,172478.22811055,8252.90813624,928.84761905,25480.96547702,56985.50407950,32833.93374534,14294.45620217,28588.91240435,14294.45620217,7.77777778,1.14285714,2.65714286,7782.60000000,1329.39514286,1.50000000,0.80000000,80000.00000000,9.81000000,102.00000000,51.00000000,7782.60000000,1329.39514286,9.27777778
1503.00000000,124.00000000,0.00000000,0.77820167,54311.79788171,181823.02444981,10435.44311322,839.80000000,9502.24531362,54311.79788171,45710.11056809,18074.71767160,36149.43534319,18074.71767160,7.33333333,2.71428571,1.80000000,7337.88000000,900.55800000,1.50000000,0.80000000,80000.00000000,9.81000000,102.00000000,51.00000000,7337.88000000,900.55800000,8.83333333
1504.00000000,1081.00000000,1.00000000,0.77760984,56827.19732795,175346.05565791,8731.11180366,836.40000000,21910.57099798,56827.19732795,36117.37032997,15122.72925051,30245.45850101,15122.72925051,7.00000000,1.42857143,2.40000000,7004.34000000,1200.74400000,1.50000000,0.80000000,80000.00000000,9.81000000,102.00000000,51.00000000,7004.34000000,1200.74400000,8.50000000
1505.00000000,815.00000000,0.00000000,0.77750292,56287.24669848,176960.33494333,9132.36273129,872.99047619,18959.08816791,56287.24669848,38443.13510200,15817.71624374,31635.43248747,15817.71624374,7.44444444,1.85714286,2.22857143,7449.06000000,1114.97657143,1.50000000,0.80000000,80000.00000000,9.81000000,102.00000000,51.00000000,7449.06000000,1114.97657143,8.94444444
1506.00000000,830.00000000,0.00000000,0.77716516,56122.79618446,176685.19658334,9140.12270400,929.65714286,18905.32549986,56122.79618446,38332.44725602,15831.15691075,31662.31382150,15831.15691075,8.00000000,2.00000000,2.22857143,8004.96000000,1114.97657143,1.50000000,0.80000000,80000.00000000,9.81000000,102.00000000,51.00000000,8004.96000000,1114.97657143,9.50000000
1507.00000000,1378.00000000,0.00000000,0.77708165,57004.73327053,173473.77291644,8397.24139335,924.47619048,24395.22791034,57004.73327053,33896.01678876,14544.44873670,29088.89747340,14544.44873670,7.77777778,1.28571429,2.57142857,7782.60000000,1286.51142857,1.50000000,0.80000000,80000.00000000,9.81000000,102.00000000,51.00000000,7782.60000000,1286.51142857,9.27777778
1508.00000000,956.00000000,0.00000000,0.77674616,56596.93230553,176174.77988451,8923.38935982,888.69523810,20492.66558369,56596.93230553,37262.12700755,15455.76374693,30911.52749387,15455.76374693,7.55555556,1.71428571,2.31428571,7560.24000000,1157.86028571,1.50000000,0.80000000,80000.00000000,9.81000000,102.00000000,51.00000000,7560.24000000,1157.86028571,9.05555556
1509.00000000,1659.00000000,1.00000000,0.77645424,57283.36980260,172040.90980625,8097.61051736,944.55238095,26642.66637037,57283.36980260,32012.98228937,14025.47283598,28050.94567196,14025.47283598,7.88888889,1.00000000,2.74285714,7893.78000000,1372.27885714,1.50000000,0.80000000,80000.00000000,9.81000000,102.00000000,51.00000000,7893.78000000,1372.27885714,9.38888889
1510.00000000,1502.00000000,1.00000000,0.77619567,57493.09475508,173272.36190945,8221.00267029,860.84761905,25702.01302929,57493.09475508,33120.47686865,14239.19431411,28478.38862821,14239.19431411,7.11111111,1.00000000,2.65714286,7115.52000000,1329.39514286,1.50000000,0.80000000,80000.00000000,9.81000000,102.00000000,51.00000000,7115.52000000,1329.39514286,8.61111111
1511.00000000,1362.00000000,0.00000000,0.77599621,57377.06884591,174063.30424412,8374.84888870,856.47619048,24550.36773341,57377.06884591,34113.21254107,14505.66378093,29011.32756186,14505.66378093,7.11111111,1.14285714,2.57142857,7115.52000000,1286.51142857,1.50000000,0.80000000,80000.00000000,9.81000000,102.00000000,51.00000000,7115.52000000,1286.51142857,8.61111111
1512.00000000,1097.00000000,0.00000000,0.77595603,56871.83293124,175418.58851327,8728.69583076,904.40000000,21927.30934922,56871.83293124,36145.26758203,15118.54466270,30237.08932539,15118.54466270,7.66666667,1.57142857,2.40000000,7671.42000000,1200.74400000,1.50000000,0.80000000,80000.00000000,9.81000000,102.00000000,51.00000000,7671.42000000,1200.74400000,9.16666667
1513.00000000,689.00000000,0.00000000,0.77594916,56070.33377927,177999.79956762,9351.20362359,913.95238095,17357.14656235,56070.33377927,39785.28007406,16196.75978798,32393.51957597,16196.75978798,7.88888889,2.14285714,2.14285714,7893.78000000,1072.09285714,1.50000000,0.80000000,80000.00000000,9.81000000,102.00000000,51.00000000,7893.78000000,1072.09285714,9.38888889
1514.00000000,1519.00000000,0.00000000,0.77568394,57274.48575754,172930.34460684,8234.74370665,940.18095238,25606.81233681,57274.48575754,32997.06856359,14262.99448723,28525.98897445,14262.99448723,7.88888889,1.14285714,2.65714286,7893.78000000,1329.39514286,1.50000000,0.80000000,80000.00000000,9.81000000,102.00000000,51.00000000,7893.78000000,1329.39514286,9.38888889
1515.00000000,941.00000000,1.00000000,0.77543754,56906.08512366,176684.30952921,8907.68889782,832.02857143,20601.44157526,56906.08512366,37462.50383412,15428.56974904,30857.13949809,15428.56974904,7.00000000,1.57142857,2.31428571,7004.34000000,1157.86028571,1.50000000,0.80000000,80000.00000000,9.81000000,102.00000000,51.00000000,7004.34000000,1157.86028571,8.50000000
1516.00000000,1222.00000000,0.00000000,0.77512591,57331.32076864,175036.87672509,8534.76803555,852.10476190,23356.64795505,57331.32076864,35218.30052788,14782.65186838,29565.30373676,14782.65186838,7.11111111,1.28571429,2.48571429,7115.52000000,1243.62771429,1.50000000,0.80000000,80000.00000000,9.81000000,102.00000000,51.00000000,7115.52000000,1243.62771429,8.61111111
1517.00000000,1238.00000000,0.00000000,0.77511113,57119.43107280,174697.12255762,8546.89603200,920.10476190,23272.62273084,57119.43107280,35090.43605625,14803.65817443,29607.31634887,14803.65817443,7.77777778,1.42857143,2.48571429,7782.60000000,1243.62771429,1.50000000,0.80000000,80000.00000000,9.81000000,102.00000000,51.00000000,7782.60000000,1243.62771429,9.27777778
1518.00000000,1660.00000000,1.00000000,0.77429176,57518.55635478,172404.71400416,8082.22862066,955.88571429,26749.23527683,57518.55635478,32141.59993509,13998.83060936,27997.66121873,13998.83060936,8.00000000,1.00000000,2.74285714,8004.96000000,1372.27885714,1.50000000,0.80000000,80000.00000000,9.81000000,102.00000000,51.00000000,8004.96000000,1372.27885714,9.50000000
1519.00000000,1379.00000000,0.00000000,0.77420121,57344.99842843,174012.52608311,8376.77762455,935.80952381,24537.00505947,57344.99842843,34094.50479754,14509.00444942,29018.00889884,14509.00444942,7.88888889,1.28571429,2.57142857,7893.78000000,1286.51142857,1.50000000,0.80000000,80000.00000000,9.81000000,102.00000000,51.00000000,7893.78000000,1286.51142857,9.38888889
1520.00000000,548.00000000,0.00000000,0.77399070,56070.77209201,179528.73293292,9577.94934711,898.24761905,15700.43867968,56070.77209201,41399.54255519,16589.49490151,33178.98980302,16589.49490151,7.77777778,2.28571429,2.05714286,7782.60000000,1029.20914286,1.50000000,0.80000000,80000.00000000,9.81000000,102.00000000,51.00000000,7782.60000000,1029.20914286,9.27777778
1521.00000000,1503.00000000,1.00000000,0.77358740,57816.41549577,173778.20242310,8200.67980114,872.18095238,25842.81399700,57816.41549577,33302.99664162,14203.99407218,28407.98814435,14203.99407218,7.22222222,1.00000000,2.65714286,7226.70000000,1329.39514286,1.50000000,0.80000000,80000.00000000,9.81000000,102.00000000,51.00000000,7226.70000000,1329.39514286,8.72222222
1522.00000000,1082.00000000,0.00000000,0.77337827,57381.25646026,176246.40174792,8701.12247342,847.73333333,22118.34317260,57381.25646026,36463.65728766,15070.78620685,30141.57241370,15070.78620685,7.11111111,1.42857143,2.40000000,7115.52000000,1200.74400000,1.50000000,0.80000000,80000.00000000,9.81000000,102.00000000,51.00000000,7115.52000000,1200.74400000,8.61111111
1523.00000000,1520.00000000,0.00000000,0.77322238,57552.38888088,173365.12852561,8217.27563825,951.51428571,25727.83466471,57552.38888088,33153.94935902,14232.73890525,28465.47781050,14232.73890525,8.00000000,1.14285714,2.65714286,8004.96000000,1329.39514286,1.50000000,0.80000000,80000.00000000,9.81000000,102.00000000,51.00000000,8004.96000000,1329.39514286,9.50000000
1524.00000000,138.00000000,0.00000000,0.77299844,54934.66793918,182964.95288850,10420.45918842,885.13333333,9606.05698986,54934.66793918,46229.16894932,18048.76475253,36097.52950507,18048.76475253,7.77777778,2.85714286,1.80000000,7782.60000000,900.55800000,1.50000000,0.80000000,80000.00000000,9.81000000,102.00000000,51.00000000,7782.60000000,900.55800000,9.27777778
1525.00000000,1363.00000000,0.00000000,0.77296997,57758.86142827,174667.80916619,8351.88763347,867.80952381,24709.44797607,57758.86142827,34335.92488078,14465.89372027,28931.78744054,14465.89372027,7.22222222,1.14285714,2.57142857,7226.70000000,1286.51142857,1.50000000,0.80000000,80000.00000000,9.81000000,102.00000000,51.00000000,7226.70000000,1286.51142857,8.72222222
1526.00000000,957.00000000,0.00000000,0.77204958,57198.95360987,177167.00018240,8892.81544279,900.02857143,20704.48789448,57198.95360987,37652.32600110,15402.80816924,30805.61633848,15402.80816924,7.66666667,1.71428571,2.31428571,7671.42000000,1157.86028571,1.50000000,0.80000000,80000.00000000,9.81000000,102.00000000,51.00000000,7671.42000000,1157.86028571,9.16666667
1527.00000000,1098.00000000,0.00000000,0.77203428,57361.94034246,176215.01305651,8702.16798897,915.73333333,22111.09962842,57361.94034246,36451.58471404,15072.59709289,30145.19418579,15072.59709289,7.77777778,1.57142857,2.40000000,7782.60000000,1200.74400000,1.50000000,0.80000000,80000.00000000,9.81000000,102.00000000,51.00000000,7782.60000000,1200.74400000,9.27777778
1528.00000000,801.00000000,1.00000000,0.77185101,57147.30319724,178399.27562395,9091.77900307,827.65714286,19240.26048481,57147.30319724,39022.01928386,15747.42316451,31494.84632902,15747.42316451,7.00000000,1.71428571,2.22857143,7004.34000000,1114.97657143,1.50000000,0.80000000,80000.00000000,9.81000000,102.00000000,51.00000000,7004.34000000,1114.97657143,8.50000000
1529.00000000,816.00000000,0.00000000,0.77181503,57031.64027146,178205.76265197,9097.23682213,884.32380952,19202.44760523,57031.64027146,38944.16923766,15756.87638441,31513.75276881,15756.87638441,7.55555556,1.85714286,2.22857143,7560.24000000,1114.97657143,1.50000000,0.80000000,80000.00000000,9.81000000,102.00000000,51.00000000,7560.24000000,1114.97657143,9.05555556
1530.00000000,1239.00000000,0.00000000,0.77180530,57519.86765308,175339.20190186,8523.97611885,931.43809524,23431.41654716,57519.86765308,35332.07882021,14763.95972035,29527.91944071,14763.95972035,7.88888889,1.42857143,2.48571429,7893.78000000,1243.62771429,1.50000000,0.80000000,80000.00000000,9.81000000,102.00000000,51.00000000,7893.78000000,1243.62771429,9.38888889
1531.00000000,1223.00000000,0.00000000,0.77160637,57781.93150357,175759.40773110,8508.97628869,863.43809524,23535.33841891,57781.93150357,35490.22079896,14737.97925242,29475.95850483,14737.97925242,7.22222222,1.28571429,2.48571429,7226.70000000,1243.62771429,1.50000000,0.80000000,80000.00000000,9.81000000,102.00000000,51.00000000,7226.70000000,1243.62771429,8.72222222
1532.00000000,1380.00000000,0.00000000,0.77139155,57672.44902360,174530.98952547,8357.08453191,947.14285714,24673.44280745,57672.44902360,34285.51764472,14474.89501242,28949.79002484,14474.89501242,8.00000000,1.28571429,2.57142857,8004.96000000,1286.51142857,1.50000000,0.80000000,80000.00000000,9.81000000,102.00000000,51.00000000,8004.96000000,1286.51142857,9.50000000
1533.00000000,675.00000000,0.00000000,0.77128397,56861.54152109,179344.85272871,9316.94332339,868.61904762,17594.50888490,56861.54152109,40339.12549333,16137.41920735,32274.83841469,16137.41920735,7.44444444,2.00000000,2.14285714,7449.06000000,1072.09285714,1.50000000,0.80000000,80000.00000000,9.81000000,102.00000000,51.00000000,7449.06000000,1072.09285714,8.94444444
1534.00000000,1504.00000000,1.00000000,0.77104525,58126.94270874,174264.02725631,8181.16109070,883.51428571,25978.04358975,58126.94270874,33478.29426185,14170.18667399,28340.37334798,14170.18667399,7.33333333,1.00000000,2.65714286,7337.88000000,1329.39514286,1.50000000,0.80000000,80000.00000000,9.81000000,102.00000000,51.00000000,7337.88000000,1329.39514286,8.83333333
1535.00000000,407.00000000,0.00000000,0.77097896,56160.84512867,181357.73651539,9822.13115979,882.54285714,13922.93002766,56160.84512867,43224.24052958,17012.43020737,34024.86041474,17012.43020737,7.66666667,2.42857143,1.97142857,7671.42000000,986.32542857,1.50000000,0.80000000,80000.00000000,9.81000000,102.00000000,51.00000000,7671.42000000,986.32542857,9.16666667
1536.00000000,942.00000000,0.00000000,0.77046170,57563.45697681,177767.75573163,8874.30397879,843.36190476,20832.73907914,57563.45697681,37888.57818338,15370.74537307,30741.49074614,15370.74537307,7.11111111,1.57142857,2.31428571,7115.52000000,1157.86028571,1.50000000,0.80000000,80000.00000000,9.81000000,102.00000000,51.00000000,7115.52000000,1157.86028571,8.61111111
1537.00000000,534.00000000,0.00000000,0.77039339,56691.72020029,180602.45570348,9553.67560103,852.91428571,15868.61212567,56691.72020029,41852.31721747,16547.45154001,33094.90308002,16547.45154001,7.33333333,2.14285714,2.05714286,7337.88000000,1029.20914286,1.50000000,0.80000000,80000.00000000,9.81000000,102.00000000,51.00000000,7337.88000000,1029.20914286,8.83333333
1538.00000000,1364.00000000,0.00000000,0.77002435,58125.76666254,175248.74245378,8329.82171307,879.14285714,24862.32515701,58125.76666254,34549.95293410,14427.67442503,28855.34885007,14427.67442503,7.33333333,1.14285714,2.57142857,7337.88000000,1286.51142857,1.50000000,0.80000000,80000.00000000,9.81000000,102.00000000,51.00000000,7337.88000000,1286.51142857,8.83333333
1539.00000000,690.00000000,0.00000000,0.76945100,56917.96904762,179440.77952381,9314.49993982,925.28571429,17611.43714286,56917.96904762,40378.62476190,16133.18714286,32266.37428571,16133.18714286,8.00000000,2.14285714,2.14285714,8004.96000000,1072.09285714,1.50000000,0.80000000,80000.00000000,9.81000000,102.00000000,51.00000000,8004.96000000,1072.09285714,9.50000000
1540.00000000,1083.00000000,0.00000000,0.76926816,57913.91801291,177111.97677098,8672.29132116,859.06666667,22318.09125484,57913.91801291,36796.57075807,15020.84918629,30041.69837258,15020.84918629,7.22222222,1.42857143,2.40000000,7226.70000000,1200.74400000,1.50000000,0.80000000,80000.00000000,9.81000000,102.00000000,51.00000000,7226.70000000,1200.74400000,8.72222222
1541.00000000,393.00000000,0.00000000,0.76905222,56528.27776515,182004.73746224,9809.44903671,837.20952381,14010.79435378,56528.27776515,43503.80883994,16990.46412584,33980.92825168,16990.46412584,7.22222222,2.28571429,1.97142857,7226.70000000,986.32542857,1.50000000,0.80000000,80000.00000000,9.81000000,102.00000000,51.00000000,7226.70000000,986.32542857,8.72222222
1542.00000000,1240.00000000,0.00000000,0.76858533,57905.41990530,175957.41499594,8501.90814462,942.77142857,23584.30795752,57905.41990530,35564.73966207,14725.73686776,29451.47373552,14725.73686776,8.00000000,1.42857143,2.48571429,8004.96000000,1243.62771429,1.50000000,0.80000000,80000.00000000,9.81000000,102.00000000,51.00000000,8004.96000000,1243.62771429,9.50000000
1543.00000000,1505.00000000,1.00000000,0.76856679,58425.21318538,174730.67622782,8162.41279804,894.84761905,26107.93557151,58425.21318538,33646.67275672,14137.71367855,28275.42735710,14137.71367855,7.44444444,1.00000000,2.65714286,7449.06000000,1329.39514286,1.50000000,0.80000000,80000.00000000,9.81000000,102.00000000,51.00000000,7449.06000000,1329.39514286,8.94444444
1544.00000000,1099.00000000,0.00000000,0.76821956,57833.90183743,176981.95048582,8676.62232370,927.06666667,22288.08518904,57833.90183743,36746.56064839,15028.35070274,30056.70140548,15028.35070274,7.88888889,1.57142857,2.40000000,7893.78000000,1200.74400000,1.50000000,0.80000000,80000.00000000,9.81000000,102.00000000,51.00000000,7893.78000000,1200.74400000,9.38888889
1545.00000000,1224.00000000,0.00000000,0.76818448,58215.14766651,176454.04744063,8484.18016037,874.77142857,23707.13103524,58215.14766651,35751.64434555,14695.03109833,29390.06219667,14695.03109833,7.33333333,1.28571429,2.48571429,7337.88000000,1243.62771429,1.50000000,0.80000000,80000.00000000,9.81000000,102.00000000,51.00000000,7337.88000000,1243.62771429,8.83333333
1546.00000000,958.00000000,0.00000000,0.76748578,57778.64501892,178122.41750473,8863.37555931,911.36190476,20908.45339026,57778.64501892,38028.05191438,15351.81679529,30703.63359059,15351.81679529,7.77777778,1.71428571,2.31428571,7782.60000000,1157.86028571,1.50000000,0.80000000,80000.00000000,9.81000000,102.00000000,51.00000000,7782.60000000,1157.86028571,9.27777778
1547.00000000,1365.00000000,0.00000000,0.76715655,58478.42063072,175807.11123674,8308.61287313,890.47619048,25009.26431042,58478.42063072,34755.66774887,14390.93963668,28781.87927336,14390.93963668,7.44444444,1.14285714,2.57142857,7449.06000000,1286.51142857,1.50000000,0.80000000,80000.00000000,9.81000000,102.00000000,51.00000000,7449.06000000,1286.51142857,8.94444444
1548.00000000,252.00000000,0.00000000,0.76711494,56383.93413684,183593.39512231,10086.61016596,821.50476190,12004.79829422,56383.93413684,45322.57755690,17470.52128359,34941.04256717,17470.52128359,7.11111111,2.42857143,1.88571429,7115.52000000,943.44171429,1.50000000,0.80000000,80000.00000000,9.81000000,102.00000000,51.00000000,7115.52000000,943.44171429,8.61111111
1549.00000000,266.00000000,0.00000000,0.76635034,56411.44808008,183642.79515676,10085.79785549,866.83809524,12010.42614625,56411.44808008,45344.46364811,17469.11432058,34938.22864116,17469.11432058,7.55555556,2.57142857,1.88571429,7560.24000000,943.44171429,1.50000000,0.80000000,80000.00000000,9.81000000,102.00000000,51.00000000,7560.24000000,943.44171429,9.05555556
1550.00000000,817.00000000,0.00000000,0.76629133,57748.23347523,179404.67820443,9063.42273681,895.65714286,19436.71846031,57748.23347523,39426.49158635,15698.30867064,31396.61734128,15698.30867064,7.66666667,1.85714286,2.22857143,7671.42000000,1114.97657143,1.50000000,0.80000000,80000.00000000,9.81000000,102.00000000,51.00000000,7671.42000000,1114.97657143,9.16666667
1551.00000000,661.00000000,1.00000000,0.76627215,57625.41041987,180643.42985663,9283.86682981,823.28571429,17823.66955453,57625.41041987,40873.83372248,16080.12903994,32160.25807988,16080.12903994,7.00000000,1.85714286,2.14285714,7004.34000000,1072.09285714,1.50000000,0.80000000,80000.00000000,9.81000000,102.00000000,51.00000000,7004.34000000,1072.09285714,8.50000000
1552.00000000,280.00000000,0.00000000,0.76616906,56294.11347008,183432.12619790,10089.26199480,912.17142857,11986.42588511,56294.11347008,45251.12929925,17475.11438586,34950.22877173,17475.11438586,8.00000000,2.71428571,1.88571429,8004.96000000,943.44171429,1.50000000,0.80000000,80000.00000000,9.81000000,102.00000000,51.00000000,8004.96000000,943.44171429,9.50000000
1553.00000000,1506.00000000,1.00000000,0.76614964,58711.73410098,175178.94282158,8144.40304381,906.18095238,26232.71080895,58711.73410098,33808.41843488,14106.51986919,28213.03973838,14106.51986919,7.55555556,1.00000000,2.65714286,7560.24000000,1329.39514286,1.50000000,0.80000000,80000.00000000,9.81000000,102.00000000,51.00000000,7560.24000000,1329.39514286,9.05555556
1554.00000000,802.00000000,0.00000000,0.76594917,57932.30740864,179712.64805457,9054.73678828,838.99047619,19496.89647700,57932.30740864,39550.38750307,15683.26416646,31366.52833293,15683.26416646,7.11111111,1.71428571,2.22857143,7115.52000000,1114.97657143,1.50000000,0.80000000,80000.00000000,9.81000000,102.00000000,51.00000000,7115.52000000,1114.97657143,8.61111111
1555.00000000,549.00000000,0.00000000,0.76592444,57140.41529057,181378.32429709,9536.13547079,909.58095238,15990.13371263,57140.41529057,42179.49072081,16517.07114327,33034.14228654,16517.07114327,7.88888889,2.28571429,2.05714286,7893.78000000,1029.20914286,1.50000000,0.80000000,80000.00000000,9.81000000,102.00000000,51.00000000,7893.78000000,1029.20914286,9.38888889
1556.00000000,943.00000000,0.00000000,0.76563215,58195.49008904,178809.43993511,8842.20589887,854.69523810,21055.12110011,58195.49008904,38298.22927464,15315.14986783,30630.29973566,15315.14986783,7.22222222,1.57142857,2.31428571,7226.70000000,1157.86028571,1.50000000,0.80000000,80000.00000000,9.81000000,102.00000000,51.00000000,7226.70000000,1157.86028571,8.72222222
1557.00000000,1084.00000000,0.00000000,0.76527599,58426.14522101,177944.34598414,8644.56621024,870.40000000,22510.17645788,58426.14522101,37116.71276313,14972.82788553,29945.65577106,14972.82788553,7.33333333,1.42857143,2.40000000,7337.88000000,1200.74400000,1.50000000,0.80000000,80000.00000000,9.81000000,102.00000000,51.00000000,7337.88000000,1200.74400000,8.83333333
1558.00000000,1225.00000000,0.00000000,0.76485709,58631.72632690,177122.00977540,8460.33631796,886.10476190,23872.32602126,58631.72632690,36003.02801993,14653.73235183,29307.46470366,14653.73235183,7.44444444,1.28571429,2.48571429,7449.06000000,1243.62771429,1.50000000,0.80000000,80000.00000000,9.81000000,102.00000000,51.00000000,7449.06000000,1243.62771429,8.94444444
1559.00000000,1100.00000000,0.00000000,0.76450866,58288.48030751,177720.64049970,8652.01754226,938.40000000,22458.55211532,58288.48030751,37030.67219219,14985.73397117,29971.46794234,14985.73397117,8.00000000,1.57142857,2.40000000,8004.96000000,1200.74400000,1.50000000,0.80000000,80000.00000000,9.81000000,102.00000000,51.00000000,8004.96000000,1200.74400000,9.50000000
1560.00000000,676.00000000,0.00000000,0.76450264,57756.29358562,180865.93123842,9278.19942249,879.95238095,17862.93450426,57756.29358562,40965.45193851,16070.31280251,32140.62560501,16070.31280251,7.55555556,2.00000000,2.14285714,7560.24000000,1072.09285714,1.50000000,0.80000000,80000.00000000,9.81000000,102.00000000,51.00000000,7560.24000000,1072.09285714,9.05555556
1561.00000000,1366.00000000,0.00000000,0.76436385,58817.42368706,176343.86607594,8288.22500794,901.80952381,25150.51558389,58817.42368706,34953.41953174,14355.62681831,28711.25363662,14355.62681831,7.55555556,1.14285714,2.57142857,7560.24000000,1286.51142857,1.50000000,0.80000000,80000.00000000,9.81000000,102.00000000,51.00000000,7560.24000000,1286.51142857,9.05555556
1562.00000000,111.00000000,1.00000000,0.76431098,56287.81172530,185445.71649639,10387.90760803,805.80000000,9831.58095422,56287.81172530,47356.78877108,17992.38376145,35984.76752289,17992.38376145,7.00000000,2.57142857,1.80000000,7004.34000000,900.55800000,1.50000000,0.80000000,80000.00000000,9.81000000,102.00000000,51.00000000,7004.34000000,900.55800000,8.50000000
1563.00000000,1507.00000000,1.00000000,0.76379150,58986.98502945,175609.57733871,8127.10168358,917.51428571,26352.57814877,58986.98502945,33963.80202354,14076.55303424,28153.10606847,14076.55303424,7.66666667,1.00000000,2.65714286,7671.42000000,1329.39514286,1.50000000,0.80000000,80000.00000000,9.81000000,102.00000000,51.00000000,7671.42000000,1329.39514286,9.16666667
1564.00000000,959.00000000,0.00000000,0.76305117,58336.97639371,179042.63032614,8835.02045459,922.69523810,21104.90331842,58336.97639371,38389.93336100,15302.70431325,30605.40862650,15302.70431325,7.88888889,1.71428571,2.31428571,7893.78000000,1157.86028571,1.50000000,0.80000000,80000.00000000,9.81000000,102.00000000,51.00000000,7893.78000000,1157.86028571,9.38888889
1565.00000000,535.00000000,0.00000000,0.76191554,57825.47281671,182562.90293604,9509.35559625,864.24761905,16175.67012595,57825.47281671,42679.01183361,16470.68703994,32941.37407988,16470.68703994,7.44444444,2.14285714,2.05714286,7449.06000000,1029.20914286,1.50000000,0.80000000,80000.00000000,9.81000000,102.00000000,51.00000000,7449.06000000,1029.20914286,8.94444444
1566.00000000,1367.00000000,0.00000000,0.76164359,59143.34293175,176859.90488003,8268.62401172,913.14285714,25286.31526918,59143.34293175,35143.53909114,14321.67689699,28643.35379398,14321.67689699,7.66666667,1.14285714,2.57142857,7671.42000000,1286.51142857,1.50000000,0.80000000,80000.00000000,9.81000000,102.00000000,51.00000000,7671.42000000,1286.51142857,9.16666667
1567.00000000,1226.00000000,0.00000000,0.76162107,59032.38124890,177764.43921930,8437.40390752,897.43809524,24031.20642136,59032.38124890,36244.80254183,14614.01225180,29228.02450360,14614.01225180,7.55555556,1.28571429,2.48571429,7560.24000000,1243.62771429,1.50000000,0.80000000,80000.00000000,9.81000000,102.00000000,51.00000000,7560.24000000,1243.62771429,9.05555556
1568.00000000,1508.00000000,1.00000000,0.76149016,59251.41979579,176023.28979572,8110.48019142,928.84761905,26467.73522444,59251.41979579,34113.07971421,14047.76376532,28095.52753064,14047.76376532,7.77777778,1.00000000,2.65714286,7782.60000000,1329.39514286,1.50000000,0.80000000,80000.00000000,9.81000000,102.00000000,51.00000000,7782.60000000,1329.39514286,9.27777778
1569.00000000,1085.00000000,0.00000000,0.76139820,58918.84435959,178744.98208434,8617.89808709,881.73333333,22694.93863485,58918.84435959,37424.64972474,14926.63734129,29853.27468258,14926.63734129,7.44444444,1.42857143,2.40000000,7449.06000000,1200.74400000,1.50000000,0.80000000,80000.00000000,9.81000000,102.00000000,51.00000000,7449.06000000,1200.74400000,8.94444444
1570.00000000,944.00000000,0.00000000,0.76094508,58803.34755009,179811.27908387,8811.33559004,866.02857143,21268.99687344,58803.34755009,38692.21096236,15261.68092450,30523.36184899,15261.68092450,7.33333333,1.57142857,2.31428571,7337.88000000,1157.86028571,1.50000000,0.80000000,80000.00000000,9.81000000,102.00000000,51.00000000,7337.88000000,1157.86028571,8.83333333
1571.00000000,818.00000000,0.00000000,0.76092819,58438.27509642,180559.17091681,9030.86154851,906.99047619,19662.30899031,58438.27509642,39890.94267754,15641.91103814,31283.82207627,15641.91103814,7.77777778,1.85714286,2.22857143,7782.60000000,1114.97657143,1.50000000,0.80000000,80000.00000000,9.81000000,102.00000000,51.00000000,7782.60000000,1114.97657143,9.27777778
1572.00000000,408.00000000,0.00000000,0.76070855,57539.52687039,183785.41523451,9774.54526294,893.87619048,14252.61479199,57539.52687039,44273.23750698,16930.00901629,33860.01803258,16930.00901629,7.77777778,2.42857143,1.97142857,7782.60000000,986.32542857,1.50000000,0.80000000,80000.00000000,9.81000000,102.00000000,51.00000000,7782.60000000,986.32542857,9.27777778
1573.00000000,803.00000000,0.00000000,0.76022416,58687.02709239,180975.35214084,9019.12361802,850.32380952,19743.63175823,58687.02709239,40058.37190559,15621.58034616,31243.16069232,15621.58034616,7.22222222,1.71428571,2.22857143,7226.70000000,1114.97657143,1.50000000,0.80000000,80000.00000000,9.81000000,102.00000000,51.00000000,7226.70000000,1114.97657143,8.72222222
1574.00000000,1351.00000000,1.00000000,0.75931759,59639.74729796,177645.87845986,8238.76992897,845.14285714,25493.15042177,59639.74729796,35433.10830476,14269.96810884,28539.93621769,14269.96810884,7.00000000,1.00000000,2.57142857,7004.34000000,1286.51142857,1.50000000,0.80000000,80000.00000000,9.81000000,102.00000000,51.00000000,7004.34000000,1286.51142857,8.50000000
1575.00000000,1509.00000000,1.00000000,0.75924346,59505.46818127,176420.75259236,8094.51155271,940.18095238,26578.36919876,59505.46818127,34256.49412537,14020.10527174,28040.21054348,14020.10527174,7.88888889,1.00000000,2.65714286,7893.78000000,1329.39514286,1.50000000,0.80000000,80000.00000000,9.81000000,102.00000000,51.00000000,7893.78000000,1329.39514286,9.38888889
1576.00000000,662.00000000,0.00000000,0.75918674,58571.93688378,182252.52484528,9242.88103166,834.61904762,18107.62749370,58571.93688378,41536.40224722,16009.13955515,32018.27911029,16009.13955515,7.11111111,1.85714286,2.14285714,7115.52000000,1072.09285714,1.50000000,0.80000000,80000.00000000,9.81000000,102.00000000,51.00000000,7115.52000000,1072.09285714,8.61111111
1577.00000000,1368.00000000,0.00000000,0.75899317,59456.71448195,177356.07650118,8249.77764205,924.47619048,25416.88674843,59456.71448195,35326.33916209,14289.03402718,28578.06805436,14289.03402718,7.77777778,1.14285714,2.57142857,7782.60000000,1286.51142857,1.50000000,0.80000000,80000.00000000,9.81000000,102.00000000,51.00000000,7782.60000000,1286.51142857,9.27777778
1578.00000000,125.00000000,0.00000000,0.75892890,56976.83438828,186708.92471185,10371.33229887,851.13333333,9946.41806471,56976.83438828,47930.97432357,17963.67448382,35927.34896764,17963.67448382,7.44444444,2.71428571,1.80000000,7449.06000000,900.55800000,1.50000000,0.80000000,80000.00000000,9.81000000,102.00000000,51.00000000,7449.06000000,900.55800000,8.94444444
1579.00000000,960.00000000,0.00000000,0.75874211,58874.86223111,179929.14587297,8807.70368548,934.02857143,21294.15944640,58874.86223111,38738.56307043,15255.39028126,30510.78056252,15255.39028126,8.00000000,1.71428571,2.31428571,8004.96000000,1157.86028571,1.50000000,0.80000000,80000.00000000,9.81000000,102.00000000,51.00000000,8004.96000000,1157.86028571,9.50000000
1580.00000000,1227.00000000,0.00000000,0.75847333,59417.78594411,178382.41571334,8415.34437905,908.77142857,24184.03931774,59417.78594411,36477.37434066,14575.80402771,29151.60805542,14575.80402771,7.66666667,1.28571429,2.48571429,7671.42000000,1243.62771429,1.50000000,0.80000000,80000.00000000,9.81000000,102.00000000,51.00000000,7671.42000000,1243.62771429,9.16666667
1581.00000000,394.00000000,0.00000000,0.75819371,57995.78639635,184588.82874762,9758.79723489,848.54285714,14361.72033081,57995.78639635,44620.39149412,16902.73263158,33805.46526317,16902.73263158,7.33333333,2.28571429,1.97142857,7337.88000000,986.32542857,1.50000000,0.80000000,80000.00000000,9.81000000,102.00000000,51.00000000,7337.88000000,986.32542857,8.83333333
1582.00000000,550.00000000,0.00000000,0.75808807,58170.78768569,183160.00989699,9495.85674613,920.91428571,16269.19290297,58170.78768569,42930.80392558,16447.30634569,32894.61269137,16447.30634569,8.00000000,2.28571429,2.05714286,8004.96000000,1029.20914286,1.50000000,0.80000000,80000.00000000,9.81000000,102.00000000,51.00000000,8004.96000000,1029.20914286,9.50000000
1583.00000000,677.00000000,0.00000000,0.75792093,58617.55566366,182330.07677108,9240.90568054,891.28571429,18121.31312767,58617.55566366,41568.33539313,16005.71814665,32011.43629331,16005.71814665,7.66666667,2.00000000,2.14285714,7671.42000000,1072.09285714,1.50000000,0.80000000,80000.00000000,9.81000000,102.00000000,51.00000000,7671.42000000,1072.09285714,9.16666667
1584.00000000,521.00000000,1.00000000,0.75776653,58461.82455491,183663.26115001,9484.47970033,818.91428571,16348.01538838,58461.82455491,43143.01830938,16427.60072433,32855.20144867,16427.60072433,7.00000000,2.00000000,2.05714286,7004.34000000,1029.20914286,1.50000000,0.80000000,80000.00000000,9.81000000,102.00000000,51.00000000,7004.34000000,1029.20914286,8.50000000
1585.00000000,1086.00000000,0.00000000,0.75763121,59392.86889268,179515.27195061,8592.24075661,893.06666667,22872.69783476,59392.86889268,37720.91505793,14882.19754131,29764.39508262,14882.19754131,7.55555556,1.42857143,2.40000000,7560.24000000,1200.74400000,1.50000000,0.80000000,80000.00000000,9.81000000,102.00000000,51.00000000,7560.24000000,1200.74400000,9.05555556
1586.00000000,1211.00000000,1.00000000,0.75716320,59766.99283346,178942.35089798,8395.35671566,840.77142857,24322.51791179,59766.99283346,36688.10263595,14541.18437920,29082.36875839,14541.18437920,7.00000000,1.14285714,2.48571429,7004.34000000,1243.62771429,1.50000000,0.80000000,80000.00000000,9.81000000,102.00000000,51.00000000,7004.34000000,1243.62771429,8.50000000
1587.00000000,1510.00000000,1.00000000,0.75704932,59749.53749494,176802.60297020,8079.17016534,951.51428571,26684.65744826,59749.53749494,34394.27518954,13993.53320936,27987.06641873,13993.53320936,8.00000000,1.00000000,2.65714286,8004.96000000,1329.39514286,1.50000000,0.80000000,80000.00000000,9.81000000,102.00000000,51.00000000,8004.96000000,1329.39514286,9.50000000
1588.00000000,1352.00000000,1.00000000,0.75653716,59990.81097453,178201.72928110,8217.65673020,856.47619048,25639.42695367,59990.81097453,35637.89544943,14233.39897587,28466.79795174,14233.39897587,7.11111111,1.00000000,2.57142857,7115.52000000,1286.51142857,1.50000000,0.80000000,80000.00000000,9.81000000,102.00000000,51.00000000,7115.52000000,1286.51142857,8.61111111
1589.00000000,1369.00000000,0.00000000,0.75641008,59758.04555919,177833.18404015,8231.65539428,935.80952381,25542.44136395,59758.04555919,35502.11562381,14257.64537330,28515.29074660,14257.64537330,7.88888889,1.14285714,2.57142857,7893.78000000,1286.51142857,1.50000000,0.80000000,80000.00000000,9.81000000,102.00000000,51.00000000,7893.78000000,1286.51142857,9.38888889
1590.00000000,945.00000000,0.00000000,0.75639650,59388.12233880,180775.07456898,8781.63754490,877.36190476,21474.75096577,59388.12233880,39071.23165875,15210.24240141,30420.48480283,15210.24240141,7.44444444,1.57142857,2.31428571,7449.06000000,1157.86028571,1.50000000,0.80000000,80000.00000000,9.81000000,102.00000000,51.00000000,7449.06000000,1157.86028571,8.94444444
1591.00000000,819.00000000,0.00000000,0.75572165,59102.94023143,181671.20681577,8999.49780760,918.32380952,19879.60336137,59102.94023143,40338.31344148,15587.58744537,31175.17489074,15587.58744537,7.88888889,1.85714286,2.22857143,7893.78000000,1114.97657143,1.50000000,0.80000000,80000.00000000,9.81000000,102.00000000,51.00000000,7893.78000000,1114.97657143,9.38888889
1592.00000000,1228.00000000,0.00000000,0.75541086,59788.57646965,178976.95914222,8394.12132636,920.10476190,24331.07693993,59788.57646965,36701.12724400,14539.04462216,29078.08924432,14539.04462216,7.77777778,1.28571429,2.48571429,7782.60000000,1243.62771429,1.50000000,0.80000000,80000.00000000,9.81000000,102.00000000,51.00000000,7782.60000000,1243.62771429,9.27777778
1593.00000000,139.00000000,0.00000000,0.75488101,57420.66672029,187522.61732053,10360.65535235,896.46666667,10020.39012005,57420.66672029,48300.83460024,17945.18146999,35890.36293998,17945.18146999,7.88888889,2.85714286,1.80000000,7893.78000000,900.55800000,1.50000000,0.80000000,80000.00000000,9.81000000,102.00000000,51.00000000,7893.78000000,900.55800000,9.38888889
1594.00000000,804.00000000,0.00000000,0.75467195,59412.88025312,182189.76031361,8984.87258051,861.65714286,19980.92990693,59412.88025312,40546.92691762,15562.25580898,31124.51161796,15562.25580898,7.33333333,1.71428571,2.22857143,7337.88000000,1114.97657143,1.50000000,0.80000000,80000.00000000,9.81000000,102.00000000,51.00000000,7337.88000000,1114.97657143,8.83333333
1595.00000000,1087.00000000,0.00000000,0.75397147,59849.02326482,180256.52280533,8567.55067696,904.40000000,23043.75572431,59849.02326482,38006.01154051,14839.43306892,29678.86613785,14839.43306892,7.66666667,1.42857143,2.40000000,7671.42000000,1200.74400000,1.50000000,0.80000000,80000.00000000,9.81000000,102.00000000,51.00000000,7671.42000000,1200.74400000,9.16666667
1596.00000000,1212.00000000,0.00000000,0.75390506,60183.62193772,179610.39411689,8371.50998598,852.10476190,24487.73290141,60183.62193772,36939.51675060,14499.88063179,28999.76126358,14499.88063179,7.11111111,1.14285714,2.48571429,7115.52000000,1243.62771429,1.50000000,0.80000000,80000.00000000,9.81000000,102.00000000,51.00000000,7115.52000000,1243.62771429,8.61111111
1597.00000000,1071.00000000,1.00000000,0.75389403,60021.43716964,180536.69540066,8558.21850062,836.40000000,23108.41093861,60021.43716964,38113.77023102,14823.26926535,29646.53853069,14823.26926535,7.00000000,1.28571429,2.40000000,7004.34000000,1200.74400000,1.50000000,0.80000000,80000.00000000,9.81000000,102.00000000,51.00000000,7004.34000000,1200.74400000,8.50000000
1598.00000000,1370.00000000,0.00000000,0.75389188,60047.81641026,178291.98788767,8214.22838607,947.14285714,25663.17921856,60047.81641026,35671.14862027,14227.46090965,28454.92181929,14227.46090965,8.00000000,1.14285714,2.57142857,8004.96000000,1286.51142857,1.50000000,0.80000000,80000.00000000,9.81000000,102.00000000,51.00000000,8004.96000000,1286.51142857,9.50000000
1599.00000000,1353.00000000,1.00000000,0.75383383,60327.93278990,178735.50548877,8197.38200407,867.80952381,25779.89437674,60327.93278990,35834.54984173,14198.28212010,28396.56424020,14198.28212010,7.22222222,1.00000000,2.57142857,7226.70000000,1286.51142857,1.50000000,0.80000000,80000.00000000,9.81000000,102.00000000,51.00000000,7226.70000000,1286.51142857,8.72222222
1600.00000000,536.00000000,0.00000000,0.75368646,58916.18039980,184448.91813180,9466.71828314,875.58095238,16471.07009638,58916.18039980,43474.31944629,16396.83704733,32793.67409467,16396.83704733,7.55555556,2.14285714,2.05714286,7560.24000000,1029.20914286,1.50000000,0.80000000,80000.00000000,9.81000000,102.00000000,51.00000000,7560.24000000,1029.20914286,9.05555556
1601.00000000,267.00000000,0.00000000,0.75280014,58244.92132595,186934.71303004,10031.66713703,878.17142857,12385.45476472,58244.92132595,46802.90827551,17375.35716596,34750.71433192,17375.35716596,7.66666667,2.57142857,1.88571429,7671.42000000,943.44171429,1.50000000,0.80000000,80000.00000000,9.81000000,102.00000000,51.00000000,7671.42000000,943.44171429,9.16666667
1602.00000000,253.00000000,0.00000000,0.75272485,58344.13599795,187112.84846385,10028.73796341,832.83809524,12405.74867491,58344.13599795,46881.82903733,17370.28368842,34740.56737683,17370.28368842,7.22222222,2.42857143,1.88571429,7226.70000000,943.44171429,1.50000000,0.80000000,80000.00000000,9.81000000,102.00000000,51.00000000,7226.70000000,943.44171429,8.72222222
1603.00000000,1229.00000000,0.00000000,0.75243072,60145.35399606,179549.03345182,8373.70034007,931.43809524,24472.55768317,60145.35399606,36916.42402718,14503.67443635,29007.34887270,14503.67443635,7.88888889,1.28571429,2.48571429,7893.78000000,1243.62771429,1.50000000,0.80000000,80000.00000000,9.81000000,102.00000000,51.00000000,7893.78000000,1243.62771429,9.38888889
1604.00000000,663.00000000,0.00000000,0.75231684,59481.82619048,183799.33666667,9203.48166895,845.95238095,18380.59428571,59481.82619048,42173.32476190,15940.89785714,31881.79571429,15940.89785714,7.22222222,1.85714286,2.14285714,7226.70000000,1072.09285714,1.50000000,0.80000000,80000.00000000,9.81000000,102.00000000,51.00000000,7226.70000000,1072.09285714,8.72222222
1605.00000000,946.00000000,0.00000000,0.75198234,59950.84252756,181702.52080600,8753.05955232,888.69523810,21672.74510626,59950.84252756,39435.95770701,15160.74386629,30321.48773259,15160.74386629,7.55555556,1.57142857,2.31428571,7560.24000000,1157.86028571,1.50000000,0.80000000,80000.00000000,9.81000000,102.00000000,51.00000000,7560.24000000,1157.86028571,9.05555556
1606.00000000,678.00000000,0.00000000,0.75153508,59446.86164771,183739.89694397,9204.99567806,902.61904762,18370.10492289,59446.86164771,42148.84958197,15943.52019785,31887.04039570,15943.52019785,7.77777778,2.00000000,2.14285714,7782.60000000,1072.09285714,1.50000000,0.80000000,80000.00000000,9.81000000,102.00000000,51.00000000,7782.60000000,1072.09285714,9.27777778
1607.00000000,1354.00000000,1.00000000,0.75120473,60651.70601476,179248.14642814,8177.91007089,879.14285714,25914.79988710,60651.70601476,36023.41755623,14164.55574251,28329.11148502,14164.55574251,7.33333333,1.00000000,2.57142857,7337.88000000,1286.51142857,1.50000000,0.80000000,80000.00000000,9.81000000,102.00000000,51.00000000,7337.88000000,1286.51142857,8.83333333
1608.00000000,1213.00000000,0.00000000,0.75074109,60583.92564690,180252.26040919,8348.59767802,863.43809524,24646.47402746,60583.92564690,37181.07933372,14460.19535028,28920.39070055,14460.19535028,7.22222222,1.14285714,2.48571429,7226.70000000,1243.62771429,1.50000000,0.80000000,80000.00000000,9.81000000,102.00000000,51.00000000,7226.70000000,1243.62771429,8.72222222
1609.00000000,409.00000000,0.00000000,0.75072605,58866.76941895,186122.51624393,9728.73481582,905.20952381,14569.99887969,58866.76941895,45283.09596784,16850.66299436,33701.32598873,16850.66299436,7.88888889,2.42857143,1.97142857,7893.78000000,986.32542857,1.50000000,0.80000000,80000.00000000,9.81000000,102.00000000,51.00000000,7893.78000000,986.32542857,9.38888889
1610.00000000,820.00000000,0.00000000,0.75066754,59743.33564288,182742.63760031,8969.27928898,929.65714286,20088.96339973,59743.33564288,40769.34881458,15535.24743578,31070.49487156,15535.24743578,8.00000000,1.85714286,2.22857143,8004.96000000,1114.97657143,1.50000000,0.80000000,80000.00000000,9.81000000,102.00000000,51.00000000,8004.96000000,1114.97657143,9.50000000
1611.00000000,1088.00000000,0.00000000,0.75041546,60288.06637061,180969.96785224,8543.78677178,915.73333333,23208.39688898,60288.06637061,38280.41348163,14798.27277776,29596.54555551,14798.27277776,7.77777778,1.42857143,2.40000000,7782.60000000,1200.74400000,1.50000000,0.80000000,80000.00000000,9.81000000,102.00000000,51.00000000,7782.60000000,1200.74400000,9.27777778
1612.00000000,1072.00000000,0.00000000,0.75006301,60516.24124001,181340.75201502,8531.43644469,847.73333333,23293.96246501,60516.24124001,38423.02277501,14776.88138375,29553.76276750,14776.88138375,7.11111111,1.28571429,2.40000000,7115.52000000,1200.74400000,1.50000000,0.80000000,80000.00000000,9.81000000,102.00000000,51.00000000,7115.52000000,1200.74400000,8.61111111
1613.00000000,1230.00000000,0.00000000,0.74953003,60488.68716679,180099.55043247,8354.04887254,942.77142857,24608.70704398,60488.68716679,37123.60783711,14469.63709615,28939.27419230,14469.63709615,8.00000000,1.28571429,2.48571429,8004.96000000,1243.62771429,1.50000000,0.80000000,80000.00000000,9.81000000,102.00000000,51.00000000,8004.96000000,1243.62771429,9.50000000
1614.00000000,805.00000000,0.00000000,0.74928811,60111.19772944,183358.09916822,8951.92087710,872.99047619,20209.22600496,60111.19772944,41016.94829592,15505.18178448,31010.36356895,15505.18178448,7.44444444,1.71428571,2.22857143,7449.06000000,1114.97657143,1.50000000,0.80000000,80000.00000000,9.81000000,102.00000000,51.00000000,7449.06000000,1114.97657143,8.94444444
1615.00000000,931.00000000,1.00000000,0.74914028,60449.48870239,182524.36357564,8727.73558675,832.02857143,21848.19468629,60449.48870239,39759.15430182,15116.88147128,30233.76294257,15116.88147128,7.00000000,1.42857143,2.31428571,7004.34000000,1157.86028571,1.50000000,0.80000000,80000.00000000,9.81000000,102.00000000,51.00000000,7004.34000000,1157.86028571,8.50000000
1616.00000000,522.00000000,0.00000000,0.74911550,59619.19068170,185664.54007758,9439.23660980,830.24761905,16661.46871439,59619.19068170,43986.93111017,16349.23739283,32698.47478566,16349.23739283,7.11111111,2.00000000,2.05714286,7115.52000000,1029.20914286,1.50000000,0.80000000,80000.00000000,9.81000000,102.00000000,51.00000000,7115.52000000,1029.20914286,8.61111111
1617.00000000,1355.00000000,1.00000000,0.74864707,60962.69072984,179740.53889368,8159.20724704,890.47619048,26044.37685172,60962.69072984,36204.82530669,14132.16150136,28264.32300271,14132.16150136,7.44444444,1.00000000,2.57142857,7449.06000000,1286.51142857,1.50000000,0.80000000,80000.00000000,9.81000000,102.00000000,51.00000000,7449.06000000,1286.51142857,8.94444444
1618.00000000,947.00000000,0.00000000,0.74769848,60492.47602982,182595.21305973,8725.55245640,900.02857143,21863.31985705,60492.47602982,39787.01645848,15113.10017859,30226.20035719,15113.10017859,7.66666667,1.57142857,2.31428571,7671.42000000,1157.86028571,1.50000000,0.80000000,80000.00000000,9.81000000,102.00000000,51.00000000,7671.42000000,1157.86028571,9.16666667
1619.00000000,1214.00000000,0.00000000,0.74766793,60968.61156325,180869.08437851,8326.57929052,874.77142857,24799.02189084,60968.61156325,37413.21738669,14422.05838443,28844.11676886,14422.05838443,7.33333333,1.14285714,2.48571429,7337.88000000,1243.62771429,1.50000000,0.80000000,80000.00000000,9.81000000,102.00000000,51.00000000,7337.88000000,1243.62771429,8.83333333
1620.00000000,395.00000000,0.00000000,0.74764628,59406.56162433,187073.01990992,9710.10361514,859.87619048,14699.07962445,59406.56162433,45693.80742845,16818.39280817,33636.78561635,16818.39280817,7.44444444,2.28571429,1.97142857,7449.06000000,986.32542857,1.50000000,0.80000000,80000.00000000,9.81000000,102.00000000,51.00000000,7449.06000000,986.32542857,8.94444444
1621.00000000,1089.00000000,0.00000000,0.74695973,60710.71473367,181656.77144221,8520.91025807,927.06666667,23366.89002512,60710.71473367,38544.56870854,14758.64949372,29517.29898744,14758.64949372,7.88888889,1.42857143,2.40000000,7893.78000000,1200.74400000,1.50000000,0.80000000,80000.00000000,9.81000000,102.00000000,51.00000000,7893.78000000,1200.74400000,9.38888889
1622.00000000,1073.00000000,0.00000000,0.74634663,60991.82947905,182113.58290345,8505.69447614,859.06666667,23472.30805464,60991.82947905,38720.26542440,14732.29498634,29464.58997268,14732.29498634,7.22222222,1.28571429,2.40000000,7226.70000000,1200.74400000,1.50000000,0.80000000,80000.00000000,9.81000000,102.00000000,51.00000000,7226.70000000,1200.74400000,8.72222222
1623.00000000,1356.00000000,1.00000000,0.74615815,61261.41611485,180213.52075327,8141.24170730,901.80952381,26168.84576214,61261.41611485,36379.08178128,14101.04427375,28202.08854750,14101.04427375,7.55555556,1.00000000,2.57142857,7560.24000000,1286.51142857,1.50000000,0.80000000,80000.00000000,9.81000000,102.00000000,51.00000000,7560.24000000,1286.51142857,9.05555556
1624.00000000,537.00000000,0.00000000,0.74570381,59965.88576471,186264.03365862,9425.68380514,886.91428571,16755.36529937,59965.88576471,44239.72960820,16325.76324659,32651.52649317,16325.76324659,7.66666667,2.14285714,2.05714286,7671.42000000,1029.20914286,1.50000000,0.80000000,80000.00000000,9.81000000,102.00000000,51.00000000,7671.42000000,1029.20914286,9.16666667
1625.00000000,664.00000000,0.00000000,0.74565832,60356.82892085,185286.84130830,9165.59293930,857.28571429,18643.09510483,60356.82892085,42785.82667317,15875.27265236,31750.54530473,15875.27265236,7.33333333,1.85714286,2.14285714,7337.88000000,1072.09285714,1.50000000,0.80000000,80000.00000000,9.81000000,102.00000000,51.00000000,7337.88000000,1072.09285714,8.83333333
1626.00000000,679.00000000,0.00000000,0.74534071,60245.65316608,185097.84252519,9170.40699070,913.95238095,18609.74237839,60245.65316608,42708.00364483,15883.61083397,31767.22166795,15883.61083397,7.88888889,2.00000000,2.14285714,7893.78000000,1072.09285714,1.50000000,0.80000000,80000.00000000,9.81000000,102.00000000,51.00000000,7893.78000000,1072.09285714,9.38888889
1627.00000000,381.00000000,1.00000000,0.74471169,59867.55092012,187884.76193077,9694.19233669,814.54285714,14809.31619518,59867.55092012,46044.56015351,16790.83366549,33581.66733098,16790.83366549,7.00000000,2.14285714,1.97142857,7004.34000000,986.32542857,1.50000000,0.80000000,80000.00000000,9.81000000,102.00000000,51.00000000,7004.34000000,986.32542857,8.50000000
1628.00000000,1215.00000000,0.00000000,0.74468231,61338.34697802,181461.93599185,8305.41662953,886.10476190,24945.64110705,61338.34697802,37636.33358526,14385.40358038,28770.80716076,14385.40358038,7.44444444,1.14285714,2.48571429,7449.06000000,1243.62771429,1.50000000,0.80000000,80000.00000000,9.81000000,102.00000000,51.00000000,7449.06000000,1243.62771429,8.94444444
1629.00000000,932.00000000,0.00000000,0.74461039,61038.97067327,183495.91719430,8697.79848529,843.36190476,22055.60500938,61038.97067327,40141.22594960,15065.02889051,30130.05778103,15065.02889051,7.11111111,1.42857143,2.31428571,7115.52000000,1157.86028571,1.50000000,0.80000000,80000.00000000,9.81000000,102.00000000,51.00000000,7115.52000000,1157.86028571,8.61111111
1630.00000000,112.00000000,0.00000000,0.74422817,59037.36077109,190486.55641367,10321.76373796,817.13333333,10289.83912852,59037.36077109,49648.07964258,17877.81921787,35755.63843574,17877.81921787,7.11111111,2.57142857,1.80000000,7115.52000000,900.55800000,1.50000000,0.80000000,80000.00000000,9.81000000,102.00000000,51.00000000,7115.52000000,900.55800000,8.61111111
1631.00000000,806.00000000,0.00000000,0.74406801,60783.22979026,184482.46050074,8920.20951099,884.32380952,20428.92879407,60783.22979026,41469.27756762,15450.25608720,30900.51217439,15450.25608720,7.55555556,1.71428571,2.22857143,7560.24000000,1114.97657143,1.50000000,0.80000000,80000.00000000,9.81000000,102.00000000,51.00000000,7560.24000000,1114.97657143,9.05555556
1632.00000000,1357.00000000,1.00000000,0.74373537,61548.38255060,180667.88427655,8123.98335846,913.14285714,26288.41511037,61548.38255060,36546.47886880,14071.15193669,28142.30387339,14071.15193669,7.66666667,1.00000000,2.57142857,7671.42000000,1286.51142857,1.50000000,0.80000000,80000.00000000,9.81000000,102.00000000,51.00000000,7671.42000000,1286.51142857,9.16666667
1633.00000000,1090.00000000,0.00000000,0.74360089,61117.64542301,182318.03381239,8498.88448841,938.40000000,23519.48903363,61117.64542301,38798.90038938,14720.49974159,29440.99948319,14720.49974159,8.00000000,1.42857143,2.40000000,8004.96000000,1200.74400000,1.50000000,0.80000000,80000.00000000,9.81000000,102.00000000,51.00000000,8004.96000000,1200.74400000,9.50000000
1634.00000000,948.00000000,0.00000000,0.74354082,61013.93493708,183454.65459207,8699.06993617,911.36190476,22046.79613924,61013.93493708,40124.99908356,15067.23110805,30134.46221610,15067.23110805,7.77777778,1.57142857,2.31428571,7782.60000000,1157.86028571,1.50000000,0.80000000,80000.00000000,9.81000000,102.00000000,51.00000000,7782.60000000,1157.86028571,9.27777778
1635.00000000,1074.00000000,0.00000000,0.74274100,61449.05053544,182856.56712008,8480.94666052,870.40000000,23643.76595079,61449.05053544,39006.02858465,14689.43051230,29378.86102461,14689.43051230,7.33333333,1.28571429,2.40000000,7337.88000000,1200.74400000,1.50000000,0.80000000,80000.00000000,9.81000000,102.00000000,51.00000000,7337.88000000,1200.74400000,8.83333333
1636.00000000,791.00000000,1.00000000,0.74235842,61119.97029029,185045.85326040,8904.31964219,827.65714286,20539.01703446,61119.97029029,41695.92982725,15422.73402710,30845.46805420,15422.73402710,7.00000000,1.57142857,2.22857143,7004.34000000,1114.97657143,1.50000000,0.80000000,80000.00000000,9.81000000,102.00000000,51.00000000,7004.34000000,1114.97657143,8.50000000
1637.00000000,1216.00000000,0.00000000,0.74178107,61693.76170172,182031.82511778,8285.07364640,897.43809524,25086.58142851,61693.76170172,37850.80798749,14350.16850001,28700.33700003,14350.16850001,7.55555556,1.14285714,2.48571429,7560.24000000,1243.62771429,1.50000000,0.80000000,80000.00000000,9.81000000,102.00000000,51.00000000,7560.24000000,1243.62771429,9.05555556
1638.00000000,1358.00000000,1.00000000,0.74137622,61824.06355184,181104.37919518,8107.40372301,924.47619048,26403.28219422,61824.06355184,36707.29278619,14042.43516573,28084.87033146,14042.43516573,7.77777778,1.00000000,2.57142857,7782.60000000,1286.51142857,1.50000000,0.80000000,80000.00000000,9.81000000,102.00000000,51.00000000,7782.60000000,1286.51142857,9.27777778
1639.00000000,410.00000000,0.00000000,0.74103279,60144.99751746,188373.30920000,9684.61612721,916.54285714,14875.66212063,60144.99751746,46255.66082540,16774.24718413,33548.49436825,16774.24718413,8.00000000,2.42857143,1.97142857,8004.96000000,986.32542857,1.50000000,0.80000000,80000.00000000,9.81000000,102.00000000,51.00000000,8004.96000000,986.32542857,9.50000000
1640.00000000,523.00000000,0.00000000,0.74073105,60731.51146927,187587.92810609,9395.75440574,841.58095238,16962.72226102,60731.51146927,44797.99835110,16273.92400617,32547.84801235,16273.92400617,7.22222222,2.00000000,2.05714286,7226.70000000,1029.20914286,1.50000000,0.80000000,80000.00000000,9.81000000,102.00000000,51.00000000,7226.70000000,1029.20914286,8.72222222
1641.00000000,933.00000000,0.00000000,0.74022016,61605.67866278,184429.93591776,8669.01797049,854.69523810,22255.00226495,61605.67866278,40508.53668355,15015.17957662,30030.35915324,15015.17957662,7.22222222,1.42857143,2.31428571,7226.70000000,1157.86028571,1.50000000,0.80000000,80000.00000000,9.81000000,102.00000000,51.00000000,7226.70000000,1157.86028571,8.72222222
1642.00000000,126.00000000,0.00000000,0.74006536,59536.78936521,191402.17550288,10309.74935324,862.46666667,10373.07722753,59536.78936521,50064.27013767,17857.00969312,35714.01938623,17857.00969312,7.55555556,2.71428571,1.80000000,7560.24000000,900.55800000,1.50000000,0.80000000,80000.00000000,9.81000000,102.00000000,51.00000000,7560.24000000,900.55800000,9.05555556
1643.00000000,268.00000000,0.00000000,0.73961509,60008.63492187,190101.38062270,9979.59597411,889.50476190,12746.21436389,60008.63492187,48205.86227226,17285.16726617,34570.33453234,17285.16726617,7.77777778,2.57142857,1.88571429,7782.60000000,943.44171429,1.50000000,0.80000000,80000.00000000,9.81000000,102.00000000,51.00000000,7782.60000000,943.44171429,9.27777778
1644.00000000,949.00000000,0.00000000,0.73950530,61516.07948588,184282.26320027,8673.56830415,922.69523810,22223.47662863,61516.07948588,40450.46314296,15023.06098570,30046.12197140,15023.06098570,7.88888889,1.57142857,2.31428571,7893.78000000,1157.86028571,1.50000000,0.80000000,80000.00000000,9.81000000,102.00000000,51.00000000,7893.78000000,1157.86028571,9.38888889
1645.00000000,680.00000000,0.00000000,0.73933310,61015.28641723,186406.21905215,9137.08089334,925.28571429,18840.63235374,61015.28641723,43246.74692063,15825.88834014,31651.77668027,15825.88834014,8.00000000,2.00000000,2.14285714,8004.96000000,1072.09285714,1.50000000,0.80000000,80000.00000000,9.81000000,102.00000000,51.00000000,8004.96000000,1072.09285714,9.50000000
1646.00000000,1075.00000000,0.00000000,0.73924228,61888.70380988,183571.00369105,8457.14972899,881.73333333,23808.63592870,61888.70380988,39280.81188117,14648.21301782,29296.42603565,14648.21301782,7.44444444,1.28571429,2.40000000,7449.06000000,1200.74400000,1.50000000,0.80000000,80000.00000000,9.81000000,102.00000000,51.00000000,7449.06000000,1200.74400000,8.94444444
1647.00000000,665.00000000,0.00000000,0.73920632,61198.58587693,186717.82813363,9129.14379391,868.61904762,18895.62219165,61198.58587693,43375.05654242,15812.14088066,31624.28176132,15812.14088066,7.44444444,1.85714286,2.14285714,7449.06000000,1072.09285714,1.50000000,0.80000000,80000.00000000,9.81000000,102.00000000,51.00000000,7449.06000000,1072.09285714,8.94444444
1648.00000000,1359.00000000,1.00000000,0.73907827,62088.90754643,181523.71551994,8091.47583222,935.80952381,26513.63385863,62088.90754643,36861.78511637,14014.84724963,28029.69449926,14014.84724963,7.88888889,1.00000000,2.57142857,7893.78000000,1286.51142857,1.50000000,0.80000000,80000.00000000,9.81000000,102.00000000,51.00000000,7893.78000000,1286.51142857,9.38888889
1649.00000000,807.00000000,0.00000000,0.73900689,61430.15214107,185564.81135690,8889.68300384,895.65714286,20640.42263953,61430.15214107,41904.70607297,15397.38262583,30794.76525167,15397.38262583,7.66666667,1.71428571,2.22857143,7671.42000000,1114.97657143,1.50000000,0.80000000,80000.00000000,9.81000000,102.00000000,51.00000000,7671.42000000,1114.97657143,9.16666667
1650.00000000,1217.00000000,0.00000000,0.73896113,62035.45065919,182579.70568752,8265.51628922,908.77142857,25222.07877372,62035.45065919,38056.99959976,14316.29416371,28632.58832743,14316.29416371,7.66666667,1.14285714,2.48571429,7671.42000000,1243.62771429,1.50000000,0.80000000,80000.00000000,9.81000000,102.00000000,51.00000000,7671.42000000,1243.62771429,9.16666667
1651.00000000,254.00000000,0.00000000,0.73872495,60226.89634054,190493.25907896,9973.15211275,844.17142857,12790.85874498,60226.89634054,48379.47930985,17274.00617090,34548.01234180,17274.00617090,7.33333333,2.42857143,1.88571429,7337.88000000,943.44171429,1.50000000,0.80000000,80000.00000000,9.81000000,102.00000000,51.00000000,7337.88000000,943.44171429,8.83333333
1652.00000000,538.00000000,0.00000000,0.73796379,60976.50447668,188011.56184807,9386.17728009,898.24761905,17029.07453386,60976.50447668,44976.63908568,16257.33593796,32514.67187593,16257.33593796,7.77777778,2.14285714,2.05714286,7782.60000000,1029.20914286,1.50000000,0.80000000,80000.00000000,9.81000000,102.00000000,51.00000000,7782.60000000,1029.20914286,9.27777778
1653.00000000,396.00000000,0.00000000,0.73741220,60763.39688745,189462.22982976,9663.27176052,871.20952381,15023.54023085,60763.39688745,46726.18208517,16737.27765657,33474.55531315,16737.27765657,7.55555556,2.28571429,1.97142857,7560.24000000,986.32542857,1.50000000,0.80000000,80000.00000000,9.81000000,102.00000000,51.00000000,7560.24000000,986.32542857,9.05555556
1654.00000000,140.00000000,0.00000000,0.73716569,59812.34401290,191907.35902366,10303.12053866,907.80000000,10419.00300215,59812.34401290,50293.89901075,17845.52824946,35691.05649892,17845.52824946,8.00000000,2.85714286,1.80000000,8004.96000000,900.55800000,1.50000000,0.80000000,80000.00000000,9.81000000,102.00000000,51.00000000,8004.96000000,900.55800000,9.50000000
1655.00000000,792.00000000,0.00000000,0.73695791,61826.34156470,186227.66673875,8870.98790193,838.99047619,20769.94610494,61826.34156470,42171.37203119,15365.00175948,30730.00351896,15365.00175948,7.11111111,1.57142857,2.22857143,7115.52000000,1114.97657143,1.50000000,0.80000000,80000.00000000,9.81000000,102.00000000,51.00000000,7115.52000000,1114.97657143,8.61111111
1656.00000000,1360.00000000,1.00000000,0.73683920,62343.33951501,181926.56613685,8076.17412748,947.14285714,26619.64717887,62343.33951501,37010.20376471,13988.34391957,27976.68783914,13988.34391957,8.00000000,1.00000000,2.57142857,8004.96000000,1286.51142857,1.50000000,0.80000000,80000.00000000,9.81000000,102.00000000,51.00000000,8004.96000000,1286.51142857,9.50000000
1657.00000000,1218.00000000,0.00000000,0.73621951,62363.97627207,183106.47951507,8246.71236649,920.10476190,25352.35617193,62363.97627207,38255.24781443,14283.72481416,28567.44962832,14283.72481416,7.77777778,1.14285714,2.48571429,7782.60000000,1243.62771429,1.50000000,0.80000000,80000.00000000,9.81000000,102.00000000,51.00000000,7782.60000000,1243.62771429,9.27777778
1658.00000000,1201.00000000,1.00000000,0.73621217,62560.82701646,183422.11950176,8235.44515918,840.77142857,25430.41767401,62560.82701646,38374.03705673,14264.20943864,28528.41887728,14264.20943864,7.00000000,1.00000000,2.48571429,7004.34000000,1243.62771429,1.50000000,0.80000000,80000.00000000,9.81000000,102.00000000,51.00000000,7004.34000000,1243.62771429,8.50000000
1659.00000000,934.00000000,0.00000000,0.73596504,62150.63786624,185328.10941975,8641.34197737,866.02857143,22446.74716987,62150.63786624,40861.75098209,14967.24335039,29934.48670078,14967.24335039,7.33333333,1.42857143,2.31428571,7337.88000000,1157.86028571,1.50000000,0.80000000,80000.00000000,9.81000000,102.00000000,51.00000000,7337.88000000,1157.86028571,8.83333333
1660.00000000,1076.00000000,0.00000000,0.73584672,62311.54297637,184258.11733660,8434.26288774,893.06666667,23967.20061614,62311.54297637,39545.08636023,14608.57184597,29217.14369193,14608.57184597,7.55555556,1.28571429,2.40000000,7560.24000000,1200.74400000,1.50000000,0.80000000,80000.00000000,9.81000000,102.00000000,51.00000000,7560.24000000,1200.74400000,9.05555556
1661.00000000,950.00000000,0.00000000,0.73558792,61999.72169128,185079.37720547,8649.00632177,934.02857143,22393.64703423,61999.72169128,40763.93494276,14980.51838430,29961.03676860,14980.51838430,8.00000000,1.57142857,2.31428571,8004.96000000,1157.86028571,1.50000000,0.80000000,80000.00000000,9.81000000,102.00000000,51.00000000,8004.96000000,1157.86028571,9.50000000
1662.00000000,808.00000000,0.00000000,0.73409992,62053.07140077,186607.00319525,8860.28913731,906.99047619,20844.06932058,62053.07140077,42323.97865162,15346.47095557,30692.94191114,15346.47095557,7.77777778,1.71428571,2.22857143,7782.60000000,1114.97657143,1.50000000,0.80000000,80000.00000000,9.81000000,102.00000000,51.00000000,7782.60000000,1114.97657143,9.27777778
1663.00000000,382.00000000,0.00000000,0.73389503,61311.67725613,190427.68004418,9644.34758660,825.87619048,15154.65075379,61311.67725613,47143.35193091,16704.50002584,33409.00005167,16704.50002584,7.11111111,2.14285714,1.97142857,7115.52000000,986.32542857,1.50000000,0.80000000,80000.00000000,9.81000000,102.00000000,51.00000000,7115.52000000,986.32542857,8.61111111
1664.00000000,1219.00000000,0.00000000,0.73355336,62679.87064862,183612.99980850,8228.63142176,931.43809524,25477.62463160,62679.87064862,38445.87373131,14252.40769924,28504.81539849,14252.40769924,7.88888889,1.14285714,2.48571429,7893.78000000,1243.62771429,1.50000000,0.80000000,80000.00000000,9.81000000,102.00000000,51.00000000,7893.78000000,1243.62771429,9.38888889
1665.00000000,1202.00000000,1.00000000,0.73330494,62928.85027876,184012.22576718,8214.38049719,852.10476190,25576.35793320,62928.85027876,38596.12005984,14227.72437384,28455.44874768,14227.72437384,7.11111111,1.00000000,2.48571429,7115.52000000,1243.62771429,1.50000000,0.80000000,80000.00000000,9.81000000,102.00000000,51.00000000,7115.52000000,1243.62771429,8.61111111
1666.00000000,666.00000000,0.00000000,0.73295557,62008.63655431,188094.91428519,9094.06757066,879.95238095,19138.63739487,62008.63655431,43942.09201659,15751.38707986,31502.77415971,15751.38707986,7.55555556,1.85714286,2.14285714,7560.24000000,1072.09285714,1.50000000,0.80000000,80000.00000000,9.81000000,102.00000000,51.00000000,7560.24000000,1072.09285714,9.05555556
1667.00000000,651.00000000,1.00000000,0.73271384,62139.13085213,188316.75459148,9088.41700182,823.28571429,19177.78568421,62139.13085213,44033.43802506,15741.60000752,31483.20001504,15741.60000752,7.00000000,1.71428571,2.14285714,7004.34000000,1072.09285714,1.50000000,0.80000000,80000.00000000,9.81000000,102.00000000,51.00000000,7004.34000000,1072.09285714,8.50000000
1668.00000000,524.00000000,0.00000000,0.73260911,61800.98425124,189437.22479158,9353.94719125,852.91428571,17252.37113947,61800.98425124,45577.82225462,16201.51178656,32403.02357312,16201.51178656,7.33333333,2.00000000,2.05714286,7337.88000000,1029.20914286,1.50000000,0.80000000,80000.00000000,9.81000000,102.00000000,51.00000000,7337.88000000,1029.20914286,8.83333333
1669.00000000,1077.00000000,0.00000000,0.73255070,62718.27920564,184919.06370916,8412.24764354,904.40000000,24119.72670211,62718.27920564,39799.29650352,14570.44032447,29140.88064894,14570.44032447,7.66666667,1.28571429,2.40000000,7671.42000000,1200.74400000,1.50000000,0.80000000,80000.00000000,9.81000000,102.00000000,51.00000000,7671.42000000,1200.74400000,9.16666667
1670.00000000,935.00000000,0.00000000,0.73184050,62674.81285493,186192.02745667,8614.72151976,877.36190476,22631.17911033,62674.81285493,41201.49403031,14921.13536527,29842.27073055,14921.13536527,7.44444444,1.42857143,2.31428571,7449.06000000,1157.86028571,1.50000000,0.80000000,80000.00000000,9.81000000,102.00000000,51.00000000,7449.06000000,1157.86028571,8.94444444
1671.00000000,793.00000000,0.00000000,0.73172829,62505.47697266,187363.91251744,8838.94134818,850.32380952,20991.97114216,62505.47697266,42628.48240193,15309.49550017,30618.99100035,15309.49550017,7.22222222,1.57142857,2.22857143,7226.70000000,1114.97657143,1.50000000,0.80000000,80000.00000000,9.81000000,102.00000000,51.00000000,7226.70000000,1114.97657143,8.72222222
1672.00000000,1220.00000000,0.00000000,0.73095991,62983.63759883,184100.07440108,8211.24461831,942.77142857,25598.08393944,62983.63759883,38629.18137368,14222.29287228,28444.58574457,14222.29287228,8.00000000,1.14285714,2.48571429,8004.96000000,1243.62771429,1.50000000,0.80000000,80000.00000000,9.81000000,102.00000000,51.00000000,8004.96000000,1243.62771429,9.50000000
1673.00000000,1061.00000000,1.00000000,0.73085995,63091.62886214,185525.75690097,8392.03950061,836.40000000,24259.73282330,63091.62886214,40032.64003883,14535.43879417,29070.87758835,14535.43879417,7.00000000,1.14285714,2.40000000,7004.34000000,1200.74400000,1.50000000,0.80000000,80000.00000000,9.81000000,102.00000000,51.00000000,7004.34000000,1200.74400000,8.50000000
1674.00000000,1203.00000000,1.00000000,0.73048422,63282.24888667,184578.88215571,8194.15291111,863.43809524,25716.49876048,63282.24888667,38809.37784048,14192.68916702,28385.37833405,14192.68916702,7.22222222,1.00000000,2.48571429,7226.70000000,1243.62771429,1.50000000,0.80000000,80000.00000000,9.81000000,102.00000000,51.00000000,7226.70000000,1243.62771429,8.72222222
1675.00000000,539.00000000,0.00000000,0.73046158,61949.83460738,189694.61186573,9348.12841879,909.58095238,17292.68477759,61949.83460738,45686.35897264,16191.43337703,32382.86675406,16191.43337703,7.88888889,2.14285714,2.05714286,7893.78000000,1029.20914286,1.50000000,0.80000000,80000.00000000,9.81000000,102.00000000,51.00000000,7893.78000000,1029.20914286,9.38888889
1676.00000000,1078.00000000,0.00000000,0.72935067,63109.58411970,185554.93419451,8391.06764378,915.73333333,24266.46604489,63109.58411970,40043.86207481,14533.75548878,29067.51097756,14533.75548878,7.77777778,1.28571429,2.40000000,7782.60000000,1200.74400000,1.50000000,0.80000000,80000.00000000,9.81000000,102.00000000,51.00000000,7782.60000000,1200.74400000,9.27777778
1677.00000000,809.00000000,0.00000000,0.72934229,62653.03010280,187610.78025441,8831.97871708,918.32380952,21040.20966547,62653.03010280,42727.79700875,15297.43586935,30594.87173869,15297.43586935,7.88888889,1.71428571,2.22857143,7893.78000000,1114.97657143,1.50000000,0.80000000,80000.00000000,9.81000000,102.00000000,51.00000000,7893.78000000,1114.97657143,9.38888889
1678.00000000,936.00000000,0.00000000,0.72784209,63179.11199205,187023.18714562,8589.11046601,888.69523810,22808.61769561,63179.11199205,41528.35458215,14876.77571895,29753.55143791,14876.77571895,7.55555556,1.42857143,2.31428571,7560.24000000,1157.86028571,1.50000000,0.80000000,80000.00000000,9.81000000,102.00000000,51.00000000,7560.24000000,1157.86028571,9.05555556
1679.00000000,1204.00000000,1.00000000,0.72774673,63621.64516588,185123.08653446,8174.72678066,874.77142857,25851.08694017,63621.64516588,39014.18594000,14159.04212210,28318.08424420,14159.04212210,7.33333333,1.00000000,2.48571429,7337.88000000,1243.62771429,1.50000000,0.80000000,80000.00000000,9.81000000,102.00000000,51.00000000,7337.88000000,1243.62771429,8.83333333
1680.00000000,397.00000000,0.00000000,0.72749013,62068.90519439,191761.05967460,9618.21148174,882.54285714,15335.72699990,62068.90519439,47719.50362306,16659.23096431,33318.46192862,16659.23096431,7.66666667,2.28571429,1.97142857,7671.42000000,986.32542857,1.50000000,0.80000000,80000.00000000,9.81000000,102.00000000,51.00000000,7671.42000000,986.32542857,9.16666667
1681.00000000,1062.00000000,0.00000000,0.72742059,63531.29036401,186240.20684152,8368.24212375,847.73333333,24424.60588650,63531.29036401,40307.42847751,14494.22052837,28988.44105675,14494.22052837,7.11111111,1.14285714,2.40000000,7115.52000000,1200.74400000,1.50000000,0.80000000,80000.00000000,9.81000000,102.00000000,51.00000000,7115.52000000,1200.74400000,8.61111111
1682.00000000,667.00000000,0.00000000,0.72690050,62788.42684194,189420.55777416,9060.30166073,891.28571429,19372.57448115,62788.42684194,44487.94521793,15692.90280828,31385.80561657,15692.90280828,7.66666667,1.85714286,2.14285714,7671.42000000,1072.09285714,1.50000000,0.80000000,80000.00000000,9.81000000,102.00000000,51.00000000,7671.42000000,1072.09285714,9.16666667
1683.00000000,269.00000000,0.00000000,0.72680608,61705.99970053,193148.92192985,9929.48366669,900.83809524,13093.40261407,61705.99970053,49556.03880075,17198.37020363,34396.74040725,17198.37020363,7.88888889,2.57142857,1.88571429,7893.78000000,943.44171429,1.50000000,0.80000000,80000.00000000,9.81000000,102.00000000,51.00000000,7893.78000000,943.44171429,9.38888889
1684.00000000,794.00000000,0.00000000,0.72666418,63158.62668506,188456.68222858,8808.12098877,861.65714286,21205.50085583,63158.62668506,43068.10240066,15256.11307176,30512.22614351,15256.11307176,7.33333333,1.57142857,2.22857143,7337.88000000,1114.97657143,1.50000000,0.80000000,80000.00000000,9.81000000,102.00000000,51.00000000,7337.88000000,1114.97657143,8.83333333
1685.00000000,1079.00000000,0.00000000,0.72624322,63486.09250330,186166.76031786,8370.68852972,927.06666667,24407.65668874,63486.09250330,40279.17981456,14498.45782782,28996.91565563,14498.45782782,7.88888889,1.28571429,2.40000000,7893.78000000,1200.74400000,1.50000000,0.80000000,80000.00000000,9.81000000,102.00000000,51.00000000,7893.78000000,1200.74400000,9.38888889
1686.00000000,652.00000000,0.00000000,0.72620008,62993.33330867,189768.89876760,9051.42895045,834.61904762,19434.04642117,62993.33330867,44631.37974464,15677.53482328,31355.06964656,15677.53482328,7.11111111,1.71428571,2.14285714,7115.52000000,1072.09285714,1.50000000,0.80000000,80000.00000000,9.81000000,102.00000000,51.00000000,7115.52000000,1072.09285714,8.61111111
1687.00000000,255.00000000,0.00000000,0.72513055,62036.17685010,193741.73999384,9919.73565080,855.50476190,13160.93884921,62036.17685010,49818.67971518,17181.48614484,34362.97228968,17181.48614484,7.44444444,2.42857143,1.88571429,7449.06000000,943.44171429,1.50000000,0.80000000,80000.00000000,9.81000000,102.00000000,51.00000000,7449.06000000,943.44171429,8.94444444
1688.00000000,1205.00000000,1.00000000,0.72508929,63947.62662671,185645.78094578,8156.06847835,886.10476190,25980.35545049,63947.62662671,39210.89889050,14126.72499452,28253.44998904,14126.72499452,7.44444444,1.00000000,2.48571429,7449.06000000,1243.62771429,1.50000000,0.80000000,80000.00000000,9.81000000,102.00000000,51.00000000,7449.06000000,1243.62771429,8.94444444
1689.00000000,525.00000000,0.00000000,0.72474441,62829.66573188,191215.98651852,9313.73456684,864.24761905,17530.97237381,62829.66573188,46327.90250092,16131.86147798,32263.72295595,16131.86147798,7.44444444,2.00000000,2.05714286,7449.06000000,1029.20914286,1.50000000,0.80000000,80000.00000000,9.81000000,102.00000000,51.00000000,7449.06000000,1029.20914286,8.94444444
1690.00000000,810.00000000,0.00000000,0.72472922,63231.01126797,188577.78720382,8804.70535707,929.65714286,21229.16504640,63231.01126797,43116.82279300,15250.19702412,30500.39404823,15250.19702412,8.00000000,1.71428571,2.22857143,8004.96000000,1114.97657143,1.50000000,0.80000000,80000.00000000,9.81000000,102.00000000,51.00000000,8004.96000000,1114.97657143,9.50000000
1691.00000000,113.00000000,0.00000000,0.72463419,61675.52079329,195323.18312103,10258.29947134,828.46666667,10729.53246555,61675.52079329,51846.54632774,17767.89588361,35535.79176723,17767.89588361,7.22222222,2.57142857,1.80000000,7226.70000000,900.55800000,1.50000000,0.80000000,80000.00000000,9.81000000,102.00000000,51.00000000,7226.70000000,900.55800000,8.72222222
1692.00000000,1063.00000000,0.00000000,0.72408736,63953.71496321,186926.64681522,8345.37772162,859.06666667,24583.01511120,63953.71496321,40571.44385201,14454.61822220,28909.23644440,14454.61822220,7.22222222,1.14285714,2.40000000,7226.70000000,1200.74400000,1.50000000,0.80000000,80000.00000000,9.81000000,102.00000000,51.00000000,7226.70000000,1200.74400000,8.72222222
1693.00000000,241.00000000,1.00000000,0.72401314,62242.90445948,194112.91001978,9913.63230894,810.17142857,13203.22404204,62242.90445948,49983.12213173,17170.91484663,34341.82969327,17170.91484663,7.00000000,2.28571429,1.88571429,7004.34000000,943.44171429,1.50000000,0.80000000,80000.00000000,9.81000000,102.00000000,51.00000000,7004.34000000,943.44171429,8.50000000
1694.00000000,937.00000000,0.00000000,0.72396549,63664.39146811,187822.99961544,8564.46533413,900.02857143,22979.36417793,63664.39146811,41842.88757589,14834.08909837,29668.17819675,14834.08909837,7.66666667,1.42857143,2.31428571,7671.42000000,1157.86028571,1.50000000,0.80000000,80000.00000000,9.81000000,102.00000000,51.00000000,7671.42000000,1157.86028571,9.16666667
1695.00000000,921.00000000,1.00000000,0.72358372,63852.55946612,188133.12835289,8554.90913949,832.02857143,23045.57143649,63852.55946612,41964.84831534,14817.53728373,29635.07456747,14817.53728373,7.00000000,1.28571429,2.31428571,7004.34000000,1157.86028571,1.50000000,0.80000000,80000.00000000,9.81000000,102.00000000,51.00000000,7004.34000000,1157.86028571,8.50000000
1696.00000000,383.00000000,0.00000000,0.72341637,62699.17558123,192870.88361663,9596.45738091,837.20952381,15486.44383154,62699.17558123,48199.05717826,16621.55175640,33243.10351280,16621.55175640,7.22222222,2.14285714,1.97142857,7226.70000000,986.32542857,1.50000000,0.80000000,80000.00000000,9.81000000,102.00000000,51.00000000,7226.70000000,986.32542857,8.72222222
1697.00000000,1080.00000000,0.00000000,0.72322504,63848.40479536,186755.51779246,8351.07780166,938.40000000,24543.52379826,63848.40479536,40505.62499710,14464.49105043,28928.98210087,14464.49105043,8.00000000,1.28571429,2.40000000,8004.96000000,1200.74400000,1.50000000,0.80000000,80000.00000000,9.81000000,102.00000000,51.00000000,8004.96000000,1200.74400000,9.50000000
1698.00000000,540.00000000,0.00000000,0.72319171,62887.56560708,191316.10505273,9311.47117824,920.91428571,17546.65359001,62887.56560708,46370.12115993,16127.94117393,32255.88234785,16127.94117393,8.00000000,2.14285714,2.05714286,8004.96000000,1029.20914286,1.50000000,0.80000000,80000.00000000,9.81000000,102.00000000,51.00000000,8004.96000000,1029.20914286,9.50000000
1699.00000000,1206.00000000,1.00000000,0.72250887,64260.74836508,186147.85545730,8138.14623198,897.43809524,26104.52441571,64260.74836508,39399.85166365,14095.68275322,28191.36550643,14095.68275322,7.55555556,1.00000000,2.48571429,7560.24000000,1243.62771429,1.50000000,0.80000000,80000.00000000,9.81000000,102.00000000,51.00000000,7560.24000000,1243.62771429,9.05555556
1700.00000000,795.00000000,0.00000000,0.72176022,63786.96551271,189507.94142098,8778.47138756,872.99047619,21410.91931871,63786.96551271,43491.02276542,15204.75845604,30409.51691207,15204.75845604,7.44444444,1.57142857,2.22857143,7449.06000000,1114.97657143,1.50000000,0.80000000,80000.00000000,9.81000000,102.00000000,51.00000000,7449.06000000,1114.97657143,8.94444444
1701.00000000,127.00000000,0.00000000,0.72167623,61997.09137860,195912.72919410,10250.56368534,873.80000000,10783.12756310,61997.09137860,52114.52181550,17754.49710923,35508.99421845,17754.49710923,7.66666667,2.71428571,1.80000000,7671.42000000,900.55800000,1.50000000,0.80000000,80000.00000000,9.81000000,102.00000000,51.00000000,7671.42000000,900.55800000,9.16666667
1702.00000000,668.00000000,0.00000000,0.72103537,63539.31603005,190697.06939394,9027.78720511,902.61904762,19597.84123759,63539.31603005,45013.56764961,15636.58611917,31273.17223835,15636.58611917,7.77777778,1.85714286,2.14285714,7782.60000000,1072.09285714,1.50000000,0.80000000,80000.00000000,9.81000000,102.00000000,51.00000000,7782.60000000,1072.09285714,9.27777778
1703.00000000,1064.00000000,0.00000000,0.72085635,64359.64977007,187586.29087637,8323.40585568,870.40000000,24735.24066378,64359.64977007,40825.15310630,14416.56183406,28833.12366811,14416.56183406,7.33333333,1.14285714,2.40000000,7337.88000000,1200.74400000,1.50000000,0.80000000,80000.00000000,9.81000000,102.00000000,51.00000000,7337.88000000,1200.74400000,8.83333333
1704.00000000,938.00000000,0.00000000,0.72020646,64131.45899371,188592.79609281,8540.74510417,911.36190476,23143.70275176,64131.45899371,42145.61652767,14793.00445492,29586.00890984,14793.00445492,7.77777778,1.42857143,2.31428571,7782.60000000,1157.86028571,1.50000000,0.80000000,80000.00000000,9.81000000,102.00000000,51.00000000,7782.60000000,1157.86028571,9.27777778
1705.00000000,1207.00000000,1.00000000,0.72000254,64561.53526762,186630.15169758,8120.92999844,908.77142857,26223.80198051,64561.53526762,39581.36100139,14065.86336202,28131.72672403,14065.86336202,7.66666667,1.00000000,2.48571429,7671.42000000,1243.62771429,1.50000000,0.80000000,80000.00000000,9.81000000,102.00000000,51.00000000,7671.42000000,1243.62771429,9.16666667
1706.00000000,653.00000000,0.00000000,0.71989730,63814.57305991,191165.00634471,9015.86822609,845.95238095,19680.41834655,63814.57305991,45206.24757051,15615.94184193,31231.88368387,15615.94184193,7.22222222,1.71428571,2.14285714,7226.70000000,1072.09285714,1.50000000,0.80000000,80000.00000000,9.81000000,102.00000000,51.00000000,7226.70000000,1072.09285714,8.72222222
1707.00000000,922.00000000,0.00000000,0.71949488,64378.92803920,189000.66174185,8528.17727972,843.36190476,23230.77519369,64378.92803920,42306.01313122,14771.23634444,29542.47268887,14771.23634444,7.11111111,1.28571429,2.31428571,7115.52000000,1157.86028571,1.50000000,0.80000000,80000.00000000,9.81000000,102.00000000,51.00000000,7115.52000000,1157.86028571,8.61111111
1708.00000000,511.00000000,1.00000000,0.71885329,63679.52404055,192685.53317727,9280.51239495,818.91428571,17761.14233241,63679.52404055,46947.59085100,16074.31898833,32148.63797665,16074.31898833,7.00000000,1.85714286,2.05714286,7004.34000000,1029.20914286,1.50000000,0.80000000,80000.00000000,9.81000000,102.00000000,51.00000000,7004.34000000,1029.20914286,8.50000000
1709.00000000,398.00000000,0.00000000,0.71787631,63325.53346021,193973.81814267,9574.83832226,893.87619048,15636.22506347,63325.53346021,48675.63382532,16584.10644842,33168.21289684,16584.10644842,7.77777778,2.28571429,1.97142857,7782.60000000,986.32542857,1.50000000,0.80000000,80000.00000000,9.81000000,102.00000000,51.00000000,7782.60000000,986.32542857,9.27777778
1710.00000000,1065.00000000,0.00000000,0.71772379,64749.79933320,188220.28391645,8302.28839112,881.73333333,24881.54674995,64749.79933320,41068.99658325,14379.98531251,28759.97062503,14379.98531251,7.44444444,1.14285714,2.40000000,7449.06000000,1200.74400000,1.50000000,0.80000000,80000.00000000,9.81000000,102.00000000,51.00000000,7449.06000000,1200.74400000,8.94444444
1711.00000000,1208.00000000,1.00000000,0.71756748,64850.48403913,187093.46610708,8104.39134770,920.10476190,26338.38511404,64850.48403913,39755.72663938,14037.21757863,28074.43515727,14037.21757863,7.77777778,1.00000000,2.48571429,7782.60000000,1243.62771429,1.50000000,0.80000000,80000.00000000,9.81000000,102.00000000,51.00000000,7782.60000000,1243.62771429,9.27777778
1712.00000000,526.00000000,0.00000000,0.71713084,63819.48305928,192927.54564715,9275.04119754,875.58095238,17799.04789998,63819.48305928,47049.64430215,16064.84259643,32129.68519287,16064.84259643,7.55555556,2.00000000,2.05714286,7560.24000000,1029.20914286,1.50000000,0.80000000,80000.00000000,9.81000000,102.00000000,51.00000000,7560.24000000,1029.20914286,9.05555556
1713.00000000,796.00000000,0.00000000,0.71701108,64391.59850029,190519.53891944,8749.94040050,884.32380952,21608.58779542,64391.59850029,43897.98727630,15155.34133686,30310.68267372,15155.34133686,7.55555556,1.57142857,2.22857143,7560.24000000,1114.97657143,1.50000000,0.80000000,80000.00000000,9.81000000,102.00000000,51.00000000,7560.24000000,1114.97657143,9.05555556
1714.00000000,939.00000000,0.00000000,0.71656092,64581.07718291,189333.83347872,8517.91104644,922.69523810,23301.90174425,64581.07718291,42437.03572438,14753.45470679,29506.90941359,14753.45470679,7.88888889,1.42857143,2.31428571,7893.78000000,1157.86028571,1.50000000,0.80000000,80000.00000000,9.81000000,102.00000000,51.00000000,7893.78000000,1157.86028571,9.38888889
1715.00000000,923.00000000,0.00000000,0.71553625,64884.84611736,189834.48968549,8502.48400735,854.69523810,23408.78340637,64884.84611736,42633.92299670,14726.73429126,29453.46858253,14726.73429126,7.22222222,1.28571429,2.31428571,7226.70000000,1157.86028571,1.50000000,0.80000000,80000.00000000,9.81000000,102.00000000,51.00000000,7226.70000000,1157.86028571,8.72222222
1716.00000000,669.00000000,0.00000000,0.71535440,64262.58319785,191926.62357921,8996.46881806,913.95238095,19814.82138793,64262.58319785,45519.85466707,15582.34108159,31164.68216318,15582.34108159,7.88888889,1.85714286,2.14285714,7893.78000000,1072.09285714,1.50000000,0.80000000,80000.00000000,9.81000000,102.00000000,51.00000000,7893.78000000,1072.09285714,9.38888889
1717.00000000,1209.00000000,1.00000000,0.71520099,65128.06506893,187538.55293072,8088.50335592,931.43809524,26448.46034999,65128.06506893,39923.23243322,14009.69876964,28019.39753929,14009.69876964,7.88888889,1.00000000,2.48571429,7893.78000000,1243.62771429,1.50000000,0.80000000,80000.00000000,9.81000000,102.00000000,51.00000000,7893.78000000,1243.62771429,9.38888889
1718.00000000,1066.00000000,0.00000000,0.71468601,65124.82862775,188829.70652009,8281.98933511,893.06666667,25022.18273541,65124.82862775,41303.38989234,14344.82631615,28689.65263230,14344.82631615,7.55555556,1.14285714,2.40000000,7560.24000000,1200.74400000,1.50000000,0.80000000,80000.00000000,9.81000000,102.00000000,51.00000000,7560.24000000,1200.74400000,9.05555556
1719.00000000,270.00000000,0.00000000,0.71437702,63340.20770126,196083.06811298,9881.23597429,912.17142857,13427.67243240,63340.20770126,50855.97698315,17114.80274904,34229.60549809,17114.80274904,8.00000000,2.57142857,1.88571429,8004.96000000,943.44171429,1.50000000,0.80000000,80000.00000000,9.81000000,102.00000000,51.00000000,8004.96000000,943.44171429,9.50000000
1720.00000000,654.00000000,0.00000000,0.71379909,64604.39351011,192507.70111005,8981.66799738,857.28571429,19917.36448161,64604.39351011,45759.12188565,15556.70530817,31113.41061634,15556.70530817,7.33333333,1.71428571,2.14285714,7337.88000000,1072.09285714,1.50000000,0.80000000,80000.00000000,9.81000000,102.00000000,51.00000000,7337.88000000,1072.09285714,8.83333333
1721.00000000,781.00000000,1.00000000,0.71368009,64932.12558160,191423.88230548,8724.43439689,827.65714286,21785.29857201,64932.12558160,44261.80358102,15111.16364271,30222.32728543,15111.16364271,7.00000000,1.42857143,2.22857143,7004.34000000,1114.97657143,1.50000000,0.80000000,80000.00000000,9.81000000,102.00000000,51.00000000,7004.34000000,1114.97657143,8.50000000
1722.00000000,384.00000000,0.00000000,0.71327195,64032.86721980,195219.34063238,9550.42434019,848.54285714,15805.37009293,64032.86721980,49213.82255544,16541.82019105,33083.64038210,16541.82019105,7.33333333,2.14285714,1.97142857,7337.88000000,986.32542857,1.50000000,0.80000000,80000.00000000,9.81000000,102.00000000,51.00000000,7337.88000000,986.32542857,8.83333333
1723.00000000,940.00000000,0.00000000,0.71302487,65013.96665729,190047.29946426,8495.92656387,934.02857143,23454.21470746,65013.96665729,42717.61223554,14715.37646599,29430.75293198,14715.37646599,8.00000000,1.42857143,2.31428571,8004.96000000,1157.86028571,1.50000000,0.80000000,80000.00000000,9.81000000,102.00000000,51.00000000,8004.96000000,1157.86028571,9.50000000
1724.00000000,1210.00000000,1.00000000,0.71290048,65394.72415080,187966.12697579,8073.24050707,942.77142857,26554.20446867,65394.72415080,40084.14739642,13983.26273998,27966.52547995,13983.26273998,8.00000000,1.00000000,2.48571429,8004.96000000,1243.62771429,1.50000000,0.80000000,80000.00000000,9.81000000,102.00000000,51.00000000,8004.96000000,1243.62771429,9.50000000
1725.00000000,797.00000000,0.00000000,0.71241155,64973.56602951,191493.21536257,8722.47893480,895.65714286,21798.84641075,64973.56602951,44289.69619020,15107.77668303,30215.55336605,15107.77668303,7.66666667,1.57142857,2.22857143,7671.42000000,1114.97657143,1.50000000,0.80000000,80000.00000000,9.81000000,102.00000000,51.00000000,7671.42000000,1114.97657143,9.16666667
1726.00000000,256.00000000,0.00000000,0.71194778,63775.67351821,196864.92719341,9868.37945861,866.83809524,13516.74498587,63775.67351821,51202.37024663,17092.53461068,34185.06922135,17092.53461068,7.55555556,2.42857143,1.88571429,7560.24000000,943.44171429,1.50000000,0.80000000,80000.00000000,9.81000000,102.00000000,51.00000000,7560.24000000,943.44171429,9.05555556
1727.00000000,1067.00000000,0.00000000,0.71173953,65485.36579545,189415.57941761,8262.47468847,904.40000000,25157.38417329,65485.36579545,41528.72562216,14311.02595668,28622.05191335,14311.02595668,7.66666667,1.14285714,2.40000000,7671.42000000,1200.74400000,1.50000000,0.80000000,80000.00000000,9.81000000,102.00000000,51.00000000,7671.42000000,1200.74400000,9.16666667
1728.00000000,924.00000000,0.00000000,0.71170312,65371.21687705,190636.10075238,8477.78345414,866.02857143,23579.91385886,65371.21687705,42949.16330391,14683.95167814,29367.90335629,14683.95167814,7.33333333,1.28571429,2.31428571,7337.88000000,1157.86028571,1.50000000,0.80000000,80000.00000000,9.81000000,102.00000000,51.00000000,7337.88000000,1157.86028571,8.83333333
1729.00000000,512.00000000,0.00000000,0.71086820,64726.57244339,194496.05437384,9239.58178139,830.24761905,18044.71794151,64726.57244339,47711.06364474,16003.42508605,32006.85017210,16003.42508605,7.11111111,1.85714286,2.05714286,7115.52000000,1029.20914286,1.50000000,0.80000000,80000.00000000,9.81000000,102.00000000,51.00000000,7115.52000000,1029.20914286,8.61111111
1730.00000000,242.00000000,0.00000000,0.71001515,64099.89836748,197447.05817278,9858.80717602,821.50476190,13583.06370504,64099.89836748,51460.27637673,17075.95493088,34151.90986177,17075.95493088,7.11111111,2.28571429,1.88571429,7115.52000000,943.44171429,1.50000000,0.80000000,80000.00000000,9.81000000,102.00000000,51.00000000,7115.52000000,943.44171429,8.61111111
1731.00000000,670.00000000,0.00000000,0.70985181,64959.43304406,193111.26831776,8966.29433459,925.28571429,20023.87634179,64959.43304406,46007.64955941,15530.07734312,31060.15468625,15530.07734312,8.00000000,1.85714286,2.14285714,8004.96000000,1072.09285714,1.50000000,0.80000000,80000.00000000,9.81000000,102.00000000,51.00000000,8004.96000000,1072.09285714,9.50000000
1732.00000000,527.00000000,0.00000000,0.70976176,64772.24386848,194575.02787973,9237.79642032,886.91428571,18057.08728581,64772.24386848,47744.36572553,16000.33274998,32000.66549995,16000.33274998,7.66666667,2.00000000,2.05714286,7671.42000000,1029.20914286,1.50000000,0.80000000,80000.00000000,9.81000000,102.00000000,51.00000000,7671.42000000,1029.20914286,9.16666667
1733.00000000,1068.00000000,0.00000000,0.70888096,65832.00466003,189978.86757255,8243.71230955,915.73333333,25287.37374751,65832.00466003,41745.37491252,14278.52856312,28557.05712624,14278.52856312,7.77777778,1.14285714,2.40000000,7782.60000000,1200.74400000,1.50000000,0.80000000,80000.00000000,9.81000000,102.00000000,51.00000000,7782.60000000,1200.74400000,9.27777778
1734.00000000,782.00000000,0.00000000,0.70878214,65565.47491456,192483.52445870,8694.54836355,838.99047619,21992.35508470,65565.47491456,44688.09640128,15059.39951454,30118.79902908,15059.39951454,7.11111111,1.42857143,2.22857143,7115.52000000,1114.97657143,1.50000000,0.80000000,80000.00000000,9.81000000,102.00000000,51.00000000,7115.52000000,1114.97657143,8.61111111
1735.00000000,399.00000000,0.00000000,0.70856524,64535.57549689,196104.54433770,9533.07311003,905.20952381,15925.58294180,64535.57549689,49596.31798366,16511.76697883,33023.53395767,16511.76697883,7.88888889,2.28571429,1.97142857,7893.78000000,986.32542857,1.50000000,0.80000000,80000.00000000,9.81000000,102.00000000,51.00000000,7893.78000000,986.32542857,9.38888889
1736.00000000,1051.00000000,1.00000000,0.70855394,66044.86087111,190324.75891556,8232.19112917,836.40000000,25367.19482667,66044.86087111,41878.41004444,14258.57329333,28517.14658667,14258.57329333,7.00000000,1.00000000,2.40000000,7004.34000000,1200.74400000,1.50000000,0.80000000,80000.00000000,9.81000000,102.00000000,51.00000000,7004.34000000,1200.74400000,8.50000000
1737.00000000,925.00000000,0.00000000,0.70799096,65838.89108238,191406.89712783,8454.03241369,877.36190476,23744.46589406,65838.89108238,43252.28547403,14642.81366934,29285.62733868,14642.81366934,7.44444444,1.28571429,2.31428571,7449.06000000,1157.86028571,1.50000000,0.80000000,80000.00000000,9.81000000,102.00000000,51.00000000,7449.06000000,1157.86028571,8.94444444
1738.00000000,798.00000000,0.00000000,0.70795650,65533.84848065,192430.61100197,8696.04072900,906.99047619,21982.01567362,65533.84848065,44666.80937846,15061.98436731,30123.96873462,15061.98436731,7.77777778,1.57142857,2.22857143,7782.60000000,1114.97657143,1.50000000,0.80000000,80000.00000000,9.81000000,102.00000000,51.00000000,7782.60000000,1114.97657143,9.27777778
1739.00000000,655.00000000,0.00000000,0.70789899,65364.24318906,193799.44556427,8948.76554112,868.61904762,20145.31938529,65364.24318906,46291.01666092,15499.71658225,30999.43316450,15499.71658225,7.44444444,1.71428571,2.14285714,7449.06000000,1072.09285714,1.50000000,0.80000000,80000.00000000,9.81000000,102.00000000,51.00000000,7449.06000000,1072.09285714,8.94444444
1740.00000000,1069.00000000,0.00000000,0.70610707,66165.30703933,190520.48393892,8225.67178907,927.06666667,25412.36213975,66165.30703933,41953.68889958,14247.28146506,28494.56293013,14247.28146506,7.88888889,1.14285714,2.40000000,7893.78000000,1200.74400000,1.50000000,0.80000000,80000.00000000,9.81000000,102.00000000,51.00000000,7893.78000000,1200.74400000,9.38888889
1741.00000000,114.00000000,0.00000000,0.70558197,64208.22124563,199966.46728365,10197.37216767,839.80000000,11151.64920760,64208.22124563,53957.13003802,17662.36669810,35324.73339620,17662.36669810,7.33333333,2.57142857,1.80000000,7337.88000000,900.55800000,1.50000000,0.80000000,80000.00000000,9.81000000,102.00000000,51.00000000,7337.88000000,900.55800000,8.83333333
1742.00000000,1052.00000000,1.00000000,0.70549061,66433.15724769,190955.74052749,8211.17397127,847.73333333,25512.80596788,66433.15724769,42121.09527981,14222.17050803,28444.34101606,14222.17050803,7.11111111,1.00000000,2.40000000,7115.52000000,1200.74400000,1.50000000,0.80000000,80000.00000000,9.81000000,102.00000000,51.00000000,7115.52000000,1200.74400000,8.61111111
1743.00000000,926.00000000,0.00000000,0.70439538,66288.67083272,192148.20079043,8431.19015101,888.69523810,23902.72173215,66288.67083272,43543.80938628,14603.24970982,29206.49941964,14603.24970982,7.55555556,1.28571429,2.31428571,7560.24000000,1157.86028571,1.50000000,0.80000000,80000.00000000,9.81000000,102.00000000,51.00000000,7560.24000000,1157.86028571,9.05555556
1744.00000000,783.00000000,0.00000000,0.70404456,66174.34666175,193502.21372803,8665.81736095,850.32380952,22191.40930975,66174.34666175,45097.91392343,15009.63595828,30019.27191656,15009.63595828,7.22222222,1.42857143,2.22857143,7226.70000000,1114.97657143,1.50000000,0.80000000,80000.00000000,9.81000000,102.00000000,51.00000000,7226.70000000,1114.97657143,8.72222222
1745.00000000,128.00000000,0.00000000,0.70379791,64362.80140121,200249.86423555,10193.65354707,885.13333333,11177.41256687,64362.80140121,54085.94683434,17655.92585828,35311.85171657,17655.92585828,7.77777778,2.71428571,1.80000000,7782.60000000,900.55800000,1.50000000,0.80000000,80000.00000000,9.81000000,102.00000000,51.00000000,7782.60000000,900.55800000,9.27777778
1746.00000000,799.00000000,0.00000000,0.70364099,66073.37049664,193333.27283640,8670.58215169,918.32380952,22158.39787115,66073.37049664,45029.94919691,15017.88881793,30035.77763585,15017.88881793,7.88888889,1.57142857,2.22857143,7893.78000000,1114.97657143,1.50000000,0.80000000,80000.00000000,9.81000000,102.00000000,51.00000000,7893.78000000,1114.97657143,9.38888889
1747.00000000,385.00000000,0.00000000,0.70345587,65315.38913898,197477.69444660,9506.15744819,859.87619048,16112.06011709,65315.38913898,50189.65445047,16465.14768501,32930.29537003,16465.14768501,7.44444444,2.14285714,1.97142857,7449.06000000,986.32542857,1.50000000,0.80000000,80000.00000000,9.81000000,102.00000000,51.00000000,7449.06000000,986.32542857,8.94444444
1748.00000000,1070.00000000,0.00000000,0.70341473,66485.80487293,191041.29291852,8208.32433496,938.40000000,25532.54882735,66485.80487293,42154.00004558,14217.23479316,28434.46958632,14217.23479316,8.00000000,1.14285714,2.40000000,8004.96000000,1200.74400000,1.50000000,0.80000000,80000.00000000,9.81000000,102.00000000,51.00000000,8004.96000000,1200.74400000,9.50000000
1749.00000000,513.00000000,0.00000000,0.70314752,65733.08384502,196236.48033916,9200.23581695,841.58095238,18317.31477946,65733.08384502,48444.97820842,15935.27587656,31870.55175313,15935.27587656,7.22222222,1.85714286,2.05714286,7226.70000000,1029.20914286,1.50000000,0.80000000,80000.00000000,9.81000000,102.00000000,51.00000000,7226.70000000,1029.20914286,8.72222222
1750.00000000,528.00000000,0.00000000,0.70263021,65689.64540459,196161.36803591,9201.93388746,898.24761905,18305.55020184,65689.64540459,48413.30434561,15938.21702097,31876.43404194,15938.21702097,7.77777778,2.00000000,2.05714286,7782.60000000,1029.20914286,1.50000000,0.80000000,80000.00000000,9.81000000,102.00000000,51.00000000,7782.60000000,1029.20914286,9.27777778
1751.00000000,1053.00000000,1.00000000,0.70252432,66806.01372854,191561.63230887,8190.99252225,859.06666667,25652.62714820,66806.01372854,42354.13058034,14187.21521295,28374.43042590,14187.21521295,7.22222222,1.00000000,2.40000000,7226.70000000,1200.74400000,1.50000000,0.80000000,80000.00000000,9.81000000,102.00000000,51.00000000,7226.70000000,1200.74400000,8.72222222
1752.00000000,656.00000000,0.00000000,0.70219053,66095.48293179,195042.55312690,8917.10193145,879.95238095,20364.69130811,66095.48293179,46802.88448082,15444.87360154,30889.74720309,15444.87360154,7.55555556,1.71428571,2.14285714,7560.24000000,1072.09285714,1.50000000,0.80000000,80000.00000000,9.81000000,102.00000000,51.00000000,7560.24000000,1072.09285714,9.05555556
1753.00000000,927.00000000,0.00000000,0.70091214,66721.31299324,192861.25916610,8409.21822837,900.02857143,24054.94767751,66721.31299324,43824.22560144,14565.19322348,29130.38644696,14565.19322348,7.66666667,1.28571429,2.31428571,7671.42000000,1157.86028571,1.50000000,0.80000000,80000.00000000,9.81000000,102.00000000,51.00000000,7671.42000000,1157.86028571,9.16666667
1754.00000000,641.00000000,1.00000000,0.70006770,66466.71848306,195673.65356406,8901.02696054,823.28571429,20476.06197349,66466.71848306,47062.74936672,15417.03093520,30834.06187040,15417.03093520,7.00000000,1.57142857,2.14285714,7004.34000000,1072.09285714,1.50000000,0.80000000,80000.00000000,9.81000000,102.00000000,51.00000000,7004.34000000,1072.09285714,8.50000000
1755.00000000,1054.00000000,1.00000000,0.69965138,67164.08733050,192143.50191206,8171.61122002,870.40000000,25786.90474894,67164.08733050,42577.92658156,14153.64581277,28307.29162553,14153.64581277,7.33333333,1.00000000,2.40000000,7337.88000000,1200.74400000,1.50000000,0.80000000,80000.00000000,9.81000000,102.00000000,51.00000000,7337.88000000,1200.74400000,8.83333333
1756.00000000,400.00000000,0.00000000,0.69955027,65701.18380347,198157.02852972,9492.84155043,916.54285714,16204.31536294,65701.18380347,50483.19386910,16442.08387355,32884.16774710,16442.08387355,8.00000000,2.28571429,1.97142857,8004.96000000,986.32542857,1.50000000,0.80000000,80000.00000000,9.81000000,102.00000000,51.00000000,8004.96000000,986.32542857,9.50000000
1757.00000000,784.00000000,0.00000000,0.69946166,66759.84270805,194481.79365166,8638.18939413,861.65714286,22382.82147873,66759.84270805,45491.99780075,14961.78291603,29923.56583206,14961.78291603,7.33333333,1.42857143,2.22857143,7337.88000000,1114.97657143,1.50000000,0.80000000,80000.00000000,9.81000000,102.00000000,51.00000000,7337.88000000,1114.97657143,8.83333333
1758.00000000,800.00000000,0.00000000,0.69946016,66593.00488855,194202.66114595,8646.06201730,929.65714286,22328.27834543,66593.00488855,45379.70311454,14975.41869936,29950.83739871,14975.41869936,8.00000000,1.57142857,2.22857143,8004.96000000,1114.97657143,1.50000000,0.80000000,80000.00000000,9.81000000,102.00000000,51.00000000,8004.96000000,1114.97657143,9.50000000
1759.00000000,257.00000000,0.00000000,0.69917664,65448.83854906,199869.01895335,9818.98161469,878.17142857,13858.98328763,65448.83854906,52533.29697571,17006.97503523,34013.95007047,17006.97503523,7.66666667,2.42857143,1.88571429,7671.42000000,943.44171429,1.50000000,0.80000000,80000.00000000,9.81000000,102.00000000,51.00000000,7671.42000000,943.44171429,9.16666667
1760.00000000,911.00000000,1.00000000,0.69883556,67123.47214194,193524.07702229,8388.79439892,832.02857143,24196.44811872,67123.47214194,44084.88430893,14529.81811318,29059.63622635,14529.81811318,7.00000000,1.14285714,2.31428571,7004.34000000,1157.86028571,1.50000000,0.80000000,80000.00000000,9.81000000,102.00000000,51.00000000,7004.34000000,1157.86028571,8.50000000
1761.00000000,371.00000000,1.00000000,0.69842543,66040.40485509,198754.35255539,9481.13316445,814.54285714,16285.43344050,66040.40485509,50741.29684316,16421.80435416,32843.60870832,16421.80435416,7.00000000,2.00000000,1.97142857,7004.34000000,986.32542857,1.50000000,0.80000000,80000.00000000,9.81000000,102.00000000,51.00000000,7004.34000000,986.32542857,8.50000000
1762.00000000,928.00000000,0.00000000,0.69753716,67137.53233928,193547.25031050,8388.08034561,911.36190476,24201.39522520,67137.53233928,44093.99739980,14528.58133656,29057.16267312,14528.58133656,7.77777778,1.28571429,2.31428571,7782.60000000,1157.86028571,1.50000000,0.80000000,80000.00000000,9.81000000,102.00000000,51.00000000,7782.60000000,1157.86028571,9.27777778
1763.00000000,1055.00000000,1.00000000,0.69686820,67507.99831422,192702.35726061,8152.99649198,881.73333333,25915.87136783,67507.99831422,42792.87094639,14121.40415804,28242.80831608,14121.40415804,7.44444444,1.00000000,2.40000000,7449.06000000,1200.74400000,1.50000000,0.80000000,80000.00000000,9.81000000,102.00000000,51.00000000,7449.06000000,1200.74400000,8.94444444
1764.00000000,657.00000000,0.00000000,0.69666732,66799.39241594,196239.19924996,8886.62175669,891.28571429,20575.86415335,66799.39241594,47295.62111973,15392.08039023,30784.16078047,15392.08039023,7.66666667,1.71428571,2.14285714,7671.42000000,1072.09285714,1.50000000,0.80000000,80000.00000000,9.81000000,102.00000000,51.00000000,7671.42000000,1072.09285714,9.16666667
1765.00000000,243.00000000,0.00000000,0.69646347,65883.39599588,200649.24709650,9806.15191736,832.83809524,13947.87003812,65883.39599588,52878.96767205,16984.75334761,33969.50669523,16984.75334761,7.22222222,2.28571429,1.88571429,7226.70000000,943.44171429,1.50000000,0.80000000,80000.00000000,9.81000000,102.00000000,51.00000000,7226.70000000,943.44171429,8.72222222
1766.00000000,529.00000000,0.00000000,0.69572905,66573.28282278,197689.32440487,9167.39124206,909.58095238,18544.86866926,66573.28282278,49057.62329637,15878.38740411,31756.77480822,15878.38740411,7.88888889,2.00000000,2.05714286,7893.78000000,1029.20914286,1.50000000,0.80000000,80000.00000000,9.81000000,102.00000000,51.00000000,7893.78000000,1029.20914286,9.38888889
1767.00000000,514.00000000,0.00000000,0.69568348,66700.99516700,197910.16033341,9162.39878460,852.91428571,18579.45742916,66700.99516700,49150.74688070,15869.74021414,31739.48042828,15869.74021414,7.33333333,1.85714286,2.05714286,7337.88000000,1029.20914286,1.50000000,0.80000000,80000.00000000,9.81000000,102.00000000,51.00000000,7337.88000000,1029.20914286,8.83333333
1768.00000000,912.00000000,0.00000000,0.69517253,67591.10807763,194294.81032371,8365.04530200,843.36190476,24360.98668869,67591.10807763,44387.98167465,14488.68347068,28977.36694137,14488.68347068,7.11111111,1.14285714,2.31428571,7115.52000000,1157.86028571,1.50000000,0.80000000,80000.00000000,9.81000000,102.00000000,51.00000000,7115.52000000,1157.86028571,8.61111111
1769.00000000,785.00000000,0.00000000,0.69502791,67322.99977939,195423.99875179,8611.61554281,872.99047619,22566.93052129,67322.99977939,45871.04582954,14915.75565539,29831.51131079,14915.75565539,7.44444444,1.42857143,2.22857143,7449.06000000,1114.97657143,1.50000000,0.80000000,80000.00000000,9.81000000,102.00000000,51.00000000,7449.06000000,1114.97657143,8.94444444
1770.00000000,929.00000000,0.00000000,0.69426651,67538.00444205,194207.28766508,8367.74219352,922.69523810,24342.30207617,67538.00444205,44353.56265159,14493.35462381,28986.70924763,14493.35462381,7.88888889,1.28571429,2.31428571,7893.78000000,1157.86028571,1.50000000,0.80000000,80000.00000000,9.81000000,102.00000000,51.00000000,7893.78000000,1157.86028571,9.38888889
1771.00000000,1056.00000000,1.00000000,0.69417136,67838.33271908,193239.15066851,8135.11661783,893.06666667,26039.74676966,67838.33271908,42999.32994943,14090.43530759,28180.87061517,14090.43530759,7.55555556,1.00000000,2.40000000,7560.24000000,1200.74400000,1.50000000,0.80000000,80000.00000000,9.81000000,102.00000000,51.00000000,7560.24000000,1200.74400000,9.05555556
1772.00000000,642.00000000,0.00000000,0.69413585,67235.28185161,196980.21129060,8867.74719046,834.61904762,20706.63098406,67235.28185161,47600.74372470,15359.38868256,30718.77736512,15359.38868256,7.11111111,1.57142857,2.14285714,7115.52000000,1072.09285714,1.50000000,0.80000000,80000.00000000,9.81000000,102.00000000,51.00000000,7115.52000000,1072.09285714,8.61111111
1773.00000000,386.00000000,0.00000000,0.69396081,66549.20876497,199650.28987497,9463.57154044,871.20952381,16407.10394069,66549.20876497,51128.43025285,16391.38672911,32782.77345823,16391.38672911,7.55555556,2.14285714,1.97142857,7560.24000000,986.32542857,1.50000000,0.80000000,80000.00000000,9.81000000,102.00000000,51.00000000,7560.24000000,986.32542857,9.05555556
1774.00000000,913.00000000,0.00000000,0.69162921,68040.40097680,195035.31158345,8342.22776427,854.69523810,24519.07122729,68040.40097680,44679.19003522,14449.16233604,28898.32467207,14449.16233604,7.22222222,1.14285714,2.31428571,7226.70000000,1157.86028571,1.50000000,0.80000000,80000.00000000,9.81000000,102.00000000,51.00000000,7226.70000000,1157.86028571,8.72222222
1775.00000000,1057.00000000,1.00000000,0.69155761,68155.64469116,193754.78262313,8117.94160354,904.40000000,26158.73875918,68155.64469116,43197.64993197,14060.68731020,28121.37462041,14060.68731020,7.66666667,1.00000000,2.40000000,7671.42000000,1200.74400000,1.50000000,0.80000000,80000.00000000,9.81000000,102.00000000,51.00000000,7671.42000000,1200.74400000,9.16666667
1776.00000000,658.00000000,0.00000000,0.69132310,67477.17612302,197391.43155199,8857.27286126,902.61904762,20779.19926548,67477.17612302,47770.06971469,15341.24661220,30682.49322440,15341.24661220,7.77777778,1.71428571,2.14285714,7782.60000000,1072.09285714,1.50000000,0.80000000,80000.00000000,9.81000000,102.00000000,51.00000000,7782.60000000,1072.09285714,9.27777778
1777.00000000,930.00000000,0.00000000,0.69109643,67923.36832013,194842.42442709,8348.17131928,934.02857143,24477.89307031,67923.36832013,44603.33553553,14459.45687528,28918.91375056,14459.45687528,8.00000000,1.28571429,2.31428571,8004.96000000,1157.86028571,1.50000000,0.80000000,80000.00000000,9.81000000,102.00000000,51.00000000,8004.96000000,1157.86028571,9.50000000
1778.00000000,786.00000000,0.00000000,0.69073795,67864.79418892,196330.46247543,8586.04973743,884.32380952,22744.05561671,67864.79418892,46235.71514364,14871.47438154,29742.94876307,14871.47438154,7.55555556,1.42857143,2.22857143,7560.24000000,1114.97657143,1.50000000,0.80000000,80000.00000000,9.81000000,102.00000000,51.00000000,7560.24000000,1114.97657143,9.05555556
1779.00000000,530.00000000,0.00000000,0.68905111,67424.65675052,199161.49182158,9134.10982246,920.91428571,18775.44910803,67424.65675052,49678.41678535,15820.74229442,31641.48458884,15820.74229442,8.00000000,2.00000000,2.05714286,8004.96000000,1029.20914286,1.50000000,0.80000000,80000.00000000,9.81000000,102.00000000,51.00000000,8004.96000000,1029.20914286,9.50000000
1780.00000000,1058.00000000,1.00000000,0.68902379,68460.45862371,194250.10526353,8101.44306547,915.73333333,26273.04398389,68460.45862371,43388.15863982,14032.11100403,28064.22200805,14032.11100403,7.77777778,1.00000000,2.40000000,7782.60000000,1200.74400000,1.50000000,0.80000000,80000.00000000,9.81000000,102.00000000,51.00000000,7782.60000000,1200.74400000,9.27777778
1781.00000000,101.00000000,1.00000000,0.68895247,66448.21667294,204073.12556706,10143.48625255,805.80000000,11524.98177882,66448.21667294,55823.79289412,17569.03355529,35138.06711059,17569.03355529,7.00000000,2.42857143,1.80000000,7004.34000000,900.55800000,1.50000000,0.80000000,80000.00000000,9.81000000,102.00000000,51.00000000,7004.34000000,900.55800000,8.50000000
1782.00000000,515.00000000,0.00000000,0.68846808,67632.12186659,199520.23358479,9125.99971555,864.24761905,18831.63757696,67632.12186659,49829.69343248,15806.69517719,31613.39035438,15806.69517719,7.44444444,1.85714286,2.05714286,7449.06000000,1029.20914286,1.50000000,0.80000000,80000.00000000,9.81000000,102.00000000,51.00000000,7449.06000000,1029.20914286,8.94444444
1783.00000000,372.00000000,0.00000000,0.68841043,67349.58013571,201059.63946257,9435.94631822,825.87619048,16598.49709456,67349.58013571,51737.40846972,16343.53844064,32687.07688129,16343.53844064,7.11111111,2.00000000,1.97142857,7115.52000000,986.32542857,1.50000000,0.80000000,80000.00000000,9.81000000,102.00000000,51.00000000,7115.52000000,986.32542857,8.61111111
1784.00000000,643.00000000,0.00000000,0.68840319,67974.20240738,198236.37623540,8835.75099183,845.95238095,20928.30715078,67974.20240738,48117.98811374,15303.96964088,30607.93928175,15303.96964088,7.22222222,1.57142857,2.14285714,7226.70000000,1072.09285714,1.50000000,0.80000000,80000.00000000,9.81000000,102.00000000,51.00000000,7226.70000000,1072.09285714,8.72222222
1785.00000000,914.00000000,0.00000000,0.68820108,68472.14589365,195746.89116863,8320.30140856,866.02857143,24670.98147581,68472.14589365,44959.02470355,14411.18477391,28822.36954781,14411.18477391,7.33333333,1.14285714,2.31428571,7337.88000000,1157.86028571,1.50000000,0.80000000,80000.00000000,9.81000000,102.00000000,51.00000000,7337.88000000,1157.86028571,8.83333333
1786.00000000,115.00000000,0.00000000,0.68709862,66640.97807073,204426.52146301,10138.84913401,851.13333333,11557.10867846,66640.97807073,55984.42739228,17561.00183039,35122.00366077,17561.00183039,7.44444444,2.57142857,1.80000000,7449.06000000,900.55800000,1.50000000,0.80000000,80000.00000000,9.81000000,102.00000000,51.00000000,7449.06000000,900.55800000,8.94444444
1787.00000000,258.00000000,0.00000000,0.68681295,67058.90013356,202759.81134370,9771.44681127,889.50476190,14188.31406628,67058.90013356,53814.02778157,16924.64234057,33849.28468115,16924.64234057,7.77777778,2.42857143,1.88571429,7782.60000000,943.44171429,1.50000000,0.80000000,80000.00000000,9.81000000,102.00000000,51.00000000,7782.60000000,943.44171429,9.27777778
1788.00000000,787.00000000,0.00000000,0.68658662,68386.14617439,197202.72445110,8561.44855447,895.65714286,22914.49761196,68386.14617439,46586.62513386,14828.86388273,29657.72776545,14828.86388273,7.66666667,1.42857143,2.22857143,7671.42000000,1114.97657143,1.50000000,0.80000000,80000.00000000,9.81000000,102.00000000,51.00000000,7671.42000000,1114.97657143,9.16666667
1789.00000000,1059.00000000,1.00000000,0.68656691,68753.27112759,194725.92558234,8085.59412379,927.06666667,26382.84867285,68753.27112759,43571.16645475,14004.65983179,28009.31966358,14004.65983179,7.88888889,1.00000000,2.40000000,7893.78000000,1200.74400000,1.50000000,0.80000000,80000.00000000,9.81000000,102.00000000,51.00000000,7893.78000000,1200.74400000,9.38888889
1790.00000000,129.00000000,0.00000000,0.68644838,66638.64340880,204422.24124946,10138.90529725,896.46666667,11556.71956813,66638.64340880,55982.48184067,17561.09910797,35122.19821593,17561.09910797,7.88888889,2.71428571,1.80000000,7893.78000000,900.55800000,1.50000000,0.80000000,80000.00000000,9.81000000,102.00000000,51.00000000,7893.78000000,900.55800000,9.38888889
1791.00000000,659.00000000,0.00000000,0.68615174,68129.96878170,198501.17907175,8829.00610997,913.95238095,20975.03706308,68129.96878170,48227.02457576,15292.28716280,30584.57432560,15292.28716280,7.88888889,1.71428571,2.14285714,7893.78000000,1072.09285714,1.50000000,0.80000000,80000.00000000,9.81000000,102.00000000,51.00000000,7893.78000000,1072.09285714,9.38888889
1792.00000000,771.00000000,1.00000000,0.68591248,68593.30442573,197549.31614084,8551.67331972,827.65714286,22982.22242489,68593.30442573,46726.05857226,14811.93267949,29623.86535898,14811.93267949,7.00000000,1.28571429,2.22857143,7004.34000000,1114.97657143,1.50000000,0.80000000,80000.00000000,9.81000000,102.00000000,51.00000000,7004.34000000,1114.97657143,8.50000000
1793.00000000,915.00000000,0.00000000,0.68488382,68887.09258938,196430.78479679,8299.22815789,877.36190476,24816.98123912,68887.09258938,45227.97163598,14374.68483308,28749.36966615,14374.68483308,7.44444444,1.14285714,2.31428571,7449.06000000,1157.86028571,1.50000000,0.80000000,80000.00000000,9.81000000,102.00000000,51.00000000,7449.06000000,1157.86028571,8.94444444
1794.00000000,387.00000000,0.00000000,0.68477849,67736.63739304,201741.19680699,9422.58684143,882.54285714,16691.05426479,67736.63739304,52031.90855681,16320.39914809,32640.79829617,16320.39914809,7.66666667,2.14285714,1.97142857,7671.42000000,986.32542857,1.50000000,0.80000000,80000.00000000,9.81000000,102.00000000,51.00000000,7671.42000000,986.32542857,9.16666667
1795.00000000,1060.00000000,1.00000000,0.68418410,69034.55284706,195183.00837647,8070.36930412,938.40000000,26488.32931765,69034.55284706,43746.96752941,13978.28967059,27956.57934118,13978.28967059,8.00000000,1.00000000,2.40000000,8004.96000000,1200.74400000,1.50000000,0.80000000,80000.00000000,9.81000000,102.00000000,51.00000000,8004.96000000,1200.74400000,9.50000000
1796.00000000,244.00000000,0.00000000,0.68335448,67597.13897346,203726.19471534,9755.55606665,844.17142857,14298.40837444,67597.13897346,54242.17231330,16897.11876353,33794.23752706,16897.11876353,7.33333333,2.28571429,1.88571429,7337.88000000,943.44171429,1.50000000,0.80000000,80000.00000000,9.81000000,102.00000000,51.00000000,7337.88000000,943.44171429,8.83333333
1797.00000000,644.00000000,0.00000000,0.68286272,68684.84080406,199444.46150976,8804.97944661,857.28571429,21141.49866979,68684.84080406,48615.43499141,15250.67176112,30501.34352225,15250.67176112,7.33333333,1.57142857,2.14285714,7337.88000000,1072.09285714,1.50000000,0.80000000,80000.00000000,9.81000000,102.00000000,51.00000000,7337.88000000,1072.09285714,8.83333333
1798.00000000,788.00000000,0.00000000,0.68256893,68887.92386703,198042.23712919,8537.77102918,906.99047619,23078.54031917,68887.92386703,46924.36011930,14787.85320592,29575.70641184,14787.85320592,7.77777778,1.42857143,2.22857143,7782.60000000,1114.97657143,1.50000000,0.80000000,80000.00000000,9.81000000,102.00000000,51.00000000,7782.60000000,1114.97657143,9.27777778
1799.00000000,916.00000000,0.00000000,0.68167328,69285.94871224,197088.15877705,8278.97207406,888.69523810,24957.31950457,69285.94871224,45486.48949338,14339.60026671,28679.20053343,14339.60026671,7.55555556,1.14285714,2.31428571,7560.24000000,1157.86028571,1.50000000,0.80000000,80000.00000000,9.81000000,102.00000000,51.00000000,7560.24000000,1157.86028571,9.05555556
1800.00000000,772.00000000,0.00000000,0.68150270,69158.76991057,198495.38339433,8524.99054064,838.99047619,23167.08614109,69158.76991057,47106.66034091,14765.71675044,29531.43350088,14765.71675044,7.11111111,1.28571429,2.22857143,7115.52000000,1114.97657143,1.50000000,0.80000000,80000.00000000,9.81000000,102.00000000,51.00000000,7115.52000000,1114.97657143,8.61111111
1801.00000000,516.00000000,0.00000000,0.68149329,68528.16731111,201069.64549926,9090.97202273,875.58095238,19074.31655152,68528.16731111,50483.05990244,15746.02543355,31492.05086710,15746.02543355,7.55555556,1.85714286,2.05714286,7560.24000000,1029.20914286,1.50000000,0.80000000,80000.00000000,9.81000000,102.00000000,51.00000000,7560.24000000,1029.20914286,9.05555556
1802.00000000,660.00000000,0.00000000,0.68114729,68758.84034513,199570.26072958,8801.77517249,925.28571429,21163.69853211,68758.84034513,48667.23467016,15245.12179554,30490.24359109,15245.12179554,8.00000000,1.71428571,2.14285714,8004.96000000,1072.09285714,1.50000000,0.80000000,80000.00000000,9.81000000,102.00000000,51.00000000,8004.96000000,1072.09285714,9.50000000
1803.00000000,501.00000000,1.00000000,0.68099314,68677.53091628,201327.92006654,9085.13318663,818.91428571,19114.76919459,68677.53091628,50591.97086455,15735.91227278,31471.82454556,15735.91227278,7.00000000,1.71428571,2.05714286,7004.34000000,1029.20914286,1.50000000,0.80000000,80000.00000000,9.81000000,102.00000000,51.00000000,7004.34000000,1029.20914286,8.50000000
1804.00000000,373.00000000,0.00000000,0.67873474,68607.79202613,203275.18648701,9392.51849914,837.20952381,16899.37385097,68607.79202613,52694.74360374,16268.31925154,32536.63850309,16268.31925154,7.22222222,2.00000000,1.97142857,7226.70000000,986.32542857,1.50000000,0.80000000,80000.00000000,9.81000000,102.00000000,51.00000000,7226.70000000,986.32542857,8.72222222
1805.00000000,789.00000000,0.00000000,0.67868007,69370.94692818,198850.37186611,8514.97848396,918.32380952,23236.45170454,69370.94692818,47249.47179507,14748.37535958,29496.75071916,14748.37535958,7.88888889,1.42857143,2.22857143,7893.78000000,1114.97657143,1.50000000,0.80000000,80000.00000000,9.81000000,102.00000000,51.00000000,7893.78000000,1114.97657143,9.38888889
1806.00000000,917.00000000,0.00000000,0.67856547,69669.38271331,197720.11481585,8259.49920947,900.02857143,25092.23146791,69669.38271331,45735.01153111,14305.87227588,28611.74455176,14305.87227588,7.66666667,1.14285714,2.31428571,7671.42000000,1157.86028571,1.50000000,0.80000000,80000.00000000,9.81000000,102.00000000,51.00000000,7671.42000000,1157.86028571,9.16666667
1807.00000000,645.00000000,0.00000000,0.67750760,69368.47567533,200606.64079092,8775.37718834,868.61904762,21346.58913117,69368.47567533,49093.97940130,15199.39914578,30398.79829156,15199.39914578,7.44444444,1.57142857,2.14285714,7449.06000000,1072.09285714,1.50000000,0.80000000,80000.00000000,9.81000000,102.00000000,51.00000000,7449.06000000,1072.09285714,8.94444444
1808.00000000,773.00000000,0.00000000,0.67724103,69702.25657623,199404.67839265,8499.34488230,850.32380952,23344.76447410,69702.25657623,47472.46867356,14721.29716719,29442.59433438,14721.29716719,7.22222222,1.28571429,2.22857143,7226.70000000,1114.97657143,1.50000000,0.80000000,80000.00000000,9.81000000,102.00000000,51.00000000,7226.70000000,1114.97657143,8.72222222
1809.00000000,388.00000000,0.00000000,0.67590011,68879.84234454,203754.23161291,9383.12854496,893.87619048,16964.42936189,68879.84234454,52901.73841122,16252.05537381,32504.11074762,16252.05537381,7.77777778,2.14285714,1.97142857,7782.60000000,986.32542857,1.50000000,0.80000000,80000.00000000,9.81000000,102.00000000,51.00000000,7782.60000000,986.32542857,9.27777778
1810.00000000,918.00000000,0.00000000,0.67555660,70038.02652344,198327.69442884,8240.77747124,911.36190476,25221.93947518,70038.02652344,45973.94733397,14273.44527406,28546.89054813,14273.44527406,7.77777778,1.14285714,2.31428571,7782.60000000,1157.86028571,1.50000000,0.80000000,80000.00000000,9.81000000,102.00000000,51.00000000,7782.60000000,1157.86028571,9.27777778
1811.00000000,901.00000000,1.00000000,0.67492116,70269.77862058,198709.65621857,8229.00783894,832.02857143,25303.48187973,70269.77862058,46124.15702657,14253.05967293,28506.11934585,14253.05967293,7.00000000,1.00000000,2.31428571,7004.34000000,1157.86028571,1.50000000,0.80000000,80000.00000000,9.81000000,102.00000000,51.00000000,7004.34000000,1157.86028571,8.50000000
1812.00000000,790.00000000,0.00000000,0.67491544,69835.98988539,199628.42450605,8493.03437098,929.65714286,23388.48497901,69835.98988539,47562.48147780,14710.36704096,29420.73408192,14710.36704096,8.00000000,1.42857143,2.22857143,8004.96000000,1114.97657143,1.50000000,0.80000000,80000.00000000,9.81000000,102.00000000,51.00000000,8004.96000000,1114.97657143,9.50000000
1813.00000000,259.00000000,0.00000000,0.67484976,68608.88032958,205542.73033200,9725.68582632,900.83809524,14505.35547001,68608.88032958,55046.96657385,16845.38198964,33690.76397928,16845.38198964,7.88888889,2.42857143,1.88571429,7893.78000000,943.44171429,1.50000000,0.80000000,80000.00000000,9.81000000,102.00000000,51.00000000,7893.78000000,943.44171429,9.38888889
1814.00000000,517.00000000,0.00000000,0.67475110,69390.73129719,202561.16239187,9057.25316781,886.91428571,19307.92763108,69390.73129719,51112.01280896,15687.62266366,31375.24532732,15687.62266366,7.66666667,1.85714286,2.05714286,7671.42000000,1029.20914286,1.50000000,0.80000000,80000.00000000,9.81000000,102.00000000,51.00000000,7671.42000000,1029.20914286,9.16666667
1815.00000000,502.00000000,0.00000000,0.67369698,69622.37107112,202961.70616761,9048.19803908,830.24761905,19370.66340319,69622.37107112,51280.91681078,15671.93872063,31343.87744126,15671.93872063,7.11111111,1.71428571,2.05714286,7115.52000000,1029.20914286,1.50000000,0.80000000,80000.00000000,9.81000000,102.00000000,51.00000000,7115.52000000,1029.20914286,8.61111111
1816.00000000,774.00000000,0.00000000,0.67312192,70224.73509611,200278.82514706,8474.69054124,861.65714286,23515.57475944,70224.73509611,47824.13690809,14678.59459585,29357.18919171,14678.59459585,7.33333333,1.28571429,2.22857143,7337.88000000,1114.97657143,1.50000000,0.80000000,80000.00000000,9.81000000,102.00000000,51.00000000,7337.88000000,1114.97657143,8.83333333
1817.00000000,919.00000000,0.00000000,0.67264300,70392.47801367,198911.88299608,8222.77649623,922.69523810,25346.65388841,70392.47801367,46203.68441098,14242.26667075,28484.53334151,14242.26667075,7.88888889,1.14285714,2.31428571,7893.78000000,1157.86028571,1.50000000,0.80000000,80000.00000000,9.81000000,102.00000000,51.00000000,7893.78000000,1157.86028571,9.38888889
1818.00000000,646.00000000,0.00000000,0.67233120,70026.30972327,201724.95867242,8746.89213849,879.95238095,21543.93934555,70026.30972327,49554.46323486,15150.06159218,30300.12318437,15150.06159218,7.55555556,1.57142857,2.14285714,7560.24000000,1072.09285714,1.50000000,0.80000000,80000.00000000,9.81000000,102.00000000,51.00000000,7560.24000000,1072.09285714,9.05555556
1819.00000000,902.00000000,1.00000000,0.67166382,70682.70575800,199390.22131543,8208.03715243,843.36190476,25448.77105771,70682.70575800,46391.79498601,14216.73737843,28433.47475686,14216.73737843,7.11111111,1.00000000,2.31428571,7115.52000000,1157.86028571,1.50000000,0.80000000,80000.00000000,9.81000000,102.00000000,51.00000000,7115.52000000,1157.86028571,8.61111111
1820.00000000,245.00000000,0.00000000,0.67068094,69244.61918977,206684.17055825,9706.91653076,855.50476190,14635.39296414,69244.61918977,55552.66793991,16812.87261611,33625.74523222,16812.87261611,7.44444444,2.28571429,1.88571429,7449.06000000,943.44171429,1.50000000,0.80000000,80000.00000000,9.81000000,102.00000000,51.00000000,7449.06000000,943.44171429,8.94444444
1821.00000000,102.00000000,0.00000000,0.66986390,68951.63278922,208662.72178023,10083.26342052,817.13333333,11942.21779820,68951.63278922,57909.97299101,17464.72455045,34929.44910090,17464.72455045,7.11111111,2.42857143,1.80000000,7115.52000000,900.55800000,1.50000000,0.80000000,80000.00000000,9.81000000,102.00000000,51.00000000,7115.52000000,900.55800000,8.61111111
1822.00000000,920.00000000,0.00000000,0.66982118,70733.30325946,199473.61349376,8205.46753604,934.02857143,25466.57388230,70733.30325946,46424.58966288,14212.28667228,28424.57334457,14212.28667228,8.00000000,1.14285714,2.31428571,8004.96000000,1157.86028571,1.50000000,0.80000000,80000.00000000,9.81000000,102.00000000,51.00000000,8004.96000000,1157.86028571,9.50000000
1823.00000000,130.00000000,0.00000000,0.66963369,68829.03197053,208437.95361263,10086.21273784,907.80000000,11921.78432842,68829.03197053,57807.80564211,17469.83291789,34939.66583579,17469.83291789,8.00000000,2.71428571,1.80000000,8004.96000000,900.55800000,1.50000000,0.80000000,80000.00000000,9.81000000,102.00000000,51.00000000,8004.96000000,900.55800000,9.50000000
1824.00000000,374.00000000,0.00000000,0.66938850,69817.52654540,205405.37118398,9350.76390102,848.54285714,17188.65819253,69817.52654540,53615.19378144,16195.99816615,32391.99633230,16195.99816615,7.33333333,2.00000000,1.97142857,7337.88000000,986.32542857,1.50000000,0.80000000,80000.00000000,9.81000000,102.00000000,51.00000000,7337.88000000,986.32542857,8.83333333
1825.00000000,116.00000000,0.00000000,0.66919483,68978.92912950,208712.76507075,10082.60677263,862.46666667,11946.76718825,68978.92912950,57932.71994125,17463.58720294,34927.17440588,17463.58720294,7.55555556,2.57142857,1.80000000,7560.24000000,900.55800000,1.50000000,0.80000000,80000.00000000,9.81000000,102.00000000,51.00000000,7560.24000000,900.55800000,9.05555556
1826.00000000,775.00000000,0.00000000,0.66914008,70727.11981437,201119.35342569,8450.98437206,872.99047619,23679.81591734,70727.11981437,48162.28046846,14637.53430638,29275.06861276,14637.53430638,7.44444444,1.28571429,2.22857143,7449.06000000,1114.97657143,1.50000000,0.80000000,80000.00000000,9.81000000,102.00000000,51.00000000,7449.06000000,1114.97657143,8.94444444
1827.00000000,903.00000000,1.00000000,0.66851556,71079.20354955,200043.70841632,8187.90083749,854.69523810,25588.27953992,71079.20354955,46648.78429534,14181.86025788,28363.72051575,14181.86025788,7.22222222,1.00000000,2.31428571,7226.70000000,1157.86028571,1.50000000,0.80000000,80000.00000000,9.81000000,102.00000000,51.00000000,7226.70000000,1157.86028571,8.72222222
1828.00000000,631.00000000,1.00000000,0.66846857,70619.45408850,202733.30409331,8721.20823407,823.28571429,21721.88265512,70619.45408850,49969.66429052,15105.57576479,30211.15152958,15105.57576479,7.00000000,1.42857143,2.14285714,7004.34000000,1072.09285714,1.50000000,0.80000000,80000.00000000,9.81000000,102.00000000,51.00000000,7004.34000000,1072.09285714,8.50000000
1829.00000000,518.00000000,0.00000000,0.66823365,70221.31780479,203997.38489460,9024.78435807,898.24761905,19532.87814356,70221.31780479,51717.64880409,15631.38503554,31262.77007108,15631.38503554,7.77777778,1.85714286,2.05714286,7782.60000000,1029.20914286,1.50000000,0.80000000,80000.00000000,9.81000000,102.00000000,51.00000000,7782.60000000,1029.20914286,9.27777778
1830.00000000,647.00000000,0.00000000,0.66732710,70659.47527243,202801.34010599,8719.47526597,891.28571429,21733.88901030,70659.47527243,49997.67911927,15102.57417600,30205.14835199,15102.57417600,7.66666667,1.57142857,2.14285714,7671.42000000,1072.09285714,1.50000000,0.80000000,80000.00000000,9.81000000,102.00000000,51.00000000,7671.42000000,1072.09285714,9.16666667
1831.00000000,389.00000000,0.00000000,0.66731654,69980.85800550,205692.97658111,9345.12643316,905.20952381,17227.71571560,69980.85800550,53739.46771847,16186.23378539,32372.46757077,16186.23378539,7.88888889,2.14285714,1.97142857,7893.78000000,986.32542857,1.50000000,0.80000000,80000.00000000,9.81000000,102.00000000,51.00000000,7893.78000000,986.32542857,9.38888889
1832.00000000,231.00000000,1.00000000,0.66695488,69788.67477910,207660.99763909,9690.85405480,810.17142857,14746.67706196,69788.67477910,55985.43943143,16785.05159165,33570.10318331,16785.05159165,7.00000000,2.14285714,1.88571429,7004.34000000,943.44171429,1.50000000,0.80000000,80000.00000000,9.81000000,102.00000000,51.00000000,7004.34000000,943.44171429,8.50000000
1833.00000000,503.00000000,0.00000000,0.66665175,70530.74160523,204532.43021618,9012.68854095,841.58095238,19616.68042284,70530.74160523,51943.27032524,15610.43446572,31220.86893144,15610.43446572,7.22222222,1.71428571,2.05714286,7226.70000000,1029.20914286,1.50000000,0.80000000,80000.00000000,9.81000000,102.00000000,51.00000000,7226.70000000,1029.20914286,8.72222222
1834.00000000,904.00000000,1.00000000,0.66547219,71459.97111633,200671.26977638,8168.56338895,866.02857143,25722.25331342,71459.97111633,46895.57808863,14148.36681450,28296.73362901,14148.36681450,7.33333333,1.00000000,2.31428571,7337.88000000,1157.86028571,1.50000000,0.80000000,80000.00000000,9.81000000,102.00000000,51.00000000,7337.88000000,1157.86028571,8.83333333
1835.00000000,776.00000000,0.00000000,0.66529039,71210.27277358,201927.70549207,8428.18569731,884.32380952,23837.76976939,71210.27277358,48487.47957563,14598.04584337,29196.09168674,14598.04584337,7.55555556,1.28571429,2.22857143,7560.24000000,1114.97657143,1.50000000,0.80000000,80000.00000000,9.81000000,102.00000000,51.00000000,7560.24000000,1114.97657143,9.05555556
1836.00000000,260.00000000,0.00000000,0.66327827,70101.61125644,208222.86085977,9681.61504551,912.17142857,14810.68679596,70101.61125644,56234.36617476,16769.04915815,33538.09831631,16769.04915815,8.00000000,2.42857143,1.88571429,8004.96000000,943.44171429,1.50000000,0.80000000,80000.00000000,9.81000000,102.00000000,51.00000000,8004.96000000,943.44171429,9.50000000
1837.00000000,632.00000000,0.00000000,0.66310551,71308.48990003,203904.66497290,8691.37210822,834.61904762,21928.59339858,71308.48990003,50451.98935859,15053.89807893,30107.79615785,15053.89807893,7.11111111,1.42857143,2.14285714,7115.52000000,1072.09285714,1.50000000,0.80000000,80000.00000000,9.81000000,102.00000000,51.00000000,7115.52000000,1072.09285714,8.61111111
1838.00000000,905.00000000,1.00000000,0.66252971,71825.66846777,201273.99318894,8149.99128792,877.36190476,25850.92460374,71825.66846777,47132.60414975,14116.19899192,28232.39798384,14116.19899192,7.44444444,1.00000000,2.31428571,7449.06000000,1157.86028571,1.50000000,0.80000000,80000.00000000,9.81000000,102.00000000,51.00000000,7449.06000000,1157.86028571,8.94444444
1839.00000000,648.00000000,0.00000000,0.66248911,71269.03934334,203837.59902653,8693.08036744,902.61904762,21916.75823157,71269.03934334,50424.37396891,15056.85687068,30113.71374136,15056.85687068,7.77777778,1.57142857,2.14285714,7782.60000000,1072.09285714,1.50000000,0.80000000,80000.00000000,9.81000000,102.00000000,51.00000000,7782.60000000,1072.09285714,9.27777778
1840.00000000,519.00000000,0.00000000,0.66193322,71021.34206479,205380.76017750,8993.51027014,909.58095238,19749.55138064,71021.34206479,52300.99982700,15577.21672627,31154.43345254,15577.21672627,7.88888889,1.85714286,2.05714286,7893.78000000,1029.20914286,1.50000000,0.80000000,80000.00000000,9.81000000,102.00000000,51.00000000,7893.78000000,1029.20914286,9.38888889
1841.00000000,777.00000000,0.00000000,0.66156797,71675.00740162,202705.24227359,8406.25613354,895.65714286,23989.70224394,71675.00740162,48800.28172911,14560.06272473,29120.12544946,14560.06272473,7.66666667,1.28571429,2.22857143,7671.42000000,1114.97657143,1.50000000,0.80000000,80000.00000000,9.81000000,102.00000000,51.00000000,7671.42000000,1114.97657143,9.16666667
1842.00000000,375.00000000,0.00000000,0.66036148,70981.11060732,207454.29094519,9310.60220926,859.87619048,17466.90655517,70981.11060732,54500.52948073,16126.43607549,32252.87215099,16126.43607549,7.44444444,2.00000000,1.97142857,7449.06000000,986.32542857,1.50000000,0.80000000,80000.00000000,9.81000000,102.00000000,51.00000000,7449.06000000,986.32542857,8.94444444
1843.00000000,504.00000000,0.00000000,0.65984861,71404.35012627,206043.04495048,8978.53793943,852.91428571,19853.28273063,71404.35012627,52580.27653850,15551.28388877,31102.56777754,15551.28388877,7.33333333,1.71428571,2.05714286,7337.88000000,1029.20914286,1.50000000,0.80000000,80000.00000000,9.81000000,102.00000000,51.00000000,7337.88000000,1029.20914286,8.83333333
1844.00000000,906.00000000,1.00000000,0.65968430,72176.91919899,201852.90643114,8132.15286486,888.69523810,25974.51282398,72176.91919899,47360.26666072,14085.30193686,28170.60387372,14085.30193686,7.55555556,1.00000000,2.31428571,7560.24000000,1157.86028571,1.50000000,0.80000000,80000.00000000,9.81000000,102.00000000,51.00000000,7560.24000000,1157.86028571,9.05555556
1845.00000000,761.00000000,1.00000000,0.65909350,72112.30156717,203436.86905057,8385.62141060,827.65714286,24132.66379806,72112.30156717,49094.61434054,14524.32233620,29048.64467240,14524.32233620,7.00000000,1.14285714,2.22857143,7004.34000000,1114.97657143,1.50000000,0.80000000,80000.00000000,9.81000000,102.00000000,51.00000000,7004.34000000,1114.97657143,8.50000000
1846.00000000,390.00000000,0.00000000,0.65901855,71041.59586478,207560.79759420,9308.51453004,916.54285714,17481.37042108,71041.59586478,54546.55087227,16122.82010902,32245.64021803,16122.82010902,8.00000000,2.14285714,1.97142857,8004.96000000,986.32542857,1.50000000,0.80000000,80000.00000000,9.81000000,102.00000000,51.00000000,8004.96000000,986.32542857,9.50000000
1847.00000000,246.00000000,0.00000000,0.65843327,70829.09928956,209529.03255560,9660.13698469,866.83809524,14959.49116637,70829.09928956,56813.04983747,16731.84806555,33463.69613110,16731.84806555,7.55555556,2.28571429,1.88571429,7560.24000000,943.44171429,1.50000000,0.80000000,80000.00000000,9.81000000,102.00000000,51.00000000,7560.24000000,943.44171429,9.05555556
1848.00000000,778.00000000,0.00000000,0.65796814,72122.09189104,203453.24901551,8385.15943183,906.99047619,24135.86448086,72122.09189104,49101.20398161,14523.52216550,29047.04433100,14523.52216550,7.77777778,1.28571429,2.22857143,7782.60000000,1114.97657143,1.50000000,0.80000000,80000.00000000,9.81000000,102.00000000,51.00000000,7782.60000000,1114.97657143,9.27777778
1849.00000000,633.00000000,0.00000000,0.65792708,71970.88653557,205030.73925333,8662.68949253,845.95238095,22127.31238924,71970.88653557,50915.66700347,15004.21833126,30008.43666252,15004.21833126,7.22222222,1.42857143,2.14285714,7226.70000000,1072.09285714,1.50000000,0.80000000,80000.00000000,9.81000000,102.00000000,51.00000000,7226.70000000,1072.09285714,8.72222222
1850.00000000,649.00000000,0.00000000,0.65781128,71856.00829345,204835.44624172,8667.66386633,913.95238095,22092.84891661,71856.00829345,50835.25223399,15012.83419942,30025.66839884,15012.83419942,7.88888889,1.57142857,2.14285714,7893.78000000,1072.09285714,1.50000000,0.80000000,80000.00000000,9.81000000,102.00000000,51.00000000,7893.78000000,1072.09285714,9.38888889
1851.00000000,907.00000000,1.00000000,0.65693230,72514.31296796,202408.98134666,8115.01817374,900.02857143,26093.22544640,72514.31296796,47578.94780727,14055.62378126,28111.24756252,14055.62378126,7.66666667,1.00000000,2.31428571,7671.42000000,1157.86028571,1.50000000,0.80000000,80000.00000000,9.81000000,102.00000000,51.00000000,7671.42000000,1157.86028571,9.16666667
1852.00000000,520.00000000,0.00000000,0.65584232,71792.13701009,206713.59310375,8963.37879775,920.91428571,19958.30834499,71792.13701009,52863.03780795,15525.02748518,31050.05497036,15525.02748518,8.00000000,1.85714286,2.05714286,8004.96000000,1029.20914286,1.50000000,0.80000000,80000.00000000,9.81000000,102.00000000,51.00000000,8004.96000000,1029.20914286,9.50000000
1853.00000000,762.00000000,0.00000000,0.65515017,72614.59559749,204277.24560129,8361.91952074,838.99047619,24296.87530797,72614.59559749,49432.69686095,14483.26945872,28966.53891744,14483.26945872,7.11111111,1.14285714,2.22857143,7115.52000000,1114.97657143,1.50000000,0.80000000,80000.00000000,9.81000000,102.00000000,51.00000000,7115.52000000,1114.97657143,8.61111111
1854.00000000,779.00000000,0.00000000,0.65448643,72552.25230044,204172.94046969,8364.86133145,918.32380952,24276.49384547,72552.25230044,49390.73502640,14488.36482435,28976.72964869,14488.36482435,7.88888889,1.28571429,2.22857143,7893.78000000,1114.97657143,1.50000000,0.80000000,80000.00000000,9.81000000,102.00000000,51.00000000,7893.78000000,1114.97657143,9.38888889
1855.00000000,908.00000000,1.00000000,0.65427022,72838.40777315,202943.13759966,8098.55887634,911.36190476,26207.25880378,72838.40777315,47789.00925508,14027.11544191,28054.23088382,14027.11544191,7.77777778,1.00000000,2.31428571,7782.60000000,1157.86028571,1.50000000,0.80000000,80000.00000000,9.81000000,102.00000000,51.00000000,7782.60000000,1157.86028571,9.27777778
1856.00000000,232.00000000,0.00000000,0.65397232,71475.03473027,210688.78027869,9641.06664943,821.50476190,15091.61432470,71475.03473027,57326.86211986,16698.81727597,33397.63455194,16698.81727597,7.11111111,2.14285714,1.88571429,7115.52000000,943.44171429,1.50000000,0.80000000,80000.00000000,9.81000000,102.00000000,51.00000000,7115.52000000,943.44171429,8.61111111
1857.00000000,361.00000000,1.00000000,0.65341345,71947.75969608,209156.43390582,9277.23782758,814.54285714,17698.06177204,71947.75969608,55236.02335260,16068.64727127,32137.29454255,16068.64727127,7.00000000,1.85714286,1.97142857,7004.34000000,986.32542857,1.50000000,0.80000000,80000.00000000,9.81000000,102.00000000,51.00000000,7004.34000000,986.32542857,8.50000000
1858.00000000,650.00000000,0.00000000,0.65328787,72421.33206778,205796.49665809,8643.18462884,925.28571429,22262.44604891,72421.33206778,51230.97887602,14970.43491634,29940.86983269,14970.43491634,8.00000000,1.57142857,2.14285714,8004.96000000,1072.09285714,1.50000000,0.80000000,80000.00000000,9.81000000,102.00000000,51.00000000,8004.96000000,1072.09285714,9.50000000
1859.00000000,505.00000000,0.00000000,0.65327891,72244.79927370,207496.32160125,8945.68358505,864.24761905,20080.90437472,72244.79927370,53193.10404183,15494.37847775,30988.75695550,15494.37847775,7.44444444,1.71428571,2.05714286,7449.06000000,1029.20914286,1.50000000,0.80000000,80000.00000000,9.81000000,102.00000000,51.00000000,7449.06000000,1029.20914286,8.94444444
1860.00000000,634.00000000,0.00000000,0.65292638,72607.84318634,206113.56555964,8635.10846050,857.28571429,22318.39938447,72607.84318634,51361.53665901,14956.44658245,29912.89316491,14956.44658245,7.33333333,1.42857143,2.14285714,7337.88000000,1072.09285714,1.50000000,0.80000000,80000.00000000,9.81000000,102.00000000,51.00000000,7337.88000000,1072.09285714,8.83333333
1861.00000000,117.00000000,0.00000000,0.65187079,71226.86604910,212833.98275668,10028.52981490,873.80000000,12321.42334152,71226.86604910,59806.00070758,17369.92316462,34739.84632924,17369.92316462,7.66666667,2.57142857,1.80000000,7671.42000000,900.55800000,1.50000000,0.80000000,80000.00000000,9.81000000,102.00000000,51.00000000,7671.42000000,900.55800000,9.16666667
1862.00000000,909.00000000,1.00000000,0.65169473,73149.73205022,203456.24613038,8082.74813584,922.69523810,26316.79882719,73149.73205022,47990.79350874,13999.73043606,27999.46087212,13999.73043606,7.88888889,1.00000000,2.31428571,7893.78000000,1157.86028571,1.50000000,0.80000000,80000.00000000,9.81000000,102.00000000,51.00000000,7893.78000000,1157.86028571,9.38888889
1863.00000000,376.00000000,0.00000000,0.65164327,72100.72454847,209425.78505895,9271.95816842,871.20952381,17734.64032370,72100.72454847,55352.40965334,16059.50263336,32119.00526672,16059.50263336,7.55555556,2.00000000,1.97142857,7560.24000000,986.32542857,1.50000000,0.80000000,80000.00000000,9.81000000,102.00000000,51.00000000,7560.24000000,986.32542857,9.05555556
1864.00000000,103.00000000,0.00000000,0.65140485,71354.87895435,213068.67308298,10025.45030301,828.46666667,12342.75882573,71354.87895435,59912.67812863,17364.58929357,34729.17858714,17364.58929357,7.22222222,2.42857143,1.80000000,7226.70000000,900.55800000,1.50000000,0.80000000,80000.00000000,9.81000000,102.00000000,51.00000000,7226.70000000,900.55800000,8.72222222
1865.00000000,763.00000000,0.00000000,0.65134230,73097.17721645,205084.64177147,8339.14780598,850.32380952,24454.64237571,73097.17721645,49757.51141217,14443.82769179,28887.65538358,14443.82769179,7.22222222,1.14285714,2.22857143,7226.70000000,1114.97657143,1.50000000,0.80000000,80000.00000000,9.81000000,102.00000000,51.00000000,7226.70000000,1114.97657143,8.72222222
1866.00000000,780.00000000,0.00000000,0.65111853,72966.17540408,204865.46566232,8345.32942539,929.65714286,24411.81486012,72966.17540408,49669.33711538,14454.53457068,28909.06914137,14454.53457068,8.00000000,1.28571429,2.22857143,8004.96000000,1114.97657143,1.50000000,0.80000000,80000.00000000,9.81000000,102.00000000,51.00000000,8004.96000000,1114.97657143,9.50000000
1867.00000000,910.00000000,1.00000000,0.64920264,73448.78660418,203949.13233970,8067.56051863,934.02857143,26422.02172581,73448.78660418,48184.62516409,13973.42471140,27946.84942281,13973.42471140,8.00000000,1.00000000,2.31428571,8004.96000000,1157.86028571,1.50000000,0.80000000,80000.00000000,9.81000000,102.00000000,51.00000000,8004.96000000,1157.86028571,9.50000000
1868.00000000,635.00000000,0.00000000,0.64809678,73220.48813044,207155.06196460,8608.58015625,868.61904762,22502.19286770,73220.48813044,51790.38811988,14910.49821165,29820.99642329,14910.49821165,7.44444444,1.42857143,2.14285714,7449.06000000,1072.09285714,1.50000000,0.80000000,80000.00000000,9.81000000,102.00000000,51.00000000,7449.06000000,1072.09285714,8.94444444
1869.00000000,764.00000000,0.00000000,0.64766474,73560.90083197,205860.48705129,8317.26594914,861.65714286,24606.24432693,73560.90083197,50069.63307646,14405.92720398,28811.85440796,14405.92720398,7.33333333,1.14285714,2.22857143,7337.88000000,1114.97657143,1.50000000,0.80000000,80000.00000000,9.81000000,102.00000000,51.00000000,7337.88000000,1114.97657143,8.83333333
1870.00000000,506.00000000,0.00000000,0.64693426,73053.59466232,208894.86362740,8914.06662120,875.58095238,20299.95312581,73053.59466232,53782.85067937,15439.61628998,30879.23257995,15439.61628998,7.55555556,1.71428571,2.05714286,7560.24000000,1029.20914286,1.50000000,0.80000000,80000.00000000,9.81000000,102.00000000,51.00000000,7560.24000000,1029.20914286,9.05555556
1871.00000000,247.00000000,0.00000000,0.64660039,72353.63118159,212266.26027084,9615.12732512,878.17142857,15271.32723520,72353.63118159,58025.74566068,16653.88904834,33307.77809669,16653.88904834,7.66666667,2.28571429,1.88571429,7671.42000000,943.44171429,1.50000000,0.80000000,80000.00000000,9.81000000,102.00000000,51.00000000,7671.42000000,943.44171429,9.16666667
1872.00000000,491.00000000,1.00000000,0.64437133,73469.43441568,209613.91986759,8897.81085289,818.91428571,20412.57639234,73469.43441568,54086.06716619,15411.46047334,30822.92094669,15411.46047334,7.00000000,1.57142857,2.05714286,7004.34000000,1029.20914286,1.50000000,0.80000000,80000.00000000,9.81000000,102.00000000,51.00000000,7004.34000000,1029.20914286,8.50000000
1873.00000000,362.00000000,0.00000000,0.64424006,73132.06056680,211241.83326513,9236.36108469,825.87619048,17981.26415417,73132.06056680,56137.12184120,15997.84667574,31995.69335149,15997.84667574,7.11111111,1.85714286,1.97142857,7115.52000000,986.32542857,1.50000000,0.80000000,80000.00000000,9.81000000,102.00000000,51.00000000,7115.52000000,986.32542857,8.61111111
1874.00000000,765.00000000,0.00000000,0.64411254,74006.57217767,206606.12949506,8296.23592985,872.99047619,24751.94457457,74006.57217767,50369.60417453,14369.50214207,28739.00428414,14369.50214207,7.44444444,1.14285714,2.22857143,7449.06000000,1114.97657143,1.50000000,0.80000000,80000.00000000,9.81000000,102.00000000,51.00000000,7449.06000000,1114.97657143,8.94444444
1875.00000000,636.00000000,0.00000000,0.64343193,73809.88389822,208157.03476983,8583.05857086,879.95238095,22679.01159804,73809.88389822,52202.96515733,14866.29352906,29732.58705812,14866.29352906,7.55555556,1.42857143,2.14285714,7560.24000000,1072.09285714,1.50000000,0.80000000,80000.00000000,9.81000000,102.00000000,51.00000000,7560.24000000,1072.09285714,9.05555556
1876.00000000,377.00000000,0.00000000,0.64322353,73178.41349074,211323.45471816,9234.76119011,882.54285714,17992.34854903,73178.41349074,56172.39037028,15995.07557703,31990.15115406,15995.07557703,7.66666667,2.00000000,1.97142857,7671.42000000,986.32542857,1.50000000,0.80000000,80000.00000000,9.81000000,102.00000000,51.00000000,7671.42000000,986.32542857,9.16666667
1877.00000000,233.00000000,0.00000000,0.64144124,73095.25748968,213597.81659673,9593.23185161,832.83809524,15423.02352549,73095.25748968,58615.67567848,16615.96497577,33231.92995154,16615.96497577,7.22222222,2.14285714,1.88571429,7226.70000000,943.44171429,1.50000000,0.80000000,80000.00000000,9.81000000,102.00000000,51.00000000,7226.70000000,943.44171429,8.72222222
1878.00000000,507.00000000,0.00000000,0.64080652,73832.15211521,210241.11922303,8883.63170133,886.91428571,20510.81243597,73832.15211521,54350.54882210,15386.90146244,30773.80292487,15386.90146244,7.66666667,1.71428571,2.05714286,7671.42000000,1029.20914286,1.50000000,0.80000000,80000.00000000,9.81000000,102.00000000,51.00000000,7671.42000000,1029.20914286,9.16666667
1879.00000000,766.00000000,0.00000000,0.64068098,74434.95173031,207322.84143890,8276.02186326,884.32380952,24891.99173601,74434.95173031,50657.93656573,14334.49035171,28668.98070342,14334.49035171,7.55555556,1.14285714,2.22857143,7560.24000000,1114.97657143,1.50000000,0.80000000,80000.00000000,9.81000000,102.00000000,51.00000000,7560.24000000,1114.97657143,9.05555556
1880.00000000,637.00000000,0.00000000,0.63892573,74377.03199267,209121.18653040,8558.50033798,891.28571429,22849.15602637,74377.03199267,52599.96882344,14823.75742198,29647.51484396,14823.75742198,7.66666667,1.42857143,2.14285714,7671.42000000,1072.09285714,1.50000000,0.80000000,80000.00000000,9.81000000,102.00000000,51.00000000,7671.42000000,1072.09285714,9.16666667
1881.00000000,621.00000000,1.00000000,0.63797014,74607.72491749,209513.36450259,8548.51104131,823.28571429,22918.36390382,74607.72491749,52761.45387082,14806.45545262,29612.91090523,14806.45545262,7.00000000,1.28571429,2.14285714,7004.34000000,1072.09285714,1.50000000,0.80000000,80000.00000000,9.81000000,102.00000000,51.00000000,7004.34000000,1072.09285714,8.50000000
1882.00000000,492.00000000,0.00000000,0.63775238,74319.46761248,211083.76893706,8864.58184437,830.24761905,20642.79371648,74319.46761248,54705.88303886,15353.90614231,30707.81228462,15353.90614231,7.11111111,1.57142857,2.05714286,7115.52000000,1029.20914286,1.50000000,0.80000000,80000.00000000,9.81000000,102.00000000,51.00000000,7115.52000000,1029.20914286,8.61111111
1883.00000000,767.00000000,0.00000000,0.63736558,74846.75784331,208011.82474335,8256.58985223,895.65714286,25026.62065757,74846.75784331,50935.11375718,14300.83312132,28601.66624265,14300.83312132,7.66666667,1.14285714,2.22857143,7671.42000000,1114.97657143,1.50000000,0.80000000,80000.00000000,9.81000000,102.00000000,51.00000000,7671.42000000,1114.97657143,9.16666667
1884.00000000,363.00000000,0.00000000,0.63538976,74270.50073461,213246.47790845,9197.06724714,837.20952381,18253.49984647,74270.50073461,57003.32631670,15929.78775267,31859.57550533,15929.78775267,7.22222222,1.85714286,1.97142857,7226.70000000,986.32542857,1.50000000,0.80000000,80000.00000000,9.81000000,102.00000000,51.00000000,7226.70000000,986.32542857,8.72222222
1885.00000000,248.00000000,0.00000000,0.63517034,73821.07278269,214900.98496372,9571.80317608,889.50476190,15571.48574451,73821.07278269,59193.02875246,16578.84942102,33157.69884203,16578.84942102,7.77777778,2.28571429,1.88571429,7782.60000000,943.44171429,1.50000000,0.80000000,80000.00000000,9.81000000,102.00000000,51.00000000,7782.60000000,943.44171429,9.27777778
1886.00000000,118.00000000,0.00000000,0.63511997,73389.26290509,216798.37699266,9976.51063128,885.13333333,12681.82281751,73389.26290509,61607.99808757,17279.82329562,34559.64659124,17279.82329562,7.77777778,2.57142857,1.80000000,7782.60000000,900.55800000,1.50000000,0.80000000,80000.00000000,9.81000000,102.00000000,51.00000000,7782.60000000,900.55800000,9.27777778
1887.00000000,378.00000000,0.00000000,0.63509199,74216.09766308,213150.68119555,9198.94499664,893.87619048,18240.49041633,74216.09766308,56961.93267532,15933.04011020,31866.08022041,15933.04011020,7.77777778,2.00000000,1.97142857,7782.60000000,986.32542857,1.50000000,0.80000000,80000.00000000,9.81000000,102.00000000,51.00000000,7782.60000000,986.32542857,9.27777778
1888.00000000,508.00000000,0.00000000,0.63488785,74581.80425913,211537.39272189,8854.32673116,898.24761905,20713.84322494,74581.80425913,54897.17017705,15336.14376519,30672.28753039,15336.14376519,7.77777778,1.71428571,2.05714286,7782.60000000,1029.20914286,1.50000000,0.80000000,80000.00000000,9.81000000,102.00000000,51.00000000,7782.60000000,1029.20914286,9.27777778
1889.00000000,638.00000000,0.00000000,0.63457236,74922.87720882,210049.12339785,8534.86454679,902.61904762,23012.90959122,74922.87720882,52982.06047475,14782.81903077,29565.63806153,14782.81903077,7.77777778,1.42857143,2.14285714,7782.60000000,1072.09285714,1.50000000,0.80000000,80000.00000000,9.81000000,102.00000000,51.00000000,7782.60000000,1072.09285714,9.27777778
1890.00000000,768.00000000,0.00000000,0.63416203,75242.66962347,208674.21560631,8237.90785157,906.99047619,25156.05335493,75242.66962347,51201.59283998,14268.47494698,28536.94989397,14268.47494698,7.77777778,1.14285714,2.22857143,7782.60000000,1114.97657143,1.50000000,0.80000000,80000.00000000,9.81000000,102.00000000,51.00000000,7782.60000000,1114.97657143,9.27777778
1891.00000000,104.00000000,0.00000000,0.63357015,73663.16847435,217300.53720297,9969.92148735,839.80000000,12727.47374572,73663.16847435,61836.25272862,17268.41056357,34536.82112714,17268.41056357,7.33333333,2.42857143,1.80000000,7337.88000000,900.55800000,1.50000000,0.80000000,80000.00000000,9.81000000,102.00000000,51.00000000,7337.88000000,900.55800000,8.83333333
1892.00000000,751.00000000,1.00000000,0.63322940,75497.24167465,209100.13423040,8225.89528850,827.65714286,25239.27883320,75497.24167465,51372.93941289,14247.66857741,28495.33715483,14247.66857741,7.00000000,1.00000000,2.22857143,7004.34000000,1114.97657143,1.50000000,0.80000000,80000.00000000,9.81000000,102.00000000,51.00000000,7004.34000000,1114.97657143,8.50000000
1893.00000000,622.00000000,0.00000000,0.63315200,75222.82959552,210559.04245524,8521.87622745,834.61904762,23102.89530723,75222.82959552,53192.02714544,14760.32260176,29520.64520353,14760.32260176,7.11111111,1.28571429,2.14285714,7115.52000000,1072.09285714,1.50000000,0.80000000,80000.00000000,9.81000000,102.00000000,51.00000000,7115.52000000,1072.09285714,8.61111111
1894.00000000,493.00000000,0.00000000,0.63136660,75136.70604760,212496.91039779,8832.63482981,841.58095238,20864.12912599,75136.70604760,55301.78606447,15298.57228993,30597.14457986,15298.57228993,7.22222222,1.57142857,2.05714286,7226.70000000,1029.20914286,1.50000000,0.80000000,80000.00000000,9.81000000,102.00000000,51.00000000,7226.70000000,1029.20914286,8.72222222
1895.00000000,769.00000000,0.00000000,0.63106624,75623.32957510,209311.08898692,8219.94554323,918.32380952,25280.49987757,75623.32957510,51457.80626896,14237.36331632,28474.72663264,14237.36331632,7.88888889,1.14285714,2.22857143,7893.78000000,1114.97657143,1.50000000,0.80000000,80000.00000000,9.81000000,102.00000000,51.00000000,7893.78000000,1114.97657143,9.38888889
1896.00000000,639.00000000,0.00000000,0.63036623,75448.31159142,210942.36184826,8512.11257063,913.95238095,23170.53990600,75448.31159142,53349.86454256,14743.41145207,29486.82290414,14743.41145207,7.88888889,1.42857143,2.14285714,7893.78000000,1072.09285714,1.50000000,0.80000000,80000.00000000,9.81000000,102.00000000,51.00000000,7893.78000000,1072.09285714,9.38888889
1897.00000000,752.00000000,1.00000000,0.62972759,75940.69268719,209842.06188599,8204.97004068,838.99047619,25384.25320268,75940.69268719,51671.41605594,14211.42498504,28422.84997009,14211.42498504,7.11111111,1.00000000,2.22857143,7115.52000000,1114.97657143,1.50000000,0.80000000,80000.00000000,9.81000000,102.00000000,51.00000000,7115.52000000,1114.97657143,8.61111111
1898.00000000,234.00000000,0.00000000,0.62934831,74652.63814874,216394.02278005,9547.25237840,844.17142857,15741.57866029,74652.63814874,59854.50120273,16536.32619207,33072.65238414,16536.32619207,7.33333333,2.14285714,1.88571429,7337.88000000,943.44171429,1.50000000,0.80000000,80000.00000000,9.81000000,102.00000000,51.00000000,7337.88000000,943.44171429,8.83333333
1899.00000000,509.00000000,0.00000000,0.62917071,75303.80654701,212785.85501134,8826.10263326,909.58095238,20909.38551124,75303.80654701,55423.63017862,15287.25819362,30574.51638724,15287.25819362,7.88888889,1.71428571,2.05714286,7893.78000000,1029.20914286,1.50000000,0.80000000,80000.00000000,9.81000000,102.00000000,51.00000000,7893.78000000,1029.20914286,9.38888889
1900.00000000,623.00000000,0.00000000,0.62850320,75814.01609747,211564.05950856,8496.27710100,845.95238095,23280.25125781,75814.01609747,53605.85769680,14715.98361412,29431.96722824,14715.98361412,7.22222222,1.28571429,2.14285714,7226.70000000,1072.09285714,1.50000000,0.80000000,80000.00000000,9.81000000,102.00000000,51.00000000,7226.70000000,1072.09285714,8.72222222
1901.00000000,770.00000000,0.00000000,0.62807428,75989.34603324,209923.46267649,8202.67422154,929.65714286,25400.15910427,75989.34603324,51704.16350040,14207.44850965,28414.89701929,14207.44850965,8.00000000,1.14285714,2.22857143,8004.96000000,1114.97657143,1.50000000,0.80000000,80000.00000000,9.81000000,102.00000000,51.00000000,8004.96000000,1114.97657143,9.50000000
1902.00000000,379.00000000,0.00000000,0.62723866,75215.58179196,214910.64237901,9164.44729696,905.20952381,18479.49749062,75215.58179196,57722.40972991,15873.28834163,31746.57668326,15873.28834163,7.88888889,2.00000000,1.97142857,7893.78000000,986.32542857,1.50000000,0.80000000,80000.00000000,9.81000000,102.00000000,51.00000000,7893.78000000,986.32542857,9.38888889
1903.00000000,364.00000000,0.00000000,0.62685098,75365.27149589,215174.22642289,9159.28068121,848.54285714,18515.29285461,75365.27149589,57836.30406986,15864.33950063,31728.67900127,15864.33950063,7.33333333,1.85714286,1.97142857,7337.88000000,986.32542857,1.50000000,0.80000000,80000.00000000,9.81000000,102.00000000,51.00000000,7337.88000000,986.32542857,8.83333333
1904.00000000,753.00000000,1.00000000,0.62634892,76366.48928211,210554.45234286,8184.87785685,850.32380952,25523.45593563,76366.48928211,51958.00991790,14176.62430181,28353.24860361,14176.62430181,7.22222222,1.00000000,2.22857143,7226.70000000,1114.97657143,1.50000000,0.80000000,80000.00000000,9.81000000,102.00000000,51.00000000,7226.70000000,1114.97657143,8.72222222
1905.00000000,640.00000000,0.00000000,0.62630202,75954.17806574,211802.33485461,8490.20790974,925.28571429,23322.29984829,75954.17806574,53703.97107459,14705.47146650,29410.94293300,14705.47146650,8.00000000,1.42857143,2.14285714,8004.96000000,1072.09285714,1.50000000,0.80000000,80000.00000000,9.81000000,102.00000000,51.00000000,8004.96000000,1072.09285714,9.50000000
1906.00000000,494.00000000,0.00000000,0.62520520,75922.65505435,213855.94722196,8801.91096357,852.91428571,21076.99031532,75922.65505435,55874.87388190,15245.35699260,30490.71398520,15245.35699260,7.33333333,1.57142857,2.05714286,7337.88000000,1029.20914286,1.50000000,0.80000000,80000.00000000,9.81000000,102.00000000,51.00000000,7337.88000000,1029.20914286,8.83333333
1907.00000000,249.00000000,0.00000000,0.62413071,75234.10319031,217438.01683195,9530.08544099,900.83809524,15860.51469152,75234.10319031,60317.03021307,16506.59218426,33013.18436852,16506.59218426,7.88888889,2.28571429,1.88571429,7893.78000000,943.44171429,1.50000000,0.80000000,80000.00000000,9.81000000,102.00000000,51.00000000,7893.78000000,943.44171429,9.38888889
1908.00000000,624.00000000,0.00000000,0.62401727,76382.34074658,212530.21141205,8471.66792181,857.28571429,23450.74865255,76382.34074658,54003.68495118,14673.35926543,29346.71853087,14673.35926543,7.33333333,1.28571429,2.14285714,7337.88000000,1072.09285714,1.50000000,0.80000000,80000.00000000,9.81000000,102.00000000,51.00000000,7337.88000000,1072.09285714,8.83333333
1909.00000000,510.00000000,0.00000000,0.62364785,75999.34276471,213988.55305446,8798.91313173,920.91428571,21097.75990354,75999.34276471,55930.79200403,15240.16459554,30480.32919109,15240.16459554,8.00000000,1.71428571,2.05714286,8004.96000000,1029.20914286,1.50000000,0.80000000,80000.00000000,9.81000000,102.00000000,51.00000000,8004.96000000,1029.20914286,9.50000000
1910.00000000,754.00000000,1.00000000,0.62308866,76775.38271121,211238.56250309,8165.58328746,861.65714286,25657.13263361,76775.38271121,52233.22664903,14143.20512731,28286.41025462,14143.20512731,7.33333333,1.00000000,2.22857143,7337.88000000,1114.97657143,1.50000000,0.80000000,80000.00000000,9.81000000,102.00000000,51.00000000,7337.88000000,1114.97657143,8.83333333
1911.00000000,755.00000000,1.00000000,0.61994231,77168.08219823,211895.57895254,8147.05286617,872.99047619,25785.51515821,77168.08219823,52497.54361145,14111.10949616,28222.21899232,14111.10949616,7.44444444,1.00000000,2.22857143,7449.06000000,1114.97657143,1.50000000,0.80000000,80000.00000000,9.81000000,102.00000000,51.00000000,7449.06000000,1114.97657143,8.94444444
1912.00000000,625.00000000,0.00000000,0.61968804,76928.79856649,213459.18970590,8448.00560411,868.61904762,23614.68599852,76928.79856649,54386.20542512,14632.37492894,29264.74985788,14632.37492894,7.44444444,1.28571429,2.14285714,7449.06000000,1072.09285714,1.50000000,0.80000000,80000.00000000,9.81000000,102.00000000,51.00000000,7449.06000000,1072.09285714,8.94444444
1913.00000000,380.00000000,0.00000000,0.61965377,76178.56365709,216606.32783718,9131.20949137,916.54285714,18709.77576272,76178.56365709,58455.11332294,15815.71877361,31631.43754721,15815.71877361,8.00000000,2.00000000,1.97142857,8004.96000000,986.32542857,1.50000000,0.80000000,80000.00000000,9.81000000,102.00000000,51.00000000,8004.96000000,986.32542857,9.50000000
1914.00000000,495.00000000,0.00000000,0.61925976,76678.72922477,215163.32547497,8772.35494724,864.24761905,21281.76040314,76678.72922477,56426.17796449,15194.16447064,30388.32894129,15194.16447064,7.44444444,1.57142857,2.05714286,7449.06000000,1029.20914286,1.50000000,0.80000000,80000.00000000,9.81000000,102.00000000,51.00000000,7449.06000000,1029.20914286,8.94444444
1915.00000000,119.00000000,0.00000000,0.61893157,75470.30209872,220613.61551432,9926.44860883,896.46666667,13028.66268312,75470.30209872,63342.19741560,17193.11332922,34386.22665844,17193.11332922,7.88888889,2.57142857,1.80000000,7893.78000000,900.55800000,1.50000000,0.80000000,80000.00000000,9.81000000,102.00000000,51.00000000,7893.78000000,900.55800000,9.38888889
1916.00000000,365.00000000,0.00000000,0.61861244,76418.42673091,217028.69542369,9122.93049619,859.87619048,18767.13432385,76418.42673091,58637.61783563,15801.37913332,31602.75826665,15801.37913332,7.44444444,1.85714286,1.97142857,7449.06000000,986.32542857,1.50000000,0.80000000,80000.00000000,9.81000000,102.00000000,51.00000000,7449.06000000,986.32542857,8.94444444
1917.00000000,235.00000000,0.00000000,0.61767953,76150.25648367,219082.92842684,9503.03730374,855.50476190,16047.90968335,76150.25648367,61045.78851460,16459.74343631,32919.48687261,16459.74343631,7.44444444,2.14285714,1.88571429,7449.06000000,943.44171429,1.50000000,0.80000000,80000.00000000,9.81000000,102.00000000,51.00000000,7449.06000000,943.44171429,8.94444444
1918.00000000,756.00000000,1.00000000,0.61690560,77545.25783734,212526.62281028,8129.25497307,884.32380952,25908.82257869,77545.25783734,52751.41183008,14080.28264104,28160.56528208,14080.28264104,7.55555556,1.00000000,2.22857143,7560.24000000,1114.97657143,1.50000000,0.80000000,80000.00000000,9.81000000,102.00000000,51.00000000,7560.24000000,1114.97657143,9.05555556
1919.00000000,105.00000000,0.00000000,0.61634875,75881.35905822,221367.21994007,9916.56011524,851.13333333,13097.17217637,75881.35905822,63684.74488185,17175.98595591,34351.97191181,17175.98595591,7.44444444,2.42857143,1.80000000,7449.06000000,900.55800000,1.50000000,0.80000000,80000.00000000,9.81000000,102.00000000,51.00000000,7449.06000000,900.55800000,8.94444444
1920.00000000,626.00000000,0.00000000,0.61550961,77454.32766428,214352.58917214,8425.24952665,879.95238095,23772.34472786,77454.32766428,54754.07579357,14592.96024661,29185.92049321,14592.96024661,7.55555556,1.28571429,2.14285714,7560.24000000,1072.09285714,1.50000000,0.80000000,80000.00000000,9.81000000,102.00000000,51.00000000,7560.24000000,1072.09285714,9.05555556
1921.00000000,91.00000000,1.00000000,0.61477354,76141.47656552,221844.10203678,9910.30266054,805.80000000,13140.52509425,76141.47656552,63901.50947126,17165.14772644,34330.29545287,17165.14772644,7.00000000,2.28571429,1.80000000,7004.34000000,900.55800000,1.50000000,0.80000000,80000.00000000,9.81000000,102.00000000,51.00000000,7004.34000000,900.55800000,8.50000000
1922.00000000,757.00000000,1.00000000,0.61397445,77907.54325498,213132.75418209,8112.15970904,895.65714286,26027.26204215,77907.54325498,52995.25778426,14050.67277518,28101.34555035,14050.67277518,7.66666667,1.00000000,2.22857143,7671.42000000,1114.97657143,1.50000000,0.80000000,80000.00000000,9.81000000,102.00000000,51.00000000,7671.42000000,1114.97657143,9.16666667
1923.00000000,496.00000000,0.00000000,0.61352217,77406.25914541,216421.34596274,8743.91476629,875.58095238,21478.79975664,77406.25914541,56956.66853162,15144.90463227,30289.80926454,15144.90463227,7.55555556,1.57142857,2.05714286,7560.24000000,1029.20914286,1.50000000,0.80000000,80000.00000000,9.81000000,102.00000000,51.00000000,7560.24000000,1029.20914286,9.05555556
1924.00000000,250.00000000,0.00000000,0.61346894,76595.23645299,219881.86973541,9489.89989610,912.17142857,16138.92831344,76595.23645299,61399.74985384,16436.98877878,32873.97755757,16436.98877878,8.00000000,2.28571429,1.88571429,8004.96000000,943.44171429,1.50000000,0.80000000,80000.00000000,9.81000000,102.00000000,51.00000000,8004.96000000,943.44171429,9.50000000
1925.00000000,221.00000000,1.00000000,0.61155188,77002.76288687,220613.56492350,9477.86825140,810.17142857,16222.28599309,77002.76288687,61723.91860806,16416.14935887,32832.29871774,16416.14935887,7.00000000,2.00000000,1.88571429,7004.34000000,943.44171429,1.50000000,0.80000000,80000.00000000,9.81000000,102.00000000,51.00000000,7004.34000000,943.44171429,8.50000000
1926.00000000,627.00000000,0.00000000,0.61147637,77959.81324270,215211.91465545,8403.36135904,891.28571429,23923.99040138,77959.81324270,55107.91569846,14555.04882823,29110.09765645,14555.04882823,7.66666667,1.28571429,2.14285714,7671.42000000,1072.09285714,1.50000000,0.80000000,80000.00000000,9.81000000,102.00000000,51.00000000,7671.42000000,1072.09285714,9.16666667
1927.00000000,758.00000000,1.00000000,0.61114498,78255.53805737,213714.97625533,8095.73878030,906.99047619,26141.02957370,78255.53805737,53229.48505510,14022.23089229,28044.46178458,14022.23089229,7.77777778,1.00000000,2.22857143,7782.60000000,1114.97657143,1.50000000,0.80000000,80000.00000000,9.81000000,102.00000000,51.00000000,7782.60000000,1114.97657143,9.27777778
1928.00000000,366.00000000,0.00000000,0.61066315,77431.89350925,218813.27822902,9087.95017831,871.20952381,19009.48507519,77431.89350925,59408.73386263,15740.79144549,31481.58289097,15740.79144549,7.55555556,1.85714286,1.97142857,7560.24000000,986.32542857,1.50000000,0.80000000,80000.00000000,9.81000000,102.00000000,51.00000000,7560.24000000,986.32542857,9.05555556
1929.00000000,351.00000000,1.00000000,0.60992555,77606.38380692,219120.53288361,9081.92755753,814.54285714,19051.21101594,77606.38380692,59541.49821955,15730.35996030,31460.71992060,15730.35996030,7.00000000,1.71428571,1.97142857,7004.34000000,986.32542857,1.50000000,0.80000000,80000.00000000,9.81000000,102.00000000,51.00000000,7004.34000000,986.32542857,8.50000000
1930.00000000,481.00000000,1.00000000,0.60906074,78067.72565248,217565.13179789,8718.05709829,818.91428571,21657.94693564,78067.72565248,57438.98785970,15100.11783752,30200.23567504,15100.11783752,7.00000000,1.42857143,2.05714286,7004.34000000,1029.20914286,1.50000000,0.80000000,80000.00000000,9.81000000,102.00000000,51.00000000,7004.34000000,1029.20914286,8.50000000
1931.00000000,611.00000000,1.00000000,0.60858397,78441.11144244,216030.12159501,8382.52053566,823.28571429,24068.37986130,78441.11144244,55444.82443828,14518.95146325,29037.90292649,14518.95146325,7.00000000,1.14285714,2.14285714,7004.34000000,1072.09285714,1.50000000,0.80000000,80000.00000000,9.81000000,102.00000000,51.00000000,7004.34000000,1072.09285714,8.50000000
1932.00000000,759.00000000,1.00000000,0.60841347,78589.81008355,214274.23906836,8079.96539207,918.32380952,26250.31081303,78589.81008355,53454.47584195,13994.91058246,27989.82116491,13994.91058246,7.88888889,1.00000000,2.22857143,7893.78000000,1114.97657143,1.50000000,0.80000000,80000.00000000,9.81000000,102.00000000,51.00000000,7893.78000000,1114.97657143,9.38888889
1933.00000000,497.00000000,0.00000000,0.60798470,78106.49754196,217632.17485678,8716.54144990,886.91428571,21668.44765571,78106.49754196,57467.25902911,15097.49265750,30194.98531500,15097.49265750,7.66666667,1.57142857,2.05714286,7671.42000000,1029.20914286,1.50000000,0.80000000,80000.00000000,9.81000000,102.00000000,51.00000000,7671.42000000,1029.20914286,9.16666667
1934.00000000,628.00000000,0.00000000,0.60758296,78446.09127772,216038.58731499,8382.30490246,902.61904762,24069.87381189,78446.09127772,55448.31032298,14518.57797560,29037.15595120,14518.57797560,7.77777778,1.28571429,2.14285714,7782.60000000,1072.09285714,1.50000000,0.80000000,80000.00000000,9.81000000,102.00000000,51.00000000,7782.60000000,1072.09285714,9.27777778
1935.00000000,236.00000000,0.00000000,0.60642072,77590.99425979,221669.70761580,9460.50154757,866.83809524,16342.60604665,77590.99425979,62191.82992743,16386.06934548,32772.13869096,16386.06934548,7.55555556,2.14285714,1.88571429,7560.24000000,943.44171429,1.50000000,0.80000000,80000.00000000,9.81000000,102.00000000,51.00000000,7560.24000000,943.44171429,9.05555556
1936.00000000,760.00000000,1.00000000,0.60577639,78910.89748159,214811.44298431,8064.81415059,929.65714286,26355.28169316,78910.89748159,53670.59235986,13968.66786242,27937.33572485,13968.66786242,8.00000000,1.00000000,2.22857143,8004.96000000,1114.97657143,1.50000000,0.80000000,80000.00000000,9.81000000,102.00000000,51.00000000,8004.96000000,1114.97657143,9.50000000
1937.00000000,612.00000000,0.00000000,0.60428218,78987.41771924,216958.84226557,8358.86477996,834.61904762,24232.27174434,78987.41771924,55827.23883204,14477.97849249,28955.95698497,14477.97849249,7.11111111,1.14285714,2.14285714,7115.52000000,1072.09285714,1.50000000,0.80000000,80000.00000000,9.81000000,102.00000000,51.00000000,7115.52000000,1072.09285714,8.61111111
1938.00000000,629.00000000,0.00000000,0.60382426,78913.95189357,216833.95036192,8362.04594353,913.95238095,24210.23199664,78913.95189357,55775.81275407,14483.48842941,28966.97685882,14483.48842941,7.88888889,1.28571429,2.14285714,7893.78000000,1072.09285714,1.50000000,0.80000000,80000.00000000,9.81000000,102.00000000,51.00000000,7893.78000000,1072.09285714,9.38888889
1939.00000000,120.00000000,0.00000000,0.60329210,77473.89774433,224286.87419794,9878.24958861,907.80000000,13362.59529072,77473.89774433,65011.86045361,17109.63017732,34219.26035464,17109.63017732,8.00000000,2.57142857,1.80000000,8004.96000000,900.55800000,1.50000000,0.80000000,80000.00000000,9.81000000,102.00000000,51.00000000,8004.96000000,900.55800000,9.50000000
1940.00000000,482.00000000,0.00000000,0.60309186,78829.71832458,218882.74412673,8688.26971929,830.24761905,21864.31995100,78829.71832458,57994.60751644,15048.52458368,30097.04916736,15048.52458368,7.11111111,1.42857143,2.05714286,7115.52000000,1029.20914286,1.50000000,0.80000000,80000.00000000,9.81000000,102.00000000,51.00000000,7115.52000000,1029.20914286,8.61111111
1941.00000000,367.00000000,0.00000000,0.60299250,78407.48172794,220531.16183150,9054.27725805,882.54285714,19242.77791010,78407.48172794,60151.02924641,15682.46823676,31364.93647352,15682.46823676,7.66666667,1.85714286,1.97142857,7671.42000000,986.32542857,1.50000000,0.80000000,80000.00000000,9.81000000,102.00000000,51.00000000,7671.42000000,986.32542857,9.16666667
1942.00000000,498.00000000,0.00000000,0.60263994,78780.62489230,218797.85340008,8690.18885149,898.24761905,21851.02381309,78780.62489230,57958.81022207,15051.84861816,30103.69723631,15051.84861816,7.77777778,1.57142857,2.05714286,7782.60000000,1029.20914286,1.50000000,0.80000000,80000.00000000,9.81000000,102.00000000,51.00000000,7782.60000000,1029.20914286,9.27777778
1943.00000000,352.00000000,0.00000000,0.60158263,78674.99060028,221002.21006322,9045.04405417,825.87619048,19306.74742305,78674.99060028,60354.56860580,15666.47585852,31332.95171705,15666.47585852,7.11111111,1.71428571,1.97142857,7115.52000000,986.32542857,1.50000000,0.80000000,80000.00000000,9.81000000,102.00000000,51.00000000,7115.52000000,986.32542857,8.61111111
1944.00000000,630.00000000,0.00000000,0.60019542,79364.14246377,217599.27433126,8342.55212001,925.28571429,24345.28916770,79364.14246377,56090.94615321,14449.72413665,28899.44827329,14449.72413665,8.00000000,1.28571429,2.14285714,8004.96000000,1072.09285714,1.50000000,0.80000000,80000.00000000,9.81000000,102.00000000,51.00000000,8004.96000000,1072.09285714,9.50000000
1945.00000000,613.00000000,0.00000000,0.60013470,79512.27375966,217851.09753428,8336.13784674,845.95238095,24389.72855647,79512.27375966,56194.63806033,14438.61428945,28877.22857891,14438.61428945,7.22222222,1.14285714,2.14285714,7226.70000000,1072.09285714,1.50000000,0.80000000,80000.00000000,9.81000000,102.00000000,51.00000000,7226.70000000,1072.09285714,8.72222222
1946.00000000,106.00000000,0.00000000,0.59972600,78013.98262850,225277.02981892,9865.25716556,862.46666667,13452.60943808,78013.98262850,65461.93119042,17087.12664048,34174.25328096,17087.12664048,7.55555556,2.42857143,1.80000000,7560.24000000,900.55800000,1.50000000,0.80000000,80000.00000000,9.81000000,102.00000000,51.00000000,7560.24000000,900.55800000,9.05555556
1947.00000000,222.00000000,0.00000000,0.59964485,78531.43770883,223358.23108111,9432.73627765,821.50476190,16534.96947940,78531.43770883,62939.90994371,16337.97848729,32675.95697458,16337.97848729,7.11111111,2.00000000,1.88571429,7115.52000000,943.44171429,1.50000000,0.80000000,80000.00000000,9.81000000,102.00000000,51.00000000,7115.52000000,943.44171429,8.61111111
1948.00000000,499.00000000,0.00000000,0.59748082,79429.75456084,219920.30678526,8664.81344808,909.58095238,22026.82976499,79429.75456084,58432.13393871,15007.89713018,30015.79426036,15007.89713018,7.88888889,1.57142857,2.05714286,7893.78000000,1029.20914286,1.50000000,0.80000000,80000.00000000,9.81000000,102.00000000,51.00000000,7893.78000000,1029.20914286,9.38888889
1949.00000000,483.00000000,0.00000000,0.59733721,79562.24097972,220149.39788457,8659.63436524,841.58095238,22062.71150344,79562.24097972,58528.73861914,14998.92669557,29997.85339114,14998.92669557,7.22222222,1.42857143,2.05714286,7226.70000000,1029.20914286,1.50000000,0.80000000,80000.00000000,9.81000000,102.00000000,51.00000000,7226.70000000,1029.20914286,8.72222222
1950.00000000,92.00000000,0.00000000,0.59707707,78418.08323563,226017.88093200,9855.53601580,817.13333333,13519.95953927,78418.08323563,65798.68169636,17070.28911518,34140.57823036,17070.28911518,7.11111111,2.28571429,1.80000000,7115.52000000,900.55800000,1.50000000,0.80000000,80000.00000000,9.81000000,102.00000000,51.00000000,7115.52000000,900.55800000,8.61111111
1951.00000000,614.00000000,0.00000000,0.59613561,80016.60929530,218708.46794486,8314.29947745,857.28571429,24541.02921716,80016.60929530,56547.67293528,14400.78912428,28801.57824856,14400.78912428,7.33333333,1.14285714,2.14285714,7337.88000000,1072.09285714,1.50000000,0.80000000,80000.00000000,9.81000000,102.00000000,51.00000000,7337.88000000,1072.09285714,8.83333333
1952.00000000,368.00000000,0.00000000,0.59559026,79346.89288379,222185.34234506,9021.85300740,893.87619048,19467.41970824,79346.89288379,60865.79860413,15626.30778723,31252.61557445,15626.30778723,7.77777778,1.85714286,1.97142857,7782.60000000,986.32542857,1.50000000,0.80000000,80000.00000000,9.81000000,102.00000000,51.00000000,7782.60000000,986.32542857,9.27777778
1953.00000000,237.00000000,0.00000000,0.59555770,78977.55089347,224159.20702627,9419.56541342,878.17142857,16626.21990354,78977.55089347,63294.77270422,16315.16588126,32630.33176252,16315.16588126,7.66666667,2.14285714,1.88571429,7671.42000000,943.44171429,1.50000000,0.80000000,80000.00000000,9.81000000,102.00000000,51.00000000,7671.42000000,943.44171429,9.16666667
1954.00000000,353.00000000,0.00000000,0.59354024,79702.34023186,222811.23876231,9009.58456260,837.20952381,19552.41798712,79702.34023186,61136.24767331,15605.05821751,31210.11643501,15605.05821751,7.22222222,1.71428571,1.97142857,7226.70000000,986.32542857,1.50000000,0.80000000,80000.00000000,9.81000000,102.00000000,51.00000000,7226.70000000,986.32542857,8.72222222
1955.00000000,500.00000000,0.00000000,0.59250058,80054.93750116,221001.35228623,8640.37415638,920.91428571,22196.15014466,80054.93750116,58887.99649936,14965.56703526,29931.13407053,14965.56703526,8.00000000,1.57142857,2.05714286,8004.96000000,1029.20914286,1.50000000,0.80000000,80000.00000000,9.81000000,102.00000000,51.00000000,8004.96000000,1029.20914286,9.50000000
1956.00000000,615.00000000,0.00000000,0.59227929,80501.30109238,219532.44399990,8293.31170698,868.61904762,24686.43675629,80501.30109238,56886.95719324,14364.43723950,28728.87447900,14364.43723950,7.44444444,1.14285714,2.14285714,7449.06000000,1072.09285714,1.50000000,0.80000000,80000.00000000,9.81000000,102.00000000,51.00000000,7449.06000000,1072.09285714,8.94444444
1957.00000000,484.00000000,0.00000000,0.59178853,80266.62024245,221367.38702638,8632.09917649,852.91428571,22253.48088709,80266.62024245,59042.34849822,14951.23434966,29902.46869931,14951.23434966,7.33333333,1.42857143,2.05714286,7337.88000000,1029.20914286,1.50000000,0.80000000,80000.00000000,9.81000000,102.00000000,51.00000000,7337.88000000,1029.20914286,8.83333333
1958.00000000,616.00000000,0.00000000,0.58856038,80967.17667049,220324.43248269,8273.13870270,879.95238095,24826.19942972,80967.17667049,57213.07009791,14329.49657114,28658.99314228,14329.49657114,7.55555556,1.14285714,2.14285714,7560.24000000,1072.09285714,1.50000000,0.80000000,80000.00000000,9.81000000,102.00000000,51.00000000,7560.24000000,1072.09285714,9.05555556
1959.00000000,369.00000000,0.00000000,0.58844661,80251.72806914,223778.63908448,8990.62216383,905.20952381,19683.79333952,80251.72806914,61554.26015820,15572.21437941,31144.42875881,15572.21437941,7.88888889,1.85714286,1.97142857,7893.78000000,986.32542857,1.50000000,0.80000000,80000.00000000,9.81000000,102.00000000,51.00000000,7893.78000000,986.32542857,9.38888889
1960.00000000,223.00000000,0.00000000,0.58816784,80000.59358351,225996.03367429,9389.36151710,832.83809524,16835.47863559,80000.59358351,64108.55666221,16262.85119825,32525.70239649,16262.85119825,7.22222222,2.00000000,1.88571429,7226.70000000,943.44171429,1.50000000,0.80000000,80000.00000000,9.81000000,102.00000000,51.00000000,7226.70000000,943.44171429,8.72222222
1961.00000000,485.00000000,0.00000000,0.58643796,80944.10428858,222538.86985614,8605.61536007,864.24761905,22436.96614959,80944.10428858,59536.34728185,14905.36303403,29810.72606806,14905.36303403,7.44444444,1.42857143,2.05714286,7449.06000000,1029.20914286,1.50000000,0.80000000,80000.00000000,9.81000000,102.00000000,51.00000000,7449.06000000,1029.20914286,8.94444444
1962.00000000,354.00000000,0.00000000,0.58578687,80690.36447512,224551.02058197,8975.48240667,848.54285714,19788.68465399,80690.36447512,61888.00524971,15545.99155079,31091.98310158,15545.99155079,7.33333333,1.71428571,1.97142857,7337.88000000,986.32542857,1.50000000,0.80000000,80000.00000000,9.81000000,102.00000000,51.00000000,7337.88000000,986.32542857,8.83333333
1963.00000000,238.00000000,0.00000000,0.58507650,80312.45765054,226555.97143100,9380.15416921,889.50476190,16899.26901294,80312.45765054,64356.63035189,16246.90360391,32493.80720782,16246.90360391,7.77777778,2.14285714,1.88571429,7782.60000000,943.44171429,1.50000000,0.80000000,80000.00000000,9.81000000,102.00000000,51.00000000,7782.60000000,943.44171429,9.27777778
1964.00000000,617.00000000,0.00000000,0.58497379,81415.01771231,221085.76225378,8253.74661675,891.28571429,24960.55174226,81415.01771231,57526.55882719,14295.90849301,28591.81698601,14295.90849301,7.66666667,1.14285714,2.14285714,7671.42000000,1072.09285714,1.50000000,0.80000000,80000.00000000,9.81000000,102.00000000,51.00000000,7671.42000000,1072.09285714,9.16666667
1965.00000000,107.00000000,0.00000000,0.58368508,80065.27218233,229037.72733428,9815.91080822,873.80000000,13794.49103039,80065.27218233,67171.33915194,17001.65624240,34003.31248481,17001.65624240,7.66666667,2.42857143,1.80000000,7671.42000000,900.55800000,1.50000000,0.80000000,80000.00000000,9.81000000,102.00000000,51.00000000,7671.42000000,900.55800000,9.16666667
1966.00000000,370.00000000,0.00000000,0.58155212,81123.49527025,225313.70741687,8960.53267845,916.54285714,19892.25940935,81123.49527025,62217.56128948,15520.09786195,31040.19572390,15520.09786195,8.00000000,1.85714286,1.97142857,8004.96000000,986.32542857,1.50000000,0.80000000,80000.00000000,9.81000000,102.00000000,51.00000000,8004.96000000,986.32542857,9.50000000
1967.00000000,618.00000000,0.00000000,0.58151468,81845.56319396,221817.68957259,8235.10345052,902.61904762,25089.71538676,81845.56319396,57827.94066434,14263.61758188,28527.23516376,14263.61758188,7.77777778,1.14285714,2.14285714,7782.60000000,1072.09285714,1.50000000,0.80000000,80000.00000000,9.81000000,102.00000000,51.00000000,7782.60000000,1072.09285714,9.27777778
1968.00000000,486.00000000,0.00000000,0.58127798,81595.86855941,223665.87890779,8580.13696630,875.58095238,22613.48563960,81595.86855941,60011.59206266,14861.23316153,29722.46632306,14861.23316153,7.55555556,1.42857143,2.05714286,7560.24000000,1029.20914286,1.50000000,0.80000000,80000.00000000,9.81000000,102.00000000,51.00000000,7560.24000000,1029.20914286,9.05555556
1969.00000000,601.00000000,1.00000000,0.58029930,82128.46419501,222298.62127438,8222.85347783,823.28571429,25174.58568707,82128.46419501,58025.97136508,14242.40000680,28484.80001361,14242.40000680,7.00000000,1.00000000,2.14285714,7004.34000000,1072.09285714,1.50000000,0.80000000,80000.00000000,9.81000000,102.00000000,51.00000000,7004.34000000,1072.09285714,8.50000000
1970.00000000,93.00000000,0.00000000,0.58001636,80604.57386782,230026.44709100,9802.93722600,828.46666667,13884.37464464,80604.57386782,67620.75722318,16979.18533884,33958.37067768,16979.18533884,7.22222222,2.28571429,1.80000000,7226.70000000,900.55800000,1.50000000,0.80000000,80000.00000000,9.81000000,102.00000000,51.00000000,7226.70000000,900.55800000,8.72222222
1971.00000000,355.00000000,0.00000000,0.57831144,81640.87635566,226224.74802378,8942.67500889,859.87619048,20015.98097325,81640.87635566,62611.22081098,15489.16747097,30978.33494195,15489.16747097,7.44444444,1.71428571,1.97142857,7449.06000000,986.32542857,1.50000000,0.80000000,80000.00000000,9.81000000,102.00000000,51.00000000,7449.06000000,986.32542857,8.94444444
1972.00000000,619.00000000,0.00000000,0.57817843,82259.51226225,222521.40298868,8217.17893007,913.95238095,25213.90010725,82259.51226225,58117.70501215,14232.57140176,28465.14280352,14232.57140176,7.88888889,1.14285714,2.14285714,7893.78000000,1072.09285714,1.50000000,0.80000000,80000.00000000,9.81000000,102.00000000,51.00000000,7893.78000000,1072.09285714,9.38888889
1973.00000000,224.00000000,0.00000000,0.57710499,81413.13387419,228532.18555983,9347.65825202,844.17142857,17124.40733141,81413.13387419,65232.16825707,16190.61902429,32381.23804858,16190.61902429,7.33333333,2.00000000,1.88571429,7337.88000000,943.44171429,1.50000000,0.80000000,80000.00000000,9.81000000,102.00000000,51.00000000,7337.88000000,943.44171429,8.83333333
1974.00000000,602.00000000,1.00000000,0.57648360,82610.68658076,223118.39933016,8201.97263602,834.61904762,25319.25240280,82610.68658076,58363.52703511,14206.23332787,28412.46665574,14206.23332787,7.11111111,1.00000000,2.14285714,7115.52000000,1072.09285714,1.50000000,0.80000000,80000.00000000,9.81000000,102.00000000,51.00000000,7115.52000000,1072.09285714,8.61111111
1975.00000000,487.00000000,0.00000000,0.57630146,82223.02098372,224750.32997483,8555.62068467,886.91428571,22783.33942119,82223.02098372,60468.89070539,14818.76971613,29637.53943226,14818.76971613,7.66666667,1.42857143,2.05714286,7671.42000000,1029.20914286,1.50000000,0.80000000,80000.00000000,9.81000000,102.00000000,51.00000000,7671.42000000,1029.20914286,9.16666667
1976.00000000,471.00000000,1.00000000,0.57507884,82483.90634525,225201.44424581,8545.42230426,818.91428571,22853.99587327,82483.90634525,60659.11961484,14801.10560311,29602.21120622,14801.10560311,7.00000000,1.28571429,2.05714286,7004.34000000,1029.20914286,1.50000000,0.80000000,80000.00000000,9.81000000,102.00000000,51.00000000,7004.34000000,1029.20914286,8.50000000
1977.00000000,239.00000000,0.00000000,0.57496349,81598.09053846,228864.26684340,9342.19766668,900.83809524,17162.23937637,81598.09053846,65379.29287637,16181.16101305,32362.32202610,16181.16101305,7.88888889,2.14285714,1.88571429,7893.78000000,943.44171429,1.50000000,0.80000000,80000.00000000,9.81000000,102.00000000,51.00000000,7893.78000000,943.44171429,9.38888889
1978.00000000,620.00000000,0.00000000,0.57496065,82657.52688238,223198.02784290,8199.94439146,925.28571429,25333.30449328,82657.52688238,58396.31524624,14202.72030525,28405.44061050,14202.72030525,8.00000000,1.14285714,2.14285714,8004.96000000,1072.09285714,1.50000000,0.80000000,80000.00000000,9.81000000,102.00000000,51.00000000,8004.96000000,1072.09285714,9.50000000
1979.00000000,603.00000000,1.00000000,0.57280789,83073.69968923,223905.52161455,8181.92358031,845.95238095,25458.15633534,83073.69968923,58687.63621103,14171.50734474,28343.01468947,14171.50734474,7.22222222,1.00000000,2.14285714,7226.70000000,1072.09285714,1.50000000,0.80000000,80000.00000000,9.81000000,102.00000000,51.00000000,7226.70000000,1072.09285714,8.72222222
1980.00000000,488.00000000,0.00000000,0.57150160,82826.60675622,225794.03037310,8532.02565703,898.24761905,22946.81056790,82826.60675622,60909.00533117,14777.90192945,29555.80385891,14777.90192945,7.77777778,1.42857143,2.05714286,7782.60000000,1029.20914286,1.50000000,0.80000000,80000.00000000,9.81000000,102.00000000,51.00000000,7782.60000000,1029.20914286,9.27777778
1981.00000000,356.00000000,0.00000000,0.57110339,82555.57913750,227835.42031355,8911.10358025,871.20952381,20234.71424717,82555.57913750,63307.19031890,15434.48415249,30868.96830499,15434.48415249,7.55555556,1.71428571,1.97142857,7560.24000000,986.32542857,1.50000000,0.80000000,80000.00000000,9.81000000,102.00000000,51.00000000,7560.24000000,986.32542857,9.05555556
1982.00000000,472.00000000,0.00000000,0.56972627,83164.05459937,226377.53393522,8518.83434015,830.24761905,23038.20269209,83164.05459937,61155.06105014,14755.05389841,29510.10779681,14755.05389841,7.11111111,1.28571429,2.05714286,7115.52000000,1029.20914286,1.50000000,0.80000000,80000.00000000,9.81000000,102.00000000,51.00000000,7115.52000000,1029.20914286,8.61111111
1983.00000000,604.00000000,1.00000000,0.56926686,83518.32093646,224661.37773484,8162.67091555,857.28571429,25591.54270951,83518.32093646,58998.87108409,14138.16075119,28276.32150239,14138.16075119,7.33333333,1.00000000,2.14285714,7337.88000000,1072.09285714,1.50000000,0.80000000,80000.00000000,9.81000000,102.00000000,51.00000000,7337.88000000,1072.09285714,8.83333333
1984.00000000,108.00000000,0.00000000,0.56820804,82039.18603801,232656.56940301,9768.42582089,885.13333333,14123.47667300,82039.18603801,68816.26736501,16919.40983175,33838.81966350,16919.40983175,7.77777778,2.42857143,1.80000000,7782.60000000,900.55800000,1.50000000,0.80000000,80000.00000000,9.81000000,102.00000000,51.00000000,7782.60000000,900.55800000,9.27777778
1985.00000000,341.00000000,1.00000000,0.56805702,83031.66259360,228673.74118190,8894.67131923,814.54285714,20348.56029102,83031.66259360,63669.42773116,15406.02264153,30812.04528306,15406.02264153,7.00000000,1.57142857,1.97142857,7004.34000000,986.32542857,1.50000000,0.80000000,80000.00000000,9.81000000,102.00000000,51.00000000,7004.34000000,986.32542857,8.50000000
1986.00000000,489.00000000,0.00000000,0.56687193,83407.61271575,226798.68651146,8509.31330644,909.58095238,23104.16634861,83407.61271575,61332.65551000,14738.56298428,29477.12596855,14738.56298428,7.88888889,1.42857143,2.05714286,7893.78000000,1029.20914286,1.50000000,0.80000000,80000.00000000,9.81000000,102.00000000,51.00000000,7893.78000000,1029.20914286,9.38888889
1987.00000000,225.00000000,0.00000000,0.56644085,82771.77612890,230971.56597169,9307.54625064,855.50476190,17402.31142896,82771.77612890,66312.90641422,16121.14299990,32242.28599980,16121.14299990,7.44444444,2.00000000,1.88571429,7449.06000000,943.44171429,1.50000000,0.80000000,80000.00000000,9.81000000,102.00000000,51.00000000,7449.06000000,943.44171429,8.94444444
1988.00000000,605.00000000,1.00000000,0.56585545,83945.32200894,225387.27955806,8144.18122674,868.61904762,25719.64303125,83945.32200894,59297.77183483,14106.13567076,28212.27134152,14106.13567076,7.44444444,1.00000000,2.14285714,7449.06000000,1072.09285714,1.50000000,0.80000000,80000.00000000,9.81000000,102.00000000,51.00000000,7449.06000000,1072.09285714,8.94444444
1989.00000000,240.00000000,0.00000000,0.56520546,82836.68203027,231088.10156733,9305.62999520,912.17142857,17415.58763606,82836.68203027,66364.53610849,16117.82394813,32235.64789626,16117.82394813,8.00000000,2.14285714,1.88571429,8004.96000000,943.44171429,1.50000000,0.80000000,80000.00000000,9.81000000,102.00000000,51.00000000,8004.96000000,943.44171429,9.50000000
1990.00000000,473.00000000,0.00000000,0.56456922,83817.74468712,227507.87304529,8493.28066346,841.58095238,23215.24375752,83817.74468712,61631.71007245,14710.79363205,29421.58726410,14710.79363205,7.22222222,1.28571429,2.05714286,7226.70000000,1029.20914286,1.50000000,0.80000000,80000.00000000,9.81000000,102.00000000,51.00000000,7226.70000000,1029.20914286,8.72222222
1991.00000000,357.00000000,0.00000000,0.56415261,83436.07450557,229385.85780950,8880.71283777,882.54285714,20445.26748736,83436.07450557,63977.13244679,15381.84584245,30763.69168489,15381.84584245,7.66666667,1.71428571,1.97142857,7671.42000000,986.32542857,1.50000000,0.80000000,80000.00000000,9.81000000,102.00000000,51.00000000,7671.42000000,986.32542857,9.16666667
1992.00000000,94.00000000,0.00000000,0.56357127,82705.53618764,233878.21134400,9752.39592763,839.80000000,14234.53503127,82705.53618764,69371.55915636,16891.64524218,33783.29048436,16891.64524218,7.33333333,2.28571429,1.80000000,7337.88000000,900.55800000,1.50000000,0.80000000,80000.00000000,9.81000000,102.00000000,51.00000000,7337.88000000,900.55800000,8.83333333
1993.00000000,606.00000000,1.00000000,0.56256887,84355.43201736,226084.46657237,8126.42294246,879.95238095,25842.67603378,84355.43201736,59584.84884072,14075.37742013,28150.75484025,14075.37742013,7.55555556,1.00000000,2.14285714,7560.24000000,1072.09285714,1.50000000,0.80000000,80000.00000000,9.81000000,102.00000000,51.00000000,7560.24000000,1072.09285714,9.05555556
1994.00000000,490.00000000,0.00000000,0.56240629,83966.97136198,227765.91083723,8487.44718017,920.91428571,23255.65931530,83966.97136198,61740.52118954,14700.68974260,29401.37948521,14700.68974260,8.00000000,1.42857143,2.05714286,8004.96000000,1029.20914286,1.50000000,0.80000000,80000.00000000,9.81000000,102.00000000,51.00000000,8004.96000000,1029.20914286,9.50000000
1995.00000000,342.00000000,0.00000000,0.56051190,83992.95391312,230366.44980975,8861.49186367,825.87619048,20578.43430221,83992.95391312,64400.84503949,15348.55413873,30697.10827747,15348.55413873,7.11111111,1.57142857,1.97142857,7115.52000000,986.32542857,1.50000000,0.80000000,80000.00000000,9.81000000,102.00000000,51.00000000,7115.52000000,986.32542857,8.61111111
1996.00000000,474.00000000,0.00000000,0.55960014,84446.14510797,228594.48210634,8468.71559586,852.91428571,23385.43553817,84446.14510797,62089.91871266,14668.24568689,29336.49137377,14668.24568689,7.33333333,1.28571429,2.05714286,7337.88000000,1029.20914286,1.50000000,0.80000000,80000.00000000,9.81000000,102.00000000,51.00000000,7337.88000000,1029.20914286,8.83333333
1997.00000000,607.00000000,1.00000000,0.55940255,84749.34039289,226754.11081077,8109.36620946,891.28571429,25960.84854644,84749.34039289,59860.58470360,14045.83429196,28091.66858392,14045.83429196,7.66666667,1.00000000,2.14285714,7671.42000000,1072.09285714,1.50000000,0.80000000,80000.00000000,9.81000000,102.00000000,51.00000000,7671.42000000,1072.09285714,9.16666667
1998.00000000,211.00000000,1.00000000,0.55813334,83906.56763516,233009.03253975,9274.04312771,810.17142857,17634.42787343,83906.56763516,67215.58147602,16063.11388879,32126.22777757,16063.11388879,7.00000000,1.85714286,1.88571429,7004.34000000,943.44171429,1.50000000,0.80000000,80000.00000000,9.81000000,102.00000000,51.00000000,7004.34000000,943.44171429,8.50000000
1999.00000000,358.00000000,0.00000000,0.55744946,84283.87002691,230878.71514055,8851.45074702,893.87619048,20648.00119898,84283.87002691,64622.19425650,15331.16241454,30662.32482908,15331.16241454,7.77777778,1.71428571,1.97142857,7782.60000000,986.32542857,1.50000000,0.80000000,80000.00000000,9.81000000,102.00000000,51.00000000,7782.60000000,986.32542857,9.27777778
2000.00000000,608.00000000,1.00000000,0.55635215,85127.69955029,227397.32137835,8092.98277735,902.61904762,26074.35629366,85127.69955029,60125.43611377,14017.45735516,28034.91471031,14017.45735516,7.77777778,1.00000000,2.14285714,7782.60000000,1072.09285714,1.50000000,0.80000000,80000.00000000,9.81000000,102.00000000,51.00000000,7782.60000000,1072.09285714,9.27777778
2001.00000000,226.00000000,0.00000000,0.55616041,84079.06671155,233318.74679054,9268.95033514,866.83809524,17669.71177541,84079.06671155,67352.79665042,16054.29291329,32108.58582658,16054.29291329,7.55555556,2.00000000,1.88571429,7560.24000000,943.44171429,1.50000000,0.80000000,80000.00000000,9.81000000,102.00000000,51.00000000,7560.24000000,943.44171429,9.05555556
2002.00000000,475.00000000,0.00000000,0.55481186,85050.35655208,229639.26439511,8445.09610983,864.24761905,23549.07613762,85050.35655208,62530.48955732,14627.33553702,29254.67107405,14627.33553702,7.44444444,1.28571429,2.05714286,7449.06000000,1029.20914286,1.50000000,0.80000000,80000.00000000,9.81000000,102.00000000,51.00000000,7449.06000000,1029.20914286,8.94444444
2003.00000000,609.00000000,1.00000000,0.55341355,85491.12733928,228015.14861963,8077.24589247,913.95238095,26183.38463036,85491.12733928,60379.83556607,13990.20027098,27980.40054197,13990.20027098,7.88888889,1.00000000,2.14285714,7893.78000000,1072.09285714,1.50000000,0.80000000,80000.00000000,9.81000000,102.00000000,51.00000000,7893.78000000,1072.09285714,9.38888889
2004.00000000,109.00000000,0.00000000,0.55327644,83939.42975918,236140.34955849,9722.71306156,896.46666667,14440.18395986,83939.42975918,70399.80379932,16840.23301003,33680.46602007,16840.23301003,7.88888889,2.42857143,1.80000000,7893.78000000,900.55800000,1.50000000,0.80000000,80000.00000000,9.81000000,102.00000000,51.00000000,7893.78000000,900.55800000,9.38888889
2005.00000000,343.00000000,0.00000000,0.55324306,84917.14729637,231993.83381069,8829.59286212,837.20952381,20799.43706777,84917.14729637,65104.03565718,15293.30344734,30586.60689469,15293.30344734,7.22222222,1.57142857,1.97142857,7226.70000000,986.32542857,1.50000000,0.80000000,80000.00000000,9.81000000,102.00000000,51.00000000,7226.70000000,986.32542857,8.72222222
2006.00000000,359.00000000,0.00000000,0.55098475,85100.38596372,232316.49320319,8823.26828694,905.20952381,20843.25500996,85100.38596372,65243.45638233,15282.34896180,30564.69792359,15282.34896180,7.88888889,1.71428571,1.97142857,7893.78000000,986.32542857,1.50000000,0.80000000,80000.00000000,9.81000000,102.00000000,51.00000000,7893.78000000,986.32542857,9.38888889
2007.00000000,610.00000000,1.00000000,0.55058280,85840.20930372,228608.58795918,8062.13020001,925.28571429,26288.10921969,85840.20930372,60624.19294118,13964.01912365,27928.03824730,13964.01912365,8.00000000,1.00000000,2.14285714,8004.96000000,1072.09285714,1.50000000,0.80000000,80000.00000000,9.81000000,102.00000000,51.00000000,8004.96000000,1072.09285714,9.50000000
2008.00000000,476.00000000,0.00000000,0.55019757,85631.41674879,230644.01431859,8422.38163903,875.58095238,23706.44660756,85631.41674879,62954.17928409,14587.99291954,29175.98583908,14587.99291954,7.55555556,1.28571429,2.05714286,7560.24000000,1029.20914286,1.50000000,0.80000000,80000.00000000,9.81000000,102.00000000,51.00000000,7560.24000000,1029.20914286,9.05555556
2009.00000000,95.00000000,0.00000000,0.54772087,84725.25170775,237581.02313087,9703.80912350,851.13333333,14571.15428462,84725.25170775,71054.65542312,16807.49042884,33614.98085769,16807.49042884,7.44444444,2.28571429,1.80000000,7449.06000000,900.55800000,1.50000000,0.80000000,80000.00000000,9.81000000,102.00000000,51.00000000,7449.06000000,900.55800000,8.94444444
2010.00000000,212.00000000,0.00000000,0.54728811,85289.33245328,235491.72391774,9233.21894158,821.50476190,17917.26613168,85289.33245328,68315.50803589,15992.40432422,31984.80864845,15992.40432422,7.11111111,1.85714286,1.88571429,7115.52000000,943.44171429,1.50000000,0.80000000,80000.00000000,9.81000000,102.00000000,51.00000000,7115.52000000,943.44171429,8.61111111
2011.00000000,227.00000000,0.00000000,0.54624923,85337.39407199,235578.01636952,9231.79998990,878.17142857,17927.09691732,85337.39407199,68353.73886896,15989.94662781,31979.89325562,15989.94662781,7.66666667,2.00000000,1.88571429,7671.42000000,943.44171429,1.50000000,0.80000000,80000.00000000,9.81000000,102.00000000,51.00000000,7671.42000000,943.44171429,9.16666667
2012.00000000,344.00000000,0.00000000,0.54623967,85805.94559944,233558.89169218,8798.91553965,848.54285714,21011.97579241,85805.94559944,65780.29523560,15240.16876618,30480.33753237,15240.16876618,7.33333333,1.57142857,1.97142857,7337.88000000,986.32542857,1.50000000,0.80000000,80000.00000000,9.81000000,102.00000000,51.00000000,7337.88000000,986.32542857,8.83333333
2013.00000000,477.00000000,0.00000000,0.54575082,86190.30490494,231610.42508860,8400.53390489,886.91428571,23857.81214985,86190.30490494,63361.70189795,14550.15153397,29100.30306793,14550.15153397,7.66666667,1.28571429,2.05714286,7671.42000000,1029.20914286,1.50000000,0.80000000,80000.00000000,9.81000000,102.00000000,51.00000000,7671.42000000,1029.20914286,9.16666667
2014.00000000,360.00000000,0.00000000,0.54474974,85886.96150311,233701.55013125,8796.11923480,916.54285714,21031.34916068,85886.96150311,65841.93777100,15235.32542412,30470.65084823,15235.32542412,8.00000000,1.71428571,1.97142857,8004.96000000,986.32542857,1.50000000,0.80000000,80000.00000000,9.81000000,102.00000000,51.00000000,8004.96000000,986.32542857,9.50000000
2015.00000000,81.00000000,1.00000000,0.54297950,85399.08432809,238816.38293483,9687.59922996,805.80000000,14683.45972135,85399.08432809,71616.18260674,16779.41406966,33558.82813933,16779.41406966,7.00000000,2.14285714,1.80000000,7004.34000000,900.55800000,1.50000000,0.80000000,80000.00000000,9.81000000,102.00000000,51.00000000,7004.34000000,900.55800000,8.50000000
2016.00000000,461.00000000,1.00000000,0.54241525,86728.58487519,232541.20087050,8379.49177408,818.91428571,24003.59630846,86728.58487519,63754.19770959,14513.70549431,29027.41098863,14513.70549431,7.00000000,1.14285714,2.05714286,7004.34000000,1029.20914286,1.50000000,0.80000000,80000.00000000,9.81000000,102.00000000,51.00000000,7004.34000000,1029.20914286,8.50000000
2017.00000000,478.00000000,0.00000000,0.54146546,86727.94577296,232540.09575622,8379.51675750,898.24761905,24003.42321827,86727.94577296,63753.73169755,14513.74876686,29027.49753372,14513.74876686,7.77777778,1.28571429,2.05714286,7782.60000000,1029.20914286,1.50000000,0.80000000,80000.00000000,9.81000000,102.00000000,51.00000000,7782.60000000,1029.20914286,9.27777778
2018.00000000,345.00000000,0.00000000,0.53949144,86660.94903047,235064.44121203,8769.40466426,859.87619048,21216.43313461,86660.94903047,66430.84132442,15189.05443063,30378.10886126,15189.05443063,7.44444444,1.57142857,1.97142857,7449.06000000,986.32542857,1.50000000,0.80000000,80000.00000000,9.81000000,102.00000000,51.00000000,7449.06000000,986.32542857,8.94444444
2019.00000000,110.00000000,0.00000000,0.53887177,85769.47601212,239495.43435556,9678.68899086,907.80000000,14745.19166869,85769.47601212,71924.84234343,16763.98108283,33527.96216566,16763.98108283,8.00000000,2.42857143,1.80000000,8004.96000000,900.55800000,1.50000000,0.80000000,80000.00000000,9.81000000,102.00000000,51.00000000,8004.96000000,900.55800000,9.50000000
2020.00000000,462.00000000,0.00000000,0.53764281,87332.57142050,233585.59427176,8355.88107966,830.24761905,24167.17599781,87332.57142050,64194.60456554,14472.81057198,28945.62114395,14472.81057198,7.11111111,1.14285714,2.05714286,7115.52000000,1029.20914286,1.50000000,0.80000000,80000.00000000,9.81000000,102.00000000,51.00000000,7115.52000000,1029.20914286,8.61111111
2021.00000000,479.00000000,0.00000000,0.53733566,87245.21338430,233434.53766750,8359.29602973,909.58095238,24143.51652968,87245.21338430,64130.90599748,14478.72543901,28957.45087802,14478.72543901,7.88888889,1.28571429,2.05714286,7893.78000000,1029.20914286,1.50000000,0.80000000,80000.00000000,9.81000000,102.00000000,51.00000000,7893.78000000,1029.20914286,9.38888889
2022.00000000,213.00000000,0.00000000,0.53684257,86618.53996707,237878.25559023,9193.97595952,832.83809524,18189.14948677,86618.53996707,69372.83219459,15924.43348545,31848.86697090,15924.43348545,7.22222222,1.85714286,1.88571429,7226.70000000,943.44171429,1.50000000,0.80000000,80000.00000000,9.81000000,102.00000000,51.00000000,7226.70000000,943.44171429,8.72222222
2023.00000000,228.00000000,0.00000000,0.53669345,86549.00080057,237753.40117764,9196.02900559,889.50476190,18174.92556635,86549.00080057,69317.51694850,15927.98946556,31855.97893111,15927.98946556,7.77777778,2.00000000,1.88571429,7782.60000000,943.44171429,1.50000000,0.80000000,80000.00000000,9.81000000,102.00000000,51.00000000,7782.60000000,943.44171429,9.27777778
2024.00000000,480.00000000,0.00000000,0.53335587,87742.93447981,234295.18039515,8339.83940312,920.91428571,24278.31599304,87742.93447981,64493.82762962,14445.02557317,28890.05114634,14445.02557317,8.00000000,1.28571429,2.05714286,8004.96000000,1029.20914286,1.50000000,0.80000000,80000.00000000,9.81000000,102.00000000,51.00000000,8004.96000000,1029.20914286,9.50000000
2025.00000000,463.00000000,0.00000000,0.53304804,87912.83150084,234588.96066068,8333.19788655,841.58095238,24324.32976957,87912.83150084,64617.71087413,14433.52212904,28867.04425807,14433.52212904,7.22222222,1.14285714,2.05714286,7226.70000000,1029.20914286,1.50000000,0.80000000,80000.00000000,9.81000000,102.00000000,51.00000000,7226.70000000,1029.20914286,8.72222222
2026.00000000,346.00000000,0.00000000,0.53298859,87483.66276934,236513.13279570,8741.00828391,871.20952381,21413.16902869,87483.66276934,67056.81916922,15139.87045711,30279.74091423,15139.87045711,7.55555556,1.57142857,1.97142857,7560.24000000,986.32542857,1.50000000,0.80000000,80000.00000000,9.81000000,102.00000000,51.00000000,7560.24000000,986.32542857,9.05555556
2027.00000000,96.00000000,0.00000000,0.53244410,86667.72085674,241142.21657069,9657.08057824,862.46666667,14894.89914279,86667.72085674,72673.37971395,16726.55421430,33453.10842860,16726.55421430,7.55555556,2.28571429,1.80000000,7560.24000000,900.55800000,1.50000000,0.80000000,80000.00000000,9.81000000,102.00000000,51.00000000,7560.24000000,900.55800000,9.05555556
2028.00000000,464.00000000,0.00000000,0.52862418,88470.39350790,235553.07829788,8311.40199346,852.91428571,24475.33614648,88470.39350790,65024.26650427,14395.77053481,28791.54106962,14395.77053481,7.33333333,1.14285714,2.05714286,7337.88000000,1029.20914286,1.50000000,0.80000000,80000.00000000,9.81000000,102.00000000,51.00000000,7337.88000000,1029.20914286,8.83333333
2029.00000000,331.00000000,1.00000000,0.52783222,88237.73819698,237840.96126612,8714.98098955,814.54285714,21593.49141356,88237.73819698,67630.57221199,15094.78986089,30189.57972179,15094.78986089,7.00000000,1.42857143,1.97142857,7004.34000000,986.32542857,1.50000000,0.80000000,80000.00000000,9.81000000,102.00000000,51.00000000,7004.34000000,986.32542857,8.50000000
2030.00000000,229.00000000,0.00000000,0.52747979,87715.99459495,239848.68549028,9161.57515541,900.83809524,18413.62884247,87715.99459495,70245.80746676,15868.31364652,31736.62729305,15868.31364652,7.88888889,2.00000000,1.88571429,7893.78000000,943.44171429,1.50000000,0.80000000,80000.00000000,9.81000000,102.00000000,51.00000000,7893.78000000,943.44171429,9.38888889
2031.00000000,214.00000000,0.00000000,0.52678094,87896.74922863,240173.22221893,9156.23862911,844.17142857,18450.60138118,87896.74922863,70389.58956173,15859.07051185,31718.14102370,15859.07051185,7.33333333,1.85714286,1.88571429,7337.88000000,943.44171429,1.50000000,0.80000000,80000.00000000,9.81000000,102.00000000,51.00000000,7337.88000000,943.44171429,8.83333333
2032.00000000,82.00000000,0.00000000,0.52675329,87466.38372368,242606.43182675,9637.86773569,817.13333333,15028.00962061,87466.38372368,73338.93210307,16693.27659485,33386.55318969,16693.27659485,7.11111111,2.14285714,1.80000000,7115.52000000,900.55800000,1.50000000,0.80000000,80000.00000000,9.81000000,102.00000000,51.00000000,7115.52000000,900.55800000,8.61111111
2033.00000000,347.00000000,0.00000000,0.52672183,88275.50391853,237907.46177579,8713.67748659,882.54285714,21602.52234698,88275.50391853,67659.30700012,15092.53212754,30185.06425508,15092.53212754,7.66666667,1.57142857,1.97142857,7671.42000000,986.32542857,1.50000000,0.80000000,80000.00000000,9.81000000,102.00000000,51.00000000,7671.42000000,986.32542857,9.16666667
2034.00000000,465.00000000,0.00000000,0.52436479,89006.22724744,236479.62413917,8290.45548930,864.24761905,24620.45778428,89006.22724744,65414.97860602,14359.49012536,28718.98025072,14359.49012536,7.44444444,1.14285714,2.05714286,7449.06000000,1029.20914286,1.50000000,0.80000000,80000.00000000,9.81000000,102.00000000,51.00000000,7449.06000000,1029.20914286,8.94444444
2035.00000000,332.00000000,0.00000000,0.52104337,89099.37393397,239358.18941167,8685.24119677,825.87619048,21799.53474197,89099.37393397,68286.16462056,15043.27902879,30086.55805758,15043.27902879,7.11111111,1.42857143,1.97142857,7115.52000000,986.32542857,1.50000000,0.80000000,80000.00000000,9.81000000,102.00000000,51.00000000,7115.52000000,986.32542857,8.61111111
2036.00000000,348.00000000,0.00000000,0.52068233,89037.80785267,239249.77957286,8687.36618117,893.87619048,21784.81241818,89037.80785267,68239.32086305,15046.95960974,30093.91921948,15046.95960974,7.77777778,1.57142857,1.97142857,7782.60000000,986.32542857,1.50000000,0.80000000,80000.00000000,9.81000000,102.00000000,51.00000000,7782.60000000,986.32542857,9.27777778
2037.00000000,466.00000000,0.00000000,0.52026380,89521.24805269,237370.18094826,8270.32259239,875.58095238,24759.94258570,89521.24805269,65790.51460985,14324.61892500,28649.23785001,14324.61892500,7.55555556,1.14285714,2.05714286,7560.24000000,1029.20914286,1.50000000,0.80000000,80000.00000000,9.81000000,102.00000000,51.00000000,7560.24000000,1029.20914286,9.05555556
2038.00000000,230.00000000,0.00000000,0.51859558,88840.35825221,241867.42932946,9128.37990006,912.17142857,18643.61231782,88840.35825221,71140.18764868,15810.81777769,31621.63555537,15810.81777769,8.00000000,2.00000000,1.88571429,8004.96000000,943.44171429,1.50000000,0.80000000,80000.00000000,9.81000000,102.00000000,51.00000000,8004.96000000,943.44171429,9.50000000
2039.00000000,97.00000000,0.00000000,0.51772009,88536.68567336,244568.65206782,9612.12027241,873.80000000,15206.39327889,88536.68567336,74230.85039446,16648.68068028,33297.36136055,16648.68068028,7.66666667,2.28571429,1.80000000,7671.42000000,900.55800000,1.50000000,0.80000000,80000.00000000,9.81000000,102.00000000,51.00000000,7671.42000000,900.55800000,9.16666667
2040.00000000,215.00000000,0.00000000,0.51708818,89126.35881195,242380.93033445,9119.93613584,855.50476190,18702.11243231,89126.35881195,71367.68809392,15796.19274906,31592.38549813,15796.19274906,7.44444444,1.85714286,1.88571429,7449.06000000,943.44171429,1.50000000,0.80000000,80000.00000000,9.81000000,102.00000000,51.00000000,7449.06000000,943.44171429,8.94444444
2041.00000000,467.00000000,0.00000000,0.51631540,90016.32055596,238226.24381849,8250.96950302,886.91428571,24894.02472200,90016.32055596,66151.50497682,14291.09839093,28582.19678186,14291.09839093,7.66666667,1.14285714,2.05714286,7671.42000000,1029.20914286,1.50000000,0.80000000,80000.00000000,9.81000000,102.00000000,51.00000000,7671.42000000,1029.20914286,9.16666667
2042.00000000,349.00000000,0.00000000,0.51486173,89771.83402661,240542.30392264,8662.03089693,905.20952381,21960.34041630,89771.83402661,68797.81903888,15003.07761021,30006.15522042,15003.07761021,7.88888889,1.57142857,1.97142857,7893.78000000,986.32542857,1.50000000,0.80000000,80000.00000000,9.81000000,102.00000000,51.00000000,7893.78000000,986.32542857,9.38888889
2043.00000000,333.00000000,0.00000000,0.51450682,89927.67464998,240816.71893335,8656.65197908,837.20952381,21997.60665232,89927.67464998,68916.39342623,14993.76105120,29987.52210241,14993.76105120,7.22222222,1.42857143,1.97142857,7226.70000000,986.32542857,1.50000000,0.80000000,80000.00000000,9.81000000,102.00000000,51.00000000,7226.70000000,986.32542857,8.72222222
2044.00000000,468.00000000,0.00000000,0.51251413,90492.26215107,239049.22616003,8232.36426810,898.24761905,25022.92557068,90492.26215107,66498.54572325,14258.87317876,28517.74635752,14258.87317876,7.77777778,1.14285714,2.05714286,7782.60000000,1029.20914286,1.50000000,0.80000000,80000.00000000,9.81000000,102.00000000,51.00000000,7782.60000000,1029.20914286,9.27777778
2045.00000000,83.00000000,0.00000000,0.51113006,89452.59324825,246247.81595513,9590.08696054,828.46666667,15359.04454138,89452.59324825,74994.10670688,16610.51786466,33221.03572931,16610.51786466,7.22222222,2.14285714,1.80000000,7226.70000000,900.55800000,1.50000000,0.80000000,80000.00000000,9.81000000,102.00000000,51.00000000,7226.70000000,900.55800000,8.72222222
2046.00000000,451.00000000,1.00000000,0.51104590,90811.56136590,239601.34771902,8219.88240696,818.91428571,25109.40244136,90811.56136590,66731.36806740,14237.25396109,28474.50792218,14237.25396109,7.00000000,1.00000000,2.05714286,7004.34000000,1029.20914286,1.50000000,0.80000000,80000.00000000,9.81000000,102.00000000,51.00000000,7004.34000000,1029.20914286,8.50000000
2047.00000000,350.00000000,0.00000000,0.50925206,90478.77129514,241787.12824331,8637.63059994,916.54285714,22129.39063269,90478.77129514,69335.70609103,14960.81505611,29921.63011223,14960.81505611,8.00000000,1.57142857,1.97142857,8004.96000000,986.32542857,1.50000000,0.80000000,80000.00000000,9.81000000,102.00000000,51.00000000,8004.96000000,986.32542857,9.50000000
2048.00000000,469.00000000,0.00000000,0.50885478,90949.84617598,239840.46520311,8214.47665675,909.58095238,25146.85457742,90949.84617598,66832.20074141,14227.89092707,28455.78185415,14227.89092707,7.88888889,1.14285714,2.05714286,7893.78000000,1029.20914286,1.50000000,0.80000000,80000.00000000,9.81000000,102.00000000,51.00000000,7893.78000000,1029.20914286,9.38888889
2049.00000000,334.00000000,0.00000000,0.50821271,90724.14095690,242219.19221292,8629.16154210,848.54285714,22188.06598659,90724.14095690,69522.40039888,14946.14621764,29892.29243528,14946.14621764,7.33333333,1.42857143,1.97142857,7337.88000000,986.32542857,1.50000000,0.80000000,80000.00000000,9.81000000,102.00000000,51.00000000,7337.88000000,986.32542857,8.83333333
2050.00000000,216.00000000,0.00000000,0.50774994,90309.61919829,244505.42057356,9085.00203742,866.83809524,18944.14296588,90309.61919829,72308.91794669,15735.68511567,31471.37023134,15735.68511567,7.55555556,1.85714286,1.88571429,7560.24000000,943.44171429,1.50000000,0.80000000,80000.00000000,9.81000000,102.00000000,51.00000000,7560.24000000,943.44171429,9.05555556
2051.00000000,201.00000000,1.00000000,0.50682133,90519.68586774,244882.58573006,9078.80011450,810.17142857,18987.11114827,90519.68586774,72476.01643375,15724.94307008,31449.88614015,15724.94307008,7.00000000,1.71428571,1.88571429,7004.34000000,943.44171429,1.50000000,0.80000000,80000.00000000,9.81000000,102.00000000,51.00000000,7004.34000000,943.44171429,8.50000000
2052.00000000,452.00000000,1.00000000,0.50681705,91344.60585836,240523.07048722,8199.04493844,830.24761905,25253.76865807,91344.60585836,67120.04634315,14201.16240691,28402.32481382,14201.16240691,7.11111111,1.00000000,2.05714286,7115.52000000,1029.20914286,1.50000000,0.80000000,80000.00000000,9.81000000,102.00000000,51.00000000,7115.52000000,1029.20914286,8.61111111
2053.00000000,470.00000000,0.00000000,0.50533238,91389.80484148,240601.22706220,8197.27804580,920.91428571,25266.01004933,91389.80484148,67153.00393501,14198.10205910,28396.20411819,14198.10205910,8.00000000,1.14285714,2.05714286,8004.96000000,1029.20914286,1.50000000,0.80000000,80000.00000000,9.81000000,102.00000000,51.00000000,8004.96000000,1029.20914286,9.50000000
2054.00000000,98.00000000,0.00000000,0.50352849,90335.65033689,247866.75395097,9568.84390855,885.13333333,15506.22072282,90335.65033689,75729.98761408,16573.72381930,33147.44763859,16573.72381930,7.77777778,2.28571429,1.80000000,7782.60000000,900.55800000,1.50000000,0.80000000,80000.00000000,9.81000000,102.00000000,51.00000000,7782.60000000,900.55800000,9.27777778
2055.00000000,453.00000000,1.00000000,0.50274921,91856.40431118,241408.05531189,8179.03800787,841.58095238,25392.38073904,91856.40431118,67493.23271500,14166.50938667,28333.01877334,14166.50938667,7.22222222,1.00000000,2.05714286,7226.70000000,1029.20914286,1.50000000,0.80000000,80000.00000000,9.81000000,102.00000000,51.00000000,7226.70000000,1029.20914286,8.72222222
2056.00000000,335.00000000,0.00000000,0.50215170,91490.18472925,243568.09537729,8602.72115428,859.87619048,22371.25036693,91490.18472925,70105.25979089,14900.35012255,29800.70024510,14900.35012255,7.44444444,1.42857143,1.97142857,7449.06000000,986.32542857,1.50000000,0.80000000,80000.00000000,9.81000000,102.00000000,51.00000000,7449.06000000,986.32542857,8.94444444
2057.00000000,454.00000000,1.00000000,0.49883637,92347.86081117,242257.86550979,8159.82627322,852.91428571,25525.48354112,92347.86081117,67851.58641291,14133.23368615,28266.46737230,14133.23368615,7.33333333,1.00000000,2.05714286,7337.88000000,1029.20914286,1.50000000,0.80000000,80000.00000000,9.81000000,102.00000000,51.00000000,7337.88000000,1029.20914286,8.83333333
2058.00000000,217.00000000,0.00000000,0.49875258,91448.64403181,246550.48788828,9051.37393146,878.17142857,19177.12531819,91448.64403181,73214.96042790,15677.43952759,31354.87905519,15677.43952759,7.66666667,1.85714286,1.88571429,7671.42000000,943.44171429,1.50000000,0.80000000,80000.00000000,9.81000000,102.00000000,51.00000000,7671.42000000,943.44171429,9.16666667
2059.00000000,202.00000000,0.00000000,0.49699548,91767.26838208,247122.56342626,9041.96699572,821.50476190,19242.29848075,91767.26838208,73468.41161561,15661.14623696,31322.29247391,15661.14623696,7.11111111,1.71428571,1.88571429,7115.52000000,943.44171429,1.50000000,0.80000000,80000.00000000,9.81000000,102.00000000,51.00000000,7115.52000000,943.44171429,8.61111111
2060.00000000,336.00000000,0.00000000,0.49631495,92227.13556793,244865.76968018,8577.28492375,871.20952381,22547.47774140,92227.13556793,70665.98325510,14856.29327894,29712.58655787,14856.29327894,7.55555556,1.42857143,1.97142857,7560.24000000,986.32542857,1.50000000,0.80000000,80000.00000000,9.81000000,102.00000000,51.00000000,7560.24000000,986.32542857,9.05555556
2061.00000000,84.00000000,0.00000000,0.49608648,91361.75296655,249747.94210534,9544.15971565,839.80000000,15677.23782776,91361.75296655,76585.07313879,16530.96954306,33061.93908612,16530.96954306,7.33333333,2.14285714,1.80000000,7337.88000000,900.55800000,1.50000000,0.80000000,80000.00000000,9.81000000,102.00000000,51.00000000,7337.88000000,900.55800000,8.83333333
2062.00000000,455.00000000,1.00000000,0.49507284,92819.82886683,243073.97693938,8141.37636961,864.24761905,25653.30822286,92819.82886683,68195.72978683,14101.27751571,28202.55503143,14101.27751571,7.44444444,1.00000000,2.05714286,7449.06000000,1029.20914286,1.50000000,0.80000000,80000.00000000,9.81000000,102.00000000,51.00000000,7449.06000000,1029.20914286,8.94444444
2063.00000000,456.00000000,1.00000000,0.49145321,93273.11489656,243857.78403245,8123.65677302,875.58095238,25776.07318925,93273.11489656,68526.25085017,14070.58627412,28141.17254823,14070.58627412,7.55555556,1.00000000,2.05714286,7560.24000000,1029.20914286,1.50000000,0.80000000,80000.00000000,9.81000000,102.00000000,51.00000000,7560.24000000,1029.20914286,9.05555556
2064.00000000,337.00000000,0.00000000,0.49069407,92936.24670700,246114.42190333,8552.80959453,882.54285714,22717.04779640,92936.24670700,71205.52433918,14813.90076519,29627.80153037,14813.90076519,7.66666667,1.42857143,1.97142857,7671.42000000,986.32542857,1.50000000,0.80000000,80000.00000000,9.81000000,102.00000000,51.00000000,7671.42000000,986.32542857,9.16666667
2065.00000000,218.00000000,0.00000000,0.49008313,92545.42036407,248519.69993939,9018.99315307,889.50476190,19401.46593161,92545.42036407,74087.39614674,15621.35437424,31242.70874848,15621.35437424,7.77777778,1.85714286,1.88571429,7782.60000000,943.44171429,1.50000000,0.80000000,80000.00000000,9.81000000,102.00000000,51.00000000,7782.60000000,943.44171429,9.27777778
2066.00000000,99.00000000,0.00000000,0.48984962,92067.89977073,251042.54457966,9527.17246367,896.46666667,15794.92896179,92067.89977073,77173.52880894,16501.54675955,33003.09351911,16501.54675955,7.88888889,2.28571429,1.80000000,7893.78000000,900.55800000,1.50000000,0.80000000,80000.00000000,9.81000000,102.00000000,51.00000000,7893.78000000,900.55800000,9.38888889
2067.00000000,321.00000000,1.00000000,0.48924293,93237.63258835,246645.12312918,8542.40710857,814.54285714,22789.11833324,93237.63258835,71434.83968368,14795.88313098,29591.76626195,14795.88313098,7.00000000,1.28571429,1.97142857,7004.34000000,986.32542857,1.50000000,0.80000000,80000.00000000,9.81000000,102.00000000,51.00000000,7004.34000000,986.32542857,8.50000000
2068.00000000,457.00000000,1.00000000,0.48797237,93708.48143202,244610.60533334,8106.63767498,886.91428571,25893.98495927,93708.48143202,68843.70561561,14041.10833161,28082.21666322,14041.10833161,7.66666667,1.00000000,2.05714286,7671.42000000,1029.20914286,1.50000000,0.80000000,80000.00000000,9.81000000,102.00000000,51.00000000,7671.42000000,1029.20914286,9.16666667
2069.00000000,203.00000000,0.00000000,0.48753684,92966.67200204,249276.03810756,9006.55629103,832.83809524,19487.63103938,92966.67200204,74422.48267695,15599.81309730,31199.62619460,15599.81309730,7.22222222,1.71428571,1.88571429,7226.70000000,943.44171429,1.50000000,0.80000000,80000.00000000,9.81000000,102.00000000,51.00000000,7226.70000000,943.44171429,8.72222222
2070.00000000,338.00000000,0.00000000,0.48528114,93618.70041885,247316.13387418,8529.25435987,893.87619048,22880.24324923,93618.70041885,71724.78259819,14773.10190198,29546.20380396,14773.10190198,7.77777778,1.42857143,1.97142857,7782.60000000,986.32542857,1.50000000,0.80000000,80000.00000000,9.81000000,102.00000000,51.00000000,7782.60000000,986.32542857,9.27777778
2071.00000000,458.00000000,1.00000000,0.48462545,94126.65006358,245333.68859209,8090.29086750,898.24761905,26007.23896365,94126.65006358,69148.62024279,14012.79483052,28025.58966103,14012.79483052,7.77777778,1.00000000,2.05714286,7782.60000000,1029.20914286,1.50000000,0.80000000,80000.00000000,9.81000000,102.00000000,51.00000000,7782.60000000,1029.20914286,9.27777778
2072.00000000,322.00000000,0.00000000,0.48316573,94006.62697675,247999.22194353,8515.86487874,825.87619048,22973.00829568,94006.62697675,72019.94410964,14749.91064037,29499.82128073,14749.91064037,7.11111111,1.28571429,1.97142857,7115.52000000,986.32542857,1.50000000,0.80000000,80000.00000000,9.81000000,102.00000000,51.00000000,7115.52000000,986.32542857,8.61111111
2073.00000000,219.00000000,0.00000000,0.48172930,93601.81799176,250416.41386184,8987.80449914,900.83809524,19617.54726455,93601.81799176,74927.71244150,15567.33404101,31134.66808201,15567.33404101,7.88888889,1.85714286,1.88571429,7893.78000000,943.44171429,1.50000000,0.80000000,80000.00000000,9.81000000,102.00000000,51.00000000,7893.78000000,943.44171429,9.38888889
2074.00000000,85.00000000,0.00000000,0.48159995,93197.63894842,253113.73307211,9499.99516291,851.13333333,15983.21882474,93197.63894842,78114.97812369,16454.47429382,32908.94858763,16454.47429382,7.44444444,2.14285714,1.80000000,7449.06000000,900.55800000,1.50000000,0.80000000,80000.00000000,9.81000000,102.00000000,51.00000000,7449.06000000,900.55800000,8.94444444
2075.00000000,459.00000000,1.00000000,0.48140785,94528.30415167,246028.21545274,8074.58963705,909.58095238,26116.02027917,94528.30415167,69441.49301536,13985.59950164,27971.19900327,13985.59950164,7.88888889,1.00000000,2.05714286,7893.78000000,1029.20914286,1.50000000,0.80000000,80000.00000000,9.81000000,102.00000000,51.00000000,7893.78000000,1029.20914286,9.38888889
2076.00000000,339.00000000,0.00000000,0.48006864,94275.61296661,248472.87118655,8506.58069140,905.20952381,23037.33103239,94275.61296661,72224.60736279,14733.82995619,29467.65991238,14733.82995619,7.88888889,1.42857143,1.97142857,7893.78000000,986.32542857,1.50000000,0.80000000,80000.00000000,9.81000000,102.00000000,51.00000000,7893.78000000,986.32542857,9.38888889
2077.00000000,204.00000000,0.00000000,0.47843070,94120.15259559,251347.06008235,8972.50139910,844.17142857,19723.57025170,94120.15259559,75340.02405818,15540.82829422,31081.65658844,15540.82829422,7.33333333,1.71428571,1.88571429,7337.88000000,943.44171429,1.50000000,0.80000000,80000.00000000,9.81000000,102.00000000,51.00000000,7337.88000000,943.44171429,8.83333333
2078.00000000,460.00000000,1.00000000,0.47831516,94914.09132544,246695.30577405,8059.50866688,920.91428571,26220.50430540,94914.09132544,69722.79616290,13959.47849508,27918.95699016,13959.47849508,8.00000000,1.00000000,2.05714286,8004.96000000,1029.20914286,1.50000000,0.80000000,80000.00000000,9.81000000,102.00000000,51.00000000,8004.96000000,1029.20914286,9.50000000
2079.00000000,323.00000000,0.00000000,0.47731801,94745.69508285,249300.62447818,8490.35556966,837.20952381,23149.74197323,94745.69508285,72582.27853819,14705.72722098,29411.45444196,14705.72722098,7.22222222,1.28571429,1.97142857,7226.70000000,986.32542857,1.50000000,0.80000000,80000.00000000,9.81000000,102.00000000,51.00000000,7226.70000000,986.32542857,8.72222222
2080.00000000,100.00000000,0.00000000,0.47666455,93736.51652673,254101.67529901,9487.03178312,907.80000000,16073.03175446,93736.51652673,78564.04277228,16432.02106139,32864.04212277,16432.02106139,8.00000000,2.28571429,1.80000000,8004.96000000,900.55800000,1.50000000,0.80000000,80000.00000000,9.81000000,102.00000000,51.00000000,8004.96000000,900.55800000,9.50000000
2081.00000000,340.00000000,0.00000000,0.47504943,94908.03914764,249586.49120097,8484.75218225,916.54285714,23188.56338003,94908.03914764,72705.80119618,14696.02186928,29392.04373856,14696.02186928,8.00000000,1.42857143,1.97142857,8004.96000000,986.32542857,1.50000000,0.80000000,80000.00000000,9.81000000,102.00000000,51.00000000,8004.96000000,986.32542857,9.50000000
2082.00000000,71.00000000,1.00000000,0.47399778,94249.76427692,255042.62950769,9474.68496117,805.80000000,16158.57304615,94249.76427692,78991.74923077,16410.63573846,32821.27147692,16410.63573846,7.00000000,2.00000000,1.80000000,7004.34000000,900.55800000,1.50000000,0.80000000,80000.00000000,9.81000000,102.00000000,51.00000000,7004.34000000,900.55800000,8.50000000
2083.00000000,220.00000000,0.00000000,0.47367941,94619.59797988,252243.79156778,8957.75597669,912.17142857,19825.72953485,94619.59797988,75737.31015932,15515.28847343,31030.57694686,15515.28847343,8.00000000,1.85714286,1.88571429,8004.96000000,943.44171429,1.50000000,0.80000000,80000.00000000,9.81000000,102.00000000,51.00000000,8004.96000000,943.44171429,9.50000000
2084.00000000,324.00000000,0.00000000,0.47169095,95456.15857212,250551.65801363,8465.83356339,848.54285714,23319.63541631,95456.15857212,73122.84858437,14663.25386021,29326.50772041,14663.25386021,7.33333333,1.28571429,1.97142857,7337.88000000,986.32542857,1.50000000,0.80000000,80000.00000000,9.81000000,102.00000000,51.00000000,7337.88000000,986.32542857,8.83333333
2085.00000000,205.00000000,0.00000000,0.46966315,95229.82736044,253339.43068286,8939.73981263,855.50476190,19950.54918087,95229.82736044,76222.71989385,15484.08356193,30968.16712385,15484.08356193,7.44444444,1.71428571,1.88571429,7449.06000000,943.44171429,1.50000000,0.80000000,80000.00000000,9.81000000,102.00000000,51.00000000,7449.06000000,943.44171429,8.94444444
2086.00000000,86.00000000,0.00000000,0.46764877,94963.78448542,256351.66655660,9457.50830452,862.46666667,16277.57641424,94963.78448542,79586.76607118,16380.88489644,32761.76979288,16380.88489644,7.55555556,2.14285714,1.80000000,7560.24000000,900.55800000,1.50000000,0.80000000,80000.00000000,9.81000000,102.00000000,51.00000000,7560.24000000,900.55800000,9.05555556
2087.00000000,325.00000000,0.00000000,0.46627622,96139.26241233,251754.51477575,8442.25588922,859.87619048,23482.98633463,96139.26241233,73642.60150628,14622.41613063,29244.83226126,14622.41613063,7.44444444,1.28571429,1.97142857,7449.06000000,986.32542857,1.50000000,0.80000000,80000.00000000,9.81000000,102.00000000,51.00000000,7449.06000000,986.32542857,8.94444444
2088.00000000,206.00000000,0.00000000,0.46122104,96297.68531799,255256.72110664,8908.21280858,866.83809524,20168.97467219,96297.68531799,77072.15236009,15429.47718910,30858.95437819,15429.47718910,7.55555556,1.71428571,1.88571429,7560.24000000,943.44171429,1.50000000,0.80000000,80000.00000000,9.81000000,102.00000000,51.00000000,7560.24000000,943.44171429,9.05555556
2089.00000000,326.00000000,0.00000000,0.46106593,96796.18035759,252911.26159241,8419.58203445,871.20952381,23640.07540849,96796.18035759,74142.43037767,14583.14386216,29166.28772433,14583.14386216,7.55555556,1.28571429,1.97142857,7560.24000000,986.32542857,1.50000000,0.80000000,80000.00000000,9.81000000,102.00000000,51.00000000,7560.24000000,986.32542857,9.05555556
2090.00000000,72.00000000,0.00000000,0.45921842,96123.64121345,258478.07055798,9429.60648810,817.13333333,16470.88586891,96123.64121345,80553.31334454,16332.55753277,32665.11506555,16332.55753277,7.11111111,2.00000000,1.80000000,7115.52000000,900.55800000,1.50000000,0.80000000,80000.00000000,9.81000000,102.00000000,51.00000000,7115.52000000,900.55800000,8.61111111
2091.00000000,191.00000000,1.00000000,0.45765411,96860.09819381,256266.50786097,8891.60835956,810.17142857,20284.01366951,96860.09819381,77519.52623859,15400.71743976,30801.43487953,15400.71743976,7.00000000,1.57142857,1.88571429,7004.34000000,943.44171429,1.50000000,0.80000000,80000.00000000,9.81000000,102.00000000,51.00000000,7004.34000000,943.44171429,8.50000000
2092.00000000,327.00000000,0.00000000,0.45605263,97428.01996841,254023.84873319,8397.77377106,882.54285714,23791.16748934,97428.01996841,74623.17790764,14545.37084195,29090.74168390,14545.37084195,7.66666667,1.28571429,1.97142857,7671.42000000,986.32542857,1.50000000,0.80000000,80000.00000000,9.81000000,102.00000000,51.00000000,7671.42000000,986.32542857,9.16666667
2093.00000000,87.00000000,0.00000000,0.45421218,96663.49929356,259467.81037153,9416.61952111,873.80000000,16560.86221559,96663.49929356,81003.19507797,16310.06344610,32620.12689220,16310.06344610,7.66666667,2.14285714,1.80000000,7671.42000000,900.55800000,1.50000000,0.80000000,80000.00000000,9.81000000,102.00000000,51.00000000,7671.42000000,900.55800000,9.16666667
2094.00000000,207.00000000,0.00000000,0.45309192,97325.59686856,257102.28957245,8877.86516600,878.17142857,20379.22930753,97325.59686856,77889.80927532,15376.91353026,30753.82706052,15376.91353026,7.66666667,1.71428571,1.88571429,7671.42000000,943.44171429,1.50000000,0.80000000,80000.00000000,9.81000000,102.00000000,51.00000000,7671.42000000,943.44171429,9.16666667
2095.00000000,311.00000000,1.00000000,0.45226774,98043.35632374,255107.37579367,8376.53512588,814.54285714,23938.31313953,98043.35632374,75091.36861279,14508.58442940,29017.16885881,14508.58442940,7.00000000,1.14285714,1.97142857,7004.34000000,986.32542857,1.50000000,0.80000000,80000.00000000,9.81000000,102.00000000,51.00000000,7004.34000000,986.32542857,8.50000000
2096.00000000,328.00000000,0.00000000,0.45122927,98035.82721305,255094.11801179,8376.79499694,893.87619048,23936.51270001,98035.82721305,75085.63994160,14509.03453928,29018.06907856,14509.03453928,7.77777778,1.28571429,1.97142857,7782.60000000,986.32542857,1.50000000,0.80000000,80000.00000000,9.81000000,102.00000000,51.00000000,7782.60000000,986.32542857,9.27777778
2097.00000000,192.00000000,0.00000000,0.44879454,97982.28921117,258281.35082396,8858.47724835,821.50476190,20513.55274125,97982.28921117,78412.17818421,15343.33267183,30686.66534366,15343.33267183,7.11111111,1.57142857,1.88571429,7115.52000000,943.44171429,1.50000000,0.80000000,80000.00000000,9.81000000,102.00000000,51.00000000,7115.52000000,943.44171429,8.61111111
2098.00000000,312.00000000,0.00000000,0.44685719,98726.14238984,256309.67299701,8352.96841985,825.87619048,24101.58806838,98726.14238984,75610.87975003,14467.76569719,28935.53139438,14467.76569719,7.11111111,1.14285714,1.97142857,7115.52000000,986.32542857,1.50000000,0.80000000,80000.00000000,9.81000000,102.00000000,51.00000000,7115.52000000,986.32542857,8.61111111
2099.00000000,329.00000000,0.00000000,0.44658917,98620.59069031,256123.81022176,8356.61159008,905.20952381,24076.34744458,98620.59069031,75530.56867431,14474.07585314,28948.15170628,14474.07585314,7.88888889,1.28571429,1.97142857,7893.78000000,986.32542857,1.50000000,0.80000000,80000.00000000,9.81000000,102.00000000,51.00000000,7893.78000000,986.32542857,9.38888889
2100.00000000,208.00000000,0.00000000,0.44526403,98315.32250440,258879.29696407,8848.64490884,889.50476190,20581.67318759,98315.32250440,78677.09103110,15326.30256025,30652.60512049,15326.30256025,7.77777778,1.71428571,1.88571429,7782.60000000,943.44171429,1.50000000,0.80000000,80000.00000000,9.81000000,102.00000000,51.00000000,7782.60000000,943.44171429,9.27777778
2101.00000000,73.00000000,0.00000000,0.44499807,97924.54568926,261779.72876364,9386.28345961,828.46666667,16771.03661488,97924.54568926,82054.06707438,16257.51984628,32515.03969256,16257.51984628,7.22222222,2.00000000,1.80000000,7226.70000000,900.55800000,1.50000000,0.80000000,80000.00000000,9.81000000,102.00000000,51.00000000,7226.70000000,900.55800000,8.72222222
2102.00000000,330.00000000,0.00000000,0.44212599,99183.24550961,257114.57196879,8337.19127473,916.54285714,24210.89533615,99183.24550961,75958.67560203,14440.43888025,28880.87776050,14440.43888025,8.00000000,1.28571429,1.97142857,8004.96000000,986.32542857,1.50000000,0.80000000,80000.00000000,9.81000000,102.00000000,51.00000000,8004.96000000,986.32542857,9.50000000
2103.00000000,313.00000000,0.00000000,0.44165485,99382.09380306,257464.71787683,8330.32792542,837.20952381,24258.44601502,99382.09380306,76109.97321662,14428.55121053,28857.10242106,14428.55121053,7.22222222,1.14285714,1.97142857,7226.70000000,986.32542857,1.50000000,0.80000000,80000.00000000,9.81000000,102.00000000,51.00000000,7226.70000000,986.32542857,8.72222222
2104.00000000,88.00000000,0.00000000,0.44127045,98299.88692191,262467.85435684,9377.25415287,885.13333333,16833.59348699,98299.88692191,82366.85143493,16241.88062825,32483.76125651,16241.88062825,7.77777778,2.14285714,1.80000000,7782.60000000,900.55800000,1.50000000,0.80000000,80000.00000000,9.81000000,102.00000000,51.00000000,7782.60000000,900.55800000,9.27777778
2105.00000000,193.00000000,0.00000000,0.44027030,99061.16058167,260218.41533008,8826.62508877,832.83809524,20734.23097612,99061.16058167,79270.37131984,15288.16311311,30576.32622622,15288.16311311,7.22222222,1.57142857,1.88571429,7226.70000000,943.44171429,1.50000000,0.80000000,80000.00000000,9.81000000,102.00000000,51.00000000,7226.70000000,943.44171429,8.72222222
2106.00000000,209.00000000,0.00000000,0.43772627,99268.52076574,260590.72111511,8820.50307103,900.83809524,20776.64555923,99268.52076574,79435.31692080,15277.55946734,30555.11893467,15277.55946734,7.88888889,1.71428571,1.88571429,7893.78000000,943.44171429,1.50000000,0.80000000,80000.00000000,9.81000000,102.00000000,51.00000000,7893.78000000,943.44171429,9.38888889
2107.00000000,314.00000000,0.00000000,0.43665291,100012.37367532,258574.55852144,8308.57349719,848.54285714,24409.16511490,100012.37367532,76589.53398898,14390.87143556,28781.74287112,14390.87143556,7.33333333,1.14285714,1.97142857,7337.88000000,986.32542857,1.50000000,0.80000000,80000.00000000,9.81000000,102.00000000,51.00000000,7337.88000000,986.32542857,8.83333333
2108.00000000,194.00000000,0.00000000,0.43206811,100098.70074812,262081.27153803,8795.99317485,844.17142857,20946.45510108,100098.70074812,80095.68736133,15235.10708187,30470.21416375,15235.10708187,7.33333333,1.57142857,1.88571429,7337.88000000,943.44171429,1.50000000,0.80000000,80000.00000000,9.81000000,102.00000000,51.00000000,7337.88000000,943.44171429,8.83333333
2109.00000000,315.00000000,0.00000000,0.43184403,100618.07885778,259641.12634274,8287.66727680,859.87619048,24554.00765854,100618.07885778,77050.39662782,14354.66079965,28709.32159930,14354.66079965,7.44444444,1.14285714,1.97142857,7449.06000000,986.32542857,1.50000000,0.80000000,80000.00000000,9.81000000,102.00000000,51.00000000,7449.06000000,986.32542857,8.94444444
2110.00000000,74.00000000,0.00000000,0.43131401,99656.03733659,264954.13011707,9344.63024424,839.80000000,17059.61855610,99656.03733659,83496.97678049,16185.37436098,32370.74872195,16185.37436098,7.33333333,2.00000000,1.80000000,7337.88000000,900.55800000,1.50000000,0.80000000,80000.00000000,9.81000000,102.00000000,51.00000000,7337.88000000,900.55800000,8.83333333
2111.00000000,210.00000000,0.00000000,0.43046812,100186.75551571,262239.36987074,8793.39348171,912.17142857,20964.46630354,100186.75551571,80165.73092646,15230.60428126,30461.20856252,15230.60428126,8.00000000,1.71428571,1.88571429,8004.96000000,943.44171429,1.50000000,0.80000000,80000.00000000,9.81000000,102.00000000,51.00000000,8004.96000000,943.44171429,9.50000000
2112.00000000,89.00000000,0.00000000,0.42880487,99875.86055947,265357.13935904,9339.34211937,896.46666667,17096.25575991,99875.86055947,83680.16279956,16176.21506002,32352.43012004,16176.21506002,7.88888889,2.14285714,1.80000000,7893.78000000,900.55800000,1.50000000,0.80000000,80000.00000000,9.81000000,102.00000000,51.00000000,7893.78000000,900.55800000,9.38888889
2113.00000000,316.00000000,0.00000000,0.42722127,101200.24459316,260666.24426808,8267.57353232,871.20952381,24693.22120395,101200.24459316,77493.34881778,14319.85741330,28639.71482659,14319.85741330,7.55555556,1.14285714,1.97142857,7560.24000000,986.32542857,1.50000000,0.80000000,80000.00000000,9.81000000,102.00000000,51.00000000,7560.24000000,986.32542857,9.05555556
2114.00000000,195.00000000,0.00000000,0.42417544,101096.77829025,263873.27439776,8766.52633941,855.50476190,21150.60732560,101096.77829025,80889.61267893,15184.06902574,30368.13805148,15184.06902574,7.44444444,1.57142857,1.88571429,7449.06000000,943.44171429,1.50000000,0.80000000,80000.00000000,9.81000000,102.00000000,51.00000000,7449.06000000,943.44171429,8.94444444
2115.00000000,317.00000000,0.00000000,0.42277806,101759.84878133,261651.63425160,8248.25851104,882.54285714,24827.03959678,101759.84878133,77919.13461313,14286.40281509,28572.80563018,14286.40281509,7.66666667,1.14285714,1.97142857,7671.42000000,986.32542857,1.50000000,0.80000000,80000.00000000,9.81000000,102.00000000,51.00000000,7671.42000000,986.32542857,9.16666667
2116.00000000,318.00000000,0.00000000,0.41850818,102297.81589545,262598.92416994,8229.69030431,893.87619048,24955.68390668,102297.81589545,78328.45741735,14254.24173762,28508.48347523,14254.24173762,7.77777778,1.14285714,1.97142857,7782.60000000,986.32542857,1.50000000,0.80000000,80000.00000000,9.81000000,102.00000000,51.00000000,7782.60000000,986.32542857,9.27777778
2117.00000000,75.00000000,0.00000000,0.41814472,101321.44797120,268007.38294720,9304.56669099,851.13333333,17337.18699520,101321.44797120,84884.81897600,16115.98225120,32231.96450240,16115.98225120,7.44444444,2.00000000,1.80000000,7449.06000000,900.55800000,1.50000000,0.80000000,80000.00000000,9.81000000,102.00000000,51.00000000,7449.06000000,900.55800000,8.94444444
2118.00000000,301.00000000,1.00000000,0.41688292,102666.00486921,263247.25692809,8216.98207586,814.54285714,25043.72909605,102666.00486921,78608.60120173,14232.23044027,28464.46088054,14232.23044027,7.00000000,1.00000000,1.97142857,7004.34000000,986.32542857,1.50000000,0.80000000,80000.00000000,9.81000000,102.00000000,51.00000000,7004.34000000,986.32542857,8.50000000
2119.00000000,90.00000000,0.00000000,0.41679771,101394.15740971,268140.68358447,9302.81757374,907.80000000,17349.30523495,101394.15740971,84945.41017476,16112.95269126,32225.90538252,16112.95269126,8.00000000,2.14285714,1.80000000,8004.96000000,900.55800000,1.50000000,0.80000000,80000.00000000,9.81000000,102.00000000,51.00000000,8004.96000000,900.55800000,9.50000000
2120.00000000,196.00000000,0.00000000,0.41658052,102057.15082229,265597.57962574,8738.17269134,866.83809524,21347.04716170,102057.15082229,81653.54537488,15134.95906672,30269.91813343,15134.95906672,7.55555556,1.57142857,1.88571429,7560.24000000,943.44171429,1.50000000,0.80000000,80000.00000000,9.81000000,102.00000000,51.00000000,7560.24000000,943.44171429,9.05555556
2121.00000000,319.00000000,0.00000000,0.41440576,102815.02058143,263509.65416047,8211.83872327,905.20952381,25079.36328811,102815.02058143,78721.98272190,14223.32189226,28446.64378452,14223.32189226,7.88888889,1.14285714,1.97142857,7893.78000000,986.32542857,1.50000000,0.80000000,80000.00000000,9.81000000,102.00000000,51.00000000,7893.78000000,986.32542857,9.38888889
2122.00000000,302.00000000,1.00000000,0.41209492,103268.49142663,264308.15717049,8196.18694794,825.87619048,25187.80196848,103268.49142663,79067.01488672,14196.21222217,28392.42444433,14196.21222217,7.11111111,1.00000000,1.97142857,7115.52000000,986.32542857,1.50000000,0.80000000,80000.00000000,9.81000000,102.00000000,51.00000000,7115.52000000,986.32542857,8.61111111
2123.00000000,181.00000000,1.00000000,0.41064141,102944.33224409,267190.47354215,8711.97990785,810.17142857,21528.51608889,102944.33224409,82359.25786949,15089.59183492,30179.18366984,15089.59183492,7.00000000,1.42857143,1.88571429,7004.34000000,943.44171429,1.50000000,0.80000000,80000.00000000,9.81000000,102.00000000,51.00000000,7004.34000000,943.44171429,8.50000000
2124.00000000,320.00000000,0.00000000,0.41046522,103312.29097032,264385.28245395,8194.67518456,916.54285714,25198.27577241,103312.29097032,79100.34062648,14193.59377118,28387.18754237,14193.59377118,8.00000000,1.14285714,1.97142857,8004.96000000,986.32542857,1.50000000,0.80000000,80000.00000000,9.81000000,102.00000000,51.00000000,8004.96000000,986.32542857,9.50000000
2125.00000000,197.00000000,0.00000000,0.40927223,102981.47310958,267257.15827791,8710.88337605,878.17142857,21536.11308410,102981.47310958,82388.80173976,15087.69258612,30175.38517223,15087.69258612,7.66666667,1.57142857,1.88571429,7671.42000000,943.44171429,1.50000000,0.80000000,80000.00000000,9.81000000,102.00000000,51.00000000,7671.42000000,943.44171429,9.16666667
2126.00000000,61.00000000,1.00000000,0.40800620,102719.76981936,270570.97300215,9270.92829534,805.80000000,17570.24063656,102719.76981936,86050.08718280,16057.71884086,32115.43768172,16057.71884086,7.00000000,1.85714286,1.80000000,7004.34000000,900.55800000,1.50000000,0.80000000,80000.00000000,9.81000000,102.00000000,51.00000000,7004.34000000,900.55800000,8.50000000
2127.00000000,303.00000000,1.00000000,0.40749551,103846.95053569,265326.74821036,8176.22113954,837.20952381,25326.12914673,103846.95053569,79507.14681753,14161.63042760,28323.26085520,14161.63042760,7.22222222,1.00000000,1.97142857,7226.70000000,986.32542857,1.50000000,0.80000000,80000.00000000,9.81000000,102.00000000,51.00000000,7226.70000000,986.32542857,8.72222222
2128.00000000,76.00000000,0.00000000,0.40546988,102923.89953071,270945.21080630,9266.01769768,862.46666667,17604.26225512,102923.89953071,86220.19527559,16049.21343622,32098.42687244,16049.21343622,7.55555556,2.00000000,1.80000000,7560.24000000,900.55800000,1.50000000,0.80000000,80000.00000000,9.81000000,102.00000000,51.00000000,7560.24000000,900.55800000,9.05555556
2129.00000000,304.00000000,1.00000000,0.40307788,104402.40464101,266304.83043930,8157.04936047,848.54285714,25458.95512844,104402.40464101,79929.77494114,14128.42393218,28256.84786435,14128.42393218,7.33333333,1.00000000,1.97142857,7337.88000000,986.32542857,1.50000000,0.80000000,80000.00000000,9.81000000,102.00000000,51.00000000,7337.88000000,986.32542857,8.83333333
2130.00000000,182.00000000,0.00000000,0.40269225,103950.08269237,268996.25275611,8682.28654065,821.50476190,21734.23777149,103950.08269237,83159.28663517,15038.16141427,30076.32282854,15038.16141427,7.11111111,1.42857143,1.88571429,7115.52000000,943.44171429,1.50000000,0.80000000,80000.00000000,9.81000000,102.00000000,51.00000000,7115.52000000,943.44171429,8.61111111
2131.00000000,198.00000000,0.00000000,0.40224010,103871.30448298,268854.81006198,8684.61235646,889.50476190,21718.12404684,103871.30448298,83096.62215043,15042.18984543,30084.37969086,15042.18984543,7.77777778,1.57142857,1.88571429,7782.60000000,943.44171429,1.50000000,0.80000000,80000.00000000,9.81000000,102.00000000,51.00000000,7782.60000000,943.44171429,9.27777778
2132.00000000,305.00000000,1.00000000,0.39883562,104935.81898751,267244.10352770,8138.63829480,859.87619048,25586.51073304,104935.81898751,80335.63368304,14096.53503103,28193.07006205,14096.53503103,7.44444444,1.00000000,1.97142857,7449.06000000,986.32542857,1.50000000,0.80000000,80000.00000000,9.81000000,102.00000000,51.00000000,7449.06000000,986.32542857,8.94444444
2133.00000000,199.00000000,0.00000000,0.39547426,104728.11562107,270393.17551446,8659.31621288,900.83809524,21893.38087054,104728.11562107,83778.17646481,14998.37563951,29996.75127901,14998.37563951,7.88888889,1.57142857,1.88571429,7893.78000000,943.44171429,1.50000000,0.80000000,80000.00000000,9.81000000,102.00000000,51.00000000,7893.78000000,943.44171429,9.38888889
2134.00000000,183.00000000,0.00000000,0.39504829,104916.90967397,270732.14665488,8653.74233404,832.83809524,21931.99783591,104916.90967397,83928.35355234,14988.72139817,29977.44279633,14988.72139817,7.22222222,1.42857143,1.88571429,7226.70000000,943.44171429,1.50000000,0.80000000,80000.00000000,9.81000000,102.00000000,51.00000000,7226.70000000,943.44171429,8.72222222
2135.00000000,306.00000000,1.00000000,0.39476267,105448.10556520,268146.17337102,8120.95646476,871.20952381,25709.01404509,105448.10556520,80725.41694868,14065.90920301,28131.81840602,14065.90920301,7.55555556,1.00000000,1.97142857,7560.24000000,986.32542857,1.50000000,0.80000000,80000.00000000,9.81000000,102.00000000,51.00000000,7560.24000000,986.32542857,9.05555556
2136.00000000,62.00000000,0.00000000,0.39461765,104414.66924418,273678.28861434,9230.15535204,817.13333333,17852.72387403,104414.66924418,87462.50337015,15987.09803149,31974.19606298,15987.09803149,7.11111111,1.85714286,1.80000000,7115.52000000,900.55800000,1.50000000,0.80000000,80000.00000000,9.81000000,102.00000000,51.00000000,7115.52000000,900.55800000,8.61111111
2137.00000000,77.00000000,0.00000000,0.39327032,104466.32034419,273772.98229767,9228.91281969,873.80000000,17861.33239070,104466.32034419,87505.54595349,15984.94590233,31969.89180465,15984.94590233,7.66666667,2.00000000,1.80000000,7671.42000000,900.55800000,1.50000000,0.80000000,80000.00000000,9.81000000,102.00000000,51.00000000,7671.42000000,900.55800000,9.16666667
2138.00000000,307.00000000,1.00000000,0.39085329,105940.12673200,269012.55846908,8103.97410560,882.54285714,25826.67128063,105940.12673200,81099.78087994,14036.49489413,28072.98978825,14036.49489413,7.66666667,1.00000000,1.97142857,7671.42000000,986.32542857,1.50000000,0.80000000,80000.00000000,9.81000000,102.00000000,51.00000000,7671.42000000,986.32542857,9.16666667
2139.00000000,200.00000000,0.00000000,0.38896538,105553.29476196,271874.74715378,8634.95395951,912.17142857,22062.16751300,105553.29476196,84434.56896325,14956.17897889,29912.35795779,14956.17897889,8.00000000,1.57142857,1.88571429,8004.96000000,943.44171429,1.50000000,0.80000000,80000.00000000,9.81000000,102.00000000,51.00000000,8004.96000000,943.44171429,9.50000000
2140.00000000,184.00000000,0.00000000,0.38769778,105846.56537065,272401.30120120,8626.29555733,844.17142857,22122.15468296,105846.56537065,84667.85240198,14941.18218640,29882.36437281,14941.18218640,7.33333333,1.42857143,1.88571429,7337.88000000,943.44171429,1.50000000,0.80000000,80000.00000000,9.81000000,102.00000000,51.00000000,7337.88000000,943.44171429,8.83333333
2141.00000000,308.00000000,1.00000000,0.38710207,106412.69854471,269844.69579147,8087.66305073,893.87619048,25939.67758367,106412.69854471,81459.34638961,14008.24331837,28016.48663673,14008.24331837,7.77777778,1.00000000,1.97142857,7782.60000000,986.32542857,1.50000000,0.80000000,80000.00000000,9.81000000,102.00000000,51.00000000,7782.60000000,986.32542857,9.27777778
2142.00000000,309.00000000,1.00000000,0.38350387,106866.59382536,270643.94617696,8071.99662580,905.20952381,26048.21775948,106866.59382536,81804.70149445,13981.10827442,27962.21654883,13981.10827442,7.88888889,1.00000000,1.97142857,7893.78000000,986.32542857,1.50000000,0.80000000,80000.00000000,9.81000000,102.00000000,51.00000000,7893.78000000,986.32542857,9.38888889
2143.00000000,63.00000000,0.00000000,0.38174268,106043.90820208,276665.22670381,9190.96195409,828.46666667,18124.26370035,106043.90820208,88820.20250173,15919.21307491,31838.42614983,15919.21307491,7.22222222,1.85714286,1.80000000,7226.70000000,900.55800000,1.50000000,0.80000000,80000.00000000,9.81000000,102.00000000,51.00000000,7226.70000000,900.55800000,8.72222222
2144.00000000,78.00000000,0.00000000,0.38152804,105951.45991145,276495.73817099,9193.18591432,885.13333333,18108.85565191,105951.45991145,88743.16225954,15923.06508702,31846.13017405,15923.06508702,7.77777778,2.00000000,1.80000000,7782.60000000,900.55800000,1.50000000,0.80000000,80000.00000000,9.81000000,102.00000000,51.00000000,7782.60000000,900.55800000,9.27777778
2145.00000000,185.00000000,0.00000000,0.38062965,106740.69835051,274006.67632412,8599.89753887,855.50476190,22305.04551975,106740.69835051,85379.09454505,14895.45947721,29790.91895441,14895.45947721,7.44444444,1.42857143,1.88571429,7449.06000000,943.44171429,1.50000000,0.80000000,80000.00000000,9.81000000,102.00000000,51.00000000,7449.06000000,943.44171429,8.94444444
2146.00000000,310.00000000,1.00000000,0.38005382,107302.54498697,271411.59930935,8056.94955121,916.54285714,26152.46695030,107302.54498697,82136.40346524,13955.04597671,27910.09195342,13955.04597671,8.00000000,1.00000000,1.97142857,8004.96000000,986.32542857,1.50000000,0.80000000,80000.00000000,9.81000000,102.00000000,51.00000000,8004.96000000,986.32542857,9.50000000
2147.00000000,186.00000000,0.00000000,0.37383351,107600.86111520,275551.05946982,8574.50244322,866.83809524,22480.98790343,107600.86111520,86063.31492605,14851.47388128,29702.94776257,14851.47388128,7.55555556,1.42857143,1.88571429,7560.24000000,943.44171429,1.50000000,0.80000000,80000.00000000,9.81000000,102.00000000,51.00000000,7560.24000000,943.44171429,9.05555556
2148.00000000,79.00000000,0.00000000,0.37022611,107381.90234887,279118.21597293,9158.77481739,896.46666667,18347.26272481,107381.90234887,89935.19762406,15863.46331880,31726.92663759,15863.46331880,7.88888889,2.00000000,1.80000000,7893.78000000,900.55800000,1.50000000,0.80000000,80000.00000000,9.81000000,102.00000000,51.00000000,7893.78000000,900.55800000,9.38888889
2149.00000000,64.00000000,0.00000000,0.36936055,107610.62405324,279537.53909761,9153.27262832,839.80000000,18385.38300887,107610.62405324,90125.79904437,15853.93324778,31707.86649556,15853.93324778,7.33333333,1.85714286,1.80000000,7337.88000000,900.55800000,1.50000000,0.80000000,80000.00000000,9.81000000,102.00000000,51.00000000,7337.88000000,900.55800000,8.83333333
2150.00000000,187.00000000,0.00000000,0.36729959,108428.51699708,277037.07798502,8550.06706756,878.17142857,22650.28115200,108428.51699708,86721.67755937,14809.15056914,29618.30113829,14809.15056914,7.66666667,1.42857143,1.88571429,7671.42000000,943.44171429,1.50000000,0.80000000,80000.00000000,9.81000000,102.00000000,51.00000000,7671.42000000,943.44171429,9.16666667
2151.00000000,171.00000000,1.00000000,0.36579491,108787.60653000,277681.80691913,8539.46545423,810.17142857,22723.73128373,108787.60653000,87007.31696055,14790.78803621,29581.57607242,14790.78803621,7.00000000,1.28571429,1.88571429,7004.34000000,943.44171429,1.50000000,0.80000000,80000.00000000,9.81000000,102.00000000,51.00000000,7004.34000000,943.44171429,8.50000000
2152.00000000,188.00000000,0.00000000,0.36101869,109225.04647044,278467.21044855,8526.55065533,889.50476190,22813.20763519,109225.04647044,87355.28054954,14768.41894835,29536.83789669,14768.41894835,7.77777778,1.42857143,1.88571429,7782.60000000,943.44171429,1.50000000,0.80000000,80000.00000000,9.81000000,102.00000000,51.00000000,7782.60000000,943.44171429,9.27777778
2153.00000000,80.00000000,0.00000000,0.35934868,108760.07864000,281644.87250667,9125.62104853,907.80000000,18576.95877333,108760.07864000,91083.67786667,15806.03930667,31612.07861333,15806.03930667,8.00000000,2.00000000,1.80000000,8004.96000000,900.55800000,1.50000000,0.80000000,80000.00000000,9.81000000,102.00000000,51.00000000,8004.96000000,900.55800000,9.50000000
2154.00000000,172.00000000,0.00000000,0.35870127,109685.11283086,279293.23868657,8512.96784321,821.50476190,22907.31211800,109685.11283086,87721.24242714,14744.89282764,29489.78565529,14744.89282764,7.11111111,1.28571429,1.88571429,7115.52000000,943.44171429,1.50000000,0.80000000,80000.00000000,9.81000000,102.00000000,51.00000000,7115.52000000,943.44171429,8.61111111
2155.00000000,65.00000000,0.00000000,0.35745182,109117.75741411,282300.61692587,9117.01663450,851.13333333,18636.57190235,109117.75741411,91381.74351176,15791.13602441,31582.27204882,15791.13602441,7.44444444,1.85714286,1.80000000,7449.06000000,900.55800000,1.50000000,0.80000000,80000.00000000,9.81000000,102.00000000,51.00000000,7449.06000000,900.55800000,8.94444444
2156.00000000,189.00000000,0.00000000,0.35498215,109991.75293424,279843.79705401,8503.91472551,900.83809524,22970.03395733,109991.75293424,87965.16069120,14729.21236781,29458.42473562,14729.21236781,7.88888889,1.42857143,1.88571429,7893.78000000,943.44171429,1.50000000,0.80000000,80000.00000000,9.81000000,102.00000000,51.00000000,7893.78000000,943.44171429,9.38888889
2157.00000000,173.00000000,0.00000000,0.35188493,110547.67801138,280841.93526069,8487.50181962,832.83809524,23083.74590492,110547.67801138,88407.37382074,14700.78438091,29401.56876182,14700.78438091,7.22222222,1.28571429,1.88571429,7226.70000000,943.44171429,1.50000000,0.80000000,80000.00000000,9.81000000,102.00000000,51.00000000,7226.70000000,943.44171429,8.72222222
2158.00000000,190.00000000,0.00000000,0.34918183,110729.86801719,281169.04913477,8482.12291598,912.17142857,23121.01204248,110729.86801719,88552.29768900,14691.46784652,29382.93569305,14691.46784652,8.00000000,1.42857143,1.88571429,8004.96000000,943.44171429,1.50000000,0.80000000,80000.00000000,9.81000000,102.00000000,51.00000000,8004.96000000,943.44171429,9.50000000
2159.00000000,66.00000000,0.00000000,0.34599831,110568.06734157,284959.51845954,9082.12760004,862.46666667,18878.29022359,110568.06734157,92590.33511797,15730.70644410,31461.41288820,15730.70644410,7.55555556,1.85714286,1.80000000,7560.24000000,900.55800000,1.50000000,0.80000000,80000.00000000,9.81000000,102.00000000,51.00000000,7560.24000000,900.55800000,9.05555556
2160.00000000,174.00000000,0.00000000,0.34533564,111376.84521252,282330.66728092,8463.02182438,844.17142857,23253.34828698,111376.84521252,89066.93863983,14658.38378540,29316.76757080,14658.38378540,7.33333333,1.28571429,1.88571429,7337.88000000,943.44171429,1.50000000,0.80000000,80000.00000000,9.81000000,102.00000000,51.00000000,7337.88000000,943.44171429,8.83333333
2161.00000000,51.00000000,1.00000000,0.34513002,110833.14354947,285445.49150737,9075.75085755,805.80000000,18922.46959158,110833.14354947,92811.23195789,15719.66160211,31439.32320421,15719.66160211,7.00000000,1.71428571,1.80000000,7004.34000000,900.55800000,1.50000000,0.80000000,80000.00000000,9.81000000,102.00000000,51.00000000,7004.34000000,900.55800000,8.50000000
2162.00000000,175.00000000,0.00000000,0.33904376,112174.06802509,283762.04460350,8439.48494229,855.50476190,23416.41658955,112174.06802509,89701.09314983,14617.61670976,29235.23341951,14617.61670976,7.44444444,1.28571429,1.88571429,7449.06000000,943.44171429,1.50000000,0.80000000,80000.00000000,9.81000000,102.00000000,51.00000000,7449.06000000,943.44171429,8.94444444
2163.00000000,67.00000000,0.00000000,0.33498304,111964.14513225,287518.99440912,9048.54318803,873.80000000,19110.96985537,111964.14513225,93753.73327687,15672.53653616,31345.07307231,15672.53653616,7.66666667,1.85714286,1.80000000,7671.42000000,900.55800000,1.50000000,0.80000000,80000.00000000,9.81000000,102.00000000,51.00000000,7671.42000000,900.55800000,9.16666667
2164.00000000,52.00000000,0.00000000,0.33307162,112362.22545777,288248.80833924,9038.96686374,817.13333333,19177.31657629,112362.22545777,94085.46688147,15655.94985593,31311.89971185,15655.94985593,7.11111111,1.71428571,1.80000000,7115.52000000,900.55800000,1.50000000,0.80000000,80000.00000000,9.81000000,102.00000000,51.00000000,7115.52000000,900.55800000,8.61111111
2165.00000000,176.00000000,0.00000000,0.33300027,112940.71689274,285138.52779768,8416.85071291,866.83809524,23573.23113066,112940.71689274,90310.92747637,14578.41307448,29156.82614896,14578.41307448,7.55555556,1.28571429,1.88571429,7560.24000000,943.44171429,1.50000000,0.80000000,80000.00000000,9.81000000,102.00000000,51.00000000,7560.24000000,943.44171429,9.05555556
2166.00000000,177.00000000,0.00000000,0.32719668,113678.08497325,286462.43866951,8395.08095758,878.17142857,23724.05641985,113678.08497325,90897.47026768,14540.70675218,29081.41350436,14540.70675218,7.66666667,1.28571429,1.88571429,7671.42000000,943.44171429,1.50000000,0.80000000,80000.00000000,9.81000000,102.00000000,51.00000000,7671.42000000,943.44171429,9.16666667
2167.00000000,68.00000000,0.00000000,0.32439017,113308.42688214,289983.51095059,9016.20479511,885.13333333,19335.01681369,113308.42688214,94873.96806845,15616.52479658,31233.04959316,15616.52479658,7.77777778,1.85714286,1.80000000,7782.60000000,900.55800000,1.50000000,0.80000000,80000.00000000,9.81000000,102.00000000,51.00000000,7782.60000000,900.55800000,9.27777778
2168.00000000,161.00000000,1.00000000,0.32315094,114403.95754267,287765.70987369,8373.65059104,810.17142857,23872.53035451,114403.95754267,91474.86890245,14503.58826852,29007.17653703,14503.58826852,7.00000000,1.14285714,1.88571429,7004.34000000,943.44171429,1.50000000,0.80000000,80000.00000000,9.81000000,102.00000000,51.00000000,7004.34000000,943.44171429,8.50000000
2169.00000000,178.00000000,0.00000000,0.32162503,114387.39351097,287735.96990769,8374.13962078,889.50476190,23869.14225711,114387.39351097,91461.69296814,14504.43529286,29008.87058573,14504.43529286,7.77777778,1.28571429,1.88571429,7782.60000000,943.44171429,1.50000000,0.80000000,80000.00000000,9.81000000,102.00000000,51.00000000,7782.60000000,943.44171429,9.27777778
2170.00000000,53.00000000,0.00000000,0.32148401,113832.24347769,290943.84137576,9003.60372626,828.46666667,19422.31957961,113832.24347769,95310.48189807,15594.69910510,31189.39821019,15594.69910510,7.22222222,1.71428571,1.80000000,7226.70000000,900.55800000,1.50000000,0.80000000,80000.00000000,9.81000000,102.00000000,51.00000000,7226.70000000,900.55800000,8.72222222
2171.00000000,162.00000000,0.00000000,0.31686089,115200.73692792,289196.29104265,8350.12680051,821.50476190,24035.50795603,115200.73692792,92108.67068617,14462.84386813,28925.68773627,14462.84386813,7.11111111,1.14285714,1.88571429,7115.52000000,943.44171429,1.50000000,0.80000000,80000.00000000,9.81000000,102.00000000,51.00000000,7115.52000000,943.44171429,8.61111111
2172.00000000,179.00000000,0.00000000,0.31627783,115069.79676722,288961.19393594,8353.99262457,900.83809524,24008.72474135,115069.79676722,92004.51374016,14469.53967181,28939.07934361,14469.53967181,7.88888889,1.28571429,1.88571429,7893.78000000,943.44171429,1.50000000,0.80000000,80000.00000000,9.81000000,102.00000000,51.00000000,7893.78000000,943.44171429,9.38888889
2173.00000000,69.00000000,0.00000000,0.31420497,114603.20493446,292357.27071317,8985.05727607,896.46666667,19550.81315574,114603.20493446,95952.94977871,15562.57571106,31125.15142213,15562.57571106,7.88888889,1.85714286,1.80000000,7893.78000000,900.55800000,1.50000000,0.80000000,80000.00000000,9.81000000,102.00000000,51.00000000,7893.78000000,900.55800000,9.38888889
2174.00000000,180.00000000,0.00000000,0.31114805,115726.38655050,290140.07104685,8334.60773483,912.17142857,24143.02719702,115726.38655050,92526.80106777,14435.96405789,28871.92811578,14435.96405789,8.00000000,1.28571429,1.88571429,8004.96000000,943.44171429,1.50000000,0.80000000,80000.00000000,9.81000000,102.00000000,51.00000000,8004.96000000,943.44171429,9.50000000
2175.00000000,163.00000000,0.00000000,0.31082261,115966.18701879,290570.62188764,8327.52796333,832.83809524,24192.07729280,115966.18701879,92717.55144027,14423.70153394,28847.40306788,14423.70153394,7.22222222,1.14285714,1.88571429,7226.70000000,943.44171429,1.50000000,0.80000000,80000.00000000,9.81000000,102.00000000,51.00000000,7226.70000000,943.44171429,8.72222222
2176.00000000,54.00000000,0.00000000,0.31034897,115245.96314247,293535.66076120,8969.59491672,839.80000000,19657.93952375,115245.96314247,96488.58161873,15535.79411906,31071.58823813,15535.79411906,7.33333333,1.71428571,1.80000000,7337.88000000,900.55800000,1.50000000,0.80000000,80000.00000000,9.81000000,102.00000000,51.00000000,7337.88000000,900.55800000,8.83333333
2177.00000000,164.00000000,0.00000000,0.30502729,116701.66574137,291891.14050318,8305.81398864,844.17142857,24342.51612242,116701.66574137,93302.59133324,14386.09182654,28772.18365307,14386.09182654,7.33333333,1.14285714,1.88571429,7337.88000000,943.44171429,1.50000000,0.80000000,80000.00000000,9.81000000,102.00000000,51.00000000,7337.88000000,943.44171429,8.83333333
2178.00000000,70.00000000,0.00000000,0.30441371,115850.63832897,294644.23193645,8955.04869248,907.80000000,19758.71872150,115850.63832897,96992.47760748,15510.59931963,31021.19863925,15510.59931963,8.00000000,1.85714286,1.80000000,8004.96000000,900.55800000,1.50000000,0.80000000,80000.00000000,9.81000000,102.00000000,51.00000000,8004.96000000,900.55800000,9.50000000
2179.00000000,55.00000000,0.00000000,0.29964960,116605.97998551,296029.02497344,8936.87799628,851.13333333,19884.60899759,116605.97998551,97621.92898793,15479.12675060,30958.25350121,15479.12675060,7.44444444,1.71428571,1.80000000,7449.06000000,900.55800000,1.50000000,0.80000000,80000.00000000,9.81000000,102.00000000,51.00000000,7449.06000000,900.55800000,8.94444444
2180.00000000,165.00000000,0.00000000,0.29946666,117408.45366277,293160.14608932,8284.94706949,855.50476190,24487.08637907,117408.45366277,93864.80899798,14349.94926237,28699.89852475,14349.94926237,7.44444444,1.14285714,1.88571429,7449.06000000,943.44171429,1.50000000,0.80000000,80000.00000000,9.81000000,102.00000000,51.00000000,7449.06000000,943.44171429,8.94444444
2181.00000000,166.00000000,0.00000000,0.29413300,118087.75942255,294379.80870347,8264.89152250,866.83809524,24626.03528448,118087.75942255,94405.16585235,14315.21203602,28630.42407204,14315.21203602,7.55555556,1.14285714,1.88571429,7560.24000000,943.44171429,1.50000000,0.80000000,80000.00000000,9.81000000,102.00000000,51.00000000,7560.24000000,943.44171429,9.05555556
2182.00000000,56.00000000,0.00000000,0.28937021,117914.73240519,298428.40440951,8905.39430621,862.46666667,20102.73440086,117914.73240519,98712.55600432,15424.59539978,30849.19079957,15424.59539978,7.55555556,1.71428571,1.80000000,7560.24000000,900.55800000,1.50000000,0.80000000,80000.00000000,9.81000000,102.00000000,51.00000000,7560.24000000,900.55800000,9.05555556
2183.00000000,167.00000000,0.00000000,0.28901905,118740.72471288,295552.17820203,8245.61364083,878.17142857,24759.59636660,118740.72471288,94924.57006057,14281.82176549,28563.64353099,14281.82176549,7.66666667,1.14285714,1.88571429,7671.42000000,943.44171429,1.50000000,0.80000000,80000.00000000,9.81000000,102.00000000,51.00000000,7671.42000000,943.44171429,9.16666667
2184.00000000,41.00000000,1.00000000,0.28556211,118611.94516701,299706.62780619,8888.62197388,805.80000000,20218.93652784,118611.94516701,99293.56663918,15395.54486804,30791.08973608,15395.54486804,7.00000000,1.57142857,1.80000000,7004.34000000,900.55800000,1.50000000,0.80000000,80000.00000000,9.81000000,102.00000000,51.00000000,7004.34000000,900.55800000,8.50000000
2185.00000000,168.00000000,0.00000000,0.28411804,119368.42885057,296679.19244924,8227.08155915,889.50476190,24887.99039476,119368.42885057,95423.88017010,14249.72325845,28499.44651691,14249.72325845,7.77777778,1.14285714,1.88571429,7782.60000000,943.44171429,1.50000000,0.80000000,80000.00000000,9.81000000,102.00000000,51.00000000,7782.60000000,943.44171429,9.27777778
2186.00000000,151.00000000,1.00000000,0.28279437,119806.35232629,297465.46414428,8214.15248455,810.17142857,24977.56565116,119806.35232629,95772.22838942,14227.32944435,28454.65888871,14227.32944435,7.00000000,1.00000000,1.88571429,7004.34000000,943.44171429,1.50000000,0.80000000,80000.00000000,9.81000000,102.00000000,51.00000000,7004.34000000,943.44171429,8.50000000
2187.00000000,57.00000000,0.00000000,0.27949629,119174.51337891,300738.00286134,8875.08868603,873.80000000,20312.69789649,119174.51337891,99762.37348243,15372.10452588,30744.20905176,15372.10452588,7.66666667,1.71428571,1.80000000,7671.42000000,900.55800000,1.50000000,0.80000000,80000.00000000,9.81000000,102.00000000,51.00000000,7671.42000000,900.55800000,9.16666667
2188.00000000,169.00000000,0.00000000,0.27942358,119971.89297942,297762.68486239,8209.26512963,900.83809524,25011.42623930,119971.89297942,95903.90845441,14218.86429732,28437.72859464,14218.86429732,7.88888889,1.14285714,1.88571429,7893.78000000,943.44171429,1.50000000,0.80000000,80000.00000000,9.81000000,102.00000000,51.00000000,7893.78000000,943.44171429,9.38888889
2189.00000000,152.00000000,1.00000000,0.27726025,120509.30944260,298727.59169402,8193.39866453,821.50476190,25121.35233404,120509.30944260,96331.39882285,14191.38277363,28382.76554727,14191.38277363,7.11111111,1.00000000,1.88571429,7115.52000000,943.44171429,1.50000000,0.80000000,80000.00000000,9.81000000,102.00000000,51.00000000,7115.52000000,943.44171429,8.61111111
2190.00000000,170.00000000,0.00000000,0.27492969,120552.08393738,298804.39135509,8192.13580774,912.17142857,25130.10166252,120552.08393738,96365.42398915,14189.19544151,28378.39088303,14189.19544151,8.00000000,1.14285714,1.88571429,8004.96000000,943.44171429,1.50000000,0.80000000,80000.00000000,9.81000000,102.00000000,51.00000000,8004.96000000,943.44171429,9.50000000
2191.00000000,42.00000000,0.00000000,0.27478628,119987.22020158,302227.96536956,8855.53799841,817.13333333,20448.14903360,119987.22020158,100439.62916798,15338.24174160,30676.48348320,15338.24174160,7.11111111,1.57142857,1.80000000,7115.52000000,900.55800000,1.50000000,0.80000000,80000.00000000,9.81000000,102.00000000,51.00000000,7115.52000000,900.55800000,8.61111111
2192.00000000,153.00000000,1.00000000,0.27195473,121184.21676180,299939.35710804,8173.47297532,832.83809524,25259.40155842,121184.21676180,96868.25691767,14156.87046754,28313.74093508,14156.87046754,7.22222222,1.00000000,1.88571429,7226.70000000,943.44171429,1.50000000,0.80000000,80000.00000000,9.81000000,102.00000000,51.00000000,7226.70000000,943.44171429,8.72222222
2193.00000000,58.00000000,0.00000000,0.27001448,120387.48114460,302961.77709843,8845.90921661,885.13333333,20514.85919077,120387.48114460,100773.17995383,15321.56420231,30643.12840462,15321.56420231,7.77777778,1.71428571,1.80000000,7782.60000000,900.55800000,1.50000000,0.80000000,80000.00000000,9.81000000,102.00000000,51.00000000,7782.60000000,900.55800000,9.27777778
2194.00000000,154.00000000,1.00000000,0.26687034,121832.26789228,301102.90345594,8154.34017729,844.17142857,25391.95747147,121832.26789228,97383.75213509,14123.73148927,28247.46297855,14123.73148927,7.33333333,1.00000000,1.88571429,7337.88000000,943.44171429,1.50000000,0.80000000,80000.00000000,9.81000000,102.00000000,51.00000000,7337.88000000,943.44171429,8.83333333
2195.00000000,43.00000000,0.00000000,0.26444371,121309.39110633,304651.94536160,8823.73150975,828.46666667,20668.51085105,121309.39110633,101541.43825527,15283.15128724,30566.30257447,15283.15128724,7.22222222,1.57142857,1.80000000,7226.70000000,900.55800000,1.50000000,0.80000000,80000.00000000,9.81000000,102.00000000,51.00000000,7226.70000000,900.55800000,8.72222222
2196.00000000,155.00000000,1.00000000,0.26200014,122454.58966712,302220.25391532,8135.96700231,855.50476190,25519.25056178,122454.58966712,97878.78081962,14091.90821670,28183.81643340,14091.90821670,7.44444444,1.00000000,1.88571429,7449.06000000,943.44171429,1.50000000,0.80000000,80000.00000000,9.81000000,102.00000000,51.00000000,7449.06000000,943.44171429,8.94444444
2197.00000000,59.00000000,0.00000000,0.26091245,121555.66895429,305103.45474953,8817.80698551,896.46666667,20709.55715905,121555.66895429,101746.66979524,15272.88971024,30545.77942048,15272.88971024,7.88888889,1.71428571,1.80000000,7893.78000000,900.55800000,1.50000000,0.80000000,80000.00000000,9.81000000,102.00000000,51.00000000,7893.78000000,900.55800000,9.38888889
2198.00000000,156.00000000,1.00000000,0.25733763,123052.24674933,303293.32004018,8118.32201767,866.83809524,25641.49860132,123052.24674933,98354.18986229,14061.34620681,28122.69241362,14061.34620681,7.55555556,1.00000000,1.88571429,7560.24000000,943.44171429,1.50000000,0.80000000,80000.00000000,9.81000000,102.00000000,51.00000000,7560.24000000,943.44171429,9.05555556
2199.00000000,44.00000000,0.00000000,0.25451903,122580.89544787,306983.03665443,8793.14386917,839.80000000,20880.42824131,122580.89544787,102601.02520656,15230.17193967,30460.34387934,15230.17193967,7.33333333,1.57142857,1.80000000,7337.88000000,900.55800000,1.50000000,0.80000000,80000.00000000,9.81000000,102.00000000,51.00000000,7337.88000000,900.55800000,8.83333333
2200.00000000,157.00000000,1.00000000,0.25287675,123626.24586104,304323.90935440,8101.37550134,878.17142857,25758.90751054,123626.24586104,98810.78006479,14031.99397951,28063.98795902,14031.99397951,7.66666667,1.00000000,1.88571429,7671.42000000,943.44171429,1.50000000,0.80000000,80000.00000000,9.81000000,102.00000000,51.00000000,7671.42000000,943.44171429,9.16666667
2201.00000000,60.00000000,0.00000000,0.25217893,122680.99399266,307166.55065321,8790.73587243,907.80000000,20897.11133211,122680.99399266,102684.44066055,15226.00116697,30452.00233394,15226.00116697,8.00000000,1.71428571,1.80000000,8004.96000000,900.55800000,1.50000000,0.80000000,80000.00000000,9.81000000,102.00000000,51.00000000,8004.96000000,900.55800000,9.50000000
2202.00000000,158.00000000,1.00000000,0.24861181,124177.53967222,305313.73233356,8085.09932706,889.50476190,25871.67215373,124177.53967222,99249.30923277,14003.80281871,28007.60563742,14003.80281871,7.77777778,1.00000000,1.88571429,7782.60000000,943.44171429,1.50000000,0.80000000,80000.00000000,9.81000000,102.00000000,51.00000000,7782.60000000,943.44171429,9.27777778
2203.00000000,45.00000000,0.00000000,0.24499818,123804.02385662,309225.43873714,8763.71997267,851.13333333,21084.28297610,123804.02385662,103620.29888052,15179.20825597,30358.41651195,15179.20825597,7.44444444,1.57142857,1.80000000,7449.06000000,900.55800000,1.50000000,0.80000000,80000.00000000,9.81000000,102.00000000,51.00000000,7449.06000000,900.55800000,8.94444444
2204.00000000,159.00000000,1.00000000,0.24453749,124707.03038023,306264.40883203,8069.46685874,900.83809524,25979.97707128,124707.03038023,99670.49502323,13976.72658932,27953.45317865,13976.72658932,7.88888889,1.00000000,1.88571429,7893.78000000,943.44171429,1.50000000,0.80000000,80000.00000000,9.81000000,102.00000000,51.00000000,7893.78000000,943.44171429,9.38888889
2205.00000000,160.00000000,1.00000000,0.24064881,125215.57300872,307177.47400592,8054.45285299,912.17142857,26083.99715438,125215.57300872,100075.01756863,13950.72156855,27901.44313709,13950.72156855,8.00000000,1.00000000,1.88571429,8004.96000000,943.44171429,1.50000000,0.80000000,80000.00000000,9.81000000,102.00000000,51.00000000,8004.96000000,943.44171429,9.50000000
2206.00000000,46.00000000,0.00000000,0.23586833,124980.93093404,311383.10171241,8735.40798859,862.46666667,21280.43415567,124980.93093404,104601.05477837,15130.17046108,30260.34092216,15130.17046108,7.55555556,1.57142857,1.80000000,7560.24000000,900.55800000,1.50000000,0.80000000,80000.00000000,9.81000000,102.00000000,51.00000000,7560.24000000,900.55800000,9.05555556
2207.00000000,31.00000000,1.00000000,0.22971013,126076.45176970,313391.55657778,8709.05385320,805.80000000,21463.02096162,126076.45176970,105513.98880808,15084.52375960,30169.04751919,15084.52375960,7.00000000,1.42857143,1.80000000,7004.34000000,900.55800000,1.50000000,0.80000000,80000.00000000,9.81000000,102.00000000,51.00000000,7004.34000000,900.55800000,8.50000000
2208.00000000,47.00000000,0.00000000,0.22711779,126113.64520251,313459.74453793,8708.15911826,873.80000000,21469.21986708,126113.64520251,105544.98333542,15082.97403323,30165.94806646,15082.97403323,7.66666667,1.57142857,1.80000000,7671.42000000,900.55800000,1.50000000,0.80000000,80000.00000000,9.81000000,102.00000000,51.00000000,7671.42000000,900.55800000,9.16666667
2209.00000000,32.00000000,0.00000000,0.22020530,127308.90023735,315651.04543514,8679.40575093,817.13333333,21668.42903956,127308.90023735,106541.02919779,15033.17174011,30066.34348022,15033.17174011,7.11111111,1.42857143,1.80000000,7115.52000000,900.55800000,1.50000000,0.80000000,80000.00000000,9.81000000,102.00000000,51.00000000,7115.52000000,900.55800000,8.61111111
2210.00000000,48.00000000,0.00000000,0.21873602,127204.07819444,315458.87168980,8681.92737737,885.13333333,21650.95869907,127204.07819444,106453.67749537,15037.53932523,30075.07865046,15037.53932523,7.77777778,1.57142857,1.80000000,7782.60000000,900.55800000,1.50000000,0.80000000,80000.00000000,9.81000000,102.00000000,51.00000000,7782.60000000,900.55800000,9.27777778
2211.00000000,33.00000000,0.00000000,0.21110489,128493.63632514,317823.06159608,8650.90543013,828.46666667,21865.88505419,128493.63632514,107528.30927095,14983.80773645,29967.61547291,14983.80773645,7.22222222,1.42857143,1.80000000,7226.70000000,900.55800000,1.50000000,0.80000000,80000.00000000,9.81000000,102.00000000,51.00000000,7226.70000000,900.55800000,8.72222222
2212.00000000,49.00000000,0.00000000,0.21071354,128254.03276629,317383.78840487,8656.66939593,896.46666667,21825.95112772,128254.03276629,107328.63963858,14993.79121807,29987.58243614,14993.79121807,7.88888889,1.57142857,1.80000000,7893.78000000,900.55800000,1.50000000,0.80000000,80000.00000000,9.81000000,102.00000000,51.00000000,7893.78000000,900.55800000,9.38888889
2213.00000000,50.00000000,0.00000000,0.20304189,129265.21071351,319237.61464144,8632.34423509,907.80000000,21994.48078559,129265.21071351,108171.28792793,14951.65880360,29903.31760721,14951.65880360,8.00000000,1.57142857,1.80000000,8004.96000000,900.55800000,1.50000000,0.80000000,80000.00000000,9.81000000,102.00000000,51.00000000,8004.96000000,900.55800000,9.50000000
2214.00000000,34.00000000,0.00000000,0.20239695,129632.80785723,319911.54273826,8623.50122218,839.80000000,22055.74697621,129632.80785723,108477.61888103,14936.34225595,29872.68451190,14936.34225595,7.33333333,1.42857143,1.80000000,7337.88000000,900.55800000,1.50000000,0.80000000,80000.00000000,9.81000000,102.00000000,51.00000000,7337.88000000,900.55800000,8.83333333
2215.00000000,35.00000000,0.00000000,0.19407087,130728.43564815,321920.19368828,8597.14451385,851.13333333,22238.35160803,130728.43564815,109390.64204013,14890.69109799,29781.38219599,14890.69109799,7.44444444,1.42857143,1.80000000,7449.06000000,900.55800000,1.50000000,0.80000000,80000.00000000,9.81000000,102.00000000,51.00000000,7449.06000000,900.55800000,8.94444444
2216.00000000,36.00000000,0.00000000,0.18611729,131782.42275421,323852.50338273,8571.78952470,862.46666667,22414.01612570,131782.42275421,110268.96462851,14846.77496857,29693.54993715,14846.77496857,7.55555556,1.42857143,1.80000000,7560.24000000,900.55800000,1.50000000,0.80000000,80000.00000000,9.81000000,102.00000000,51.00000000,7560.24000000,900.55800000,9.05555556
2217.00000000,37.00000000,0.00000000,0.17852807,132796.56292800,325711.76036800,8547.39310377,873.80000000,22583.03948800,132796.56292800,111114.08144000,14804.51912800,29609.03825600,14804.51912800,7.66666667,1.42857143,1.80000000,7671.42000000,900.55800000,1.50000000,0.80000000,80000.00000000,9.81000000,102.00000000,51.00000000,7671.42000000,900.55800000,9.16666667
2218.00000000,21.00000000,1.00000000,0.17849144,133245.33434852,326534.50797228,8536.59734126,805.80000000,22657.83472475,133245.33434852,111488.05762376,14785.82031881,29571.64063762,14785.82031881,7.00000000,1.28571429,1.80000000,7004.34000000,900.55800000,1.50000000,0.80000000,80000.00000000,9.81000000,102.00000000,51.00000000,7004.34000000,900.55800000,8.50000000
2219.00000000,38.00000000,0.00000000,0.17129627,133772.54835470,327501.06698362,8523.91454341,885.13333333,22745.70372578,133772.54835470,111927.40262892,14763.85306855,29527.70613711,14763.85306855,7.77777778,1.42857143,1.80000000,7782.60000000,900.55800000,1.50000000,0.80000000,80000.00000000,9.81000000,102.00000000,51.00000000,7782.60000000,900.55800000,9.27777778
2220.00000000,22.00000000,0.00000000,0.17033139,134345.01095428,328550.58174951,8510.14323357,817.13333333,22841.11415905,134345.01095428,112404.45479523,14740.00046024,29480.00092048,14740.00046024,7.11111111,1.28571429,1.80000000,7115.52000000,900.55800000,1.50000000,0.80000000,80000.00000000,9.81000000,102.00000000,51.00000000,7115.52000000,900.55800000,8.61111111
2221.00000000,39.00000000,0.00000000,0.16441605,134711.97674058,329223.35235773,8501.31540876,896.46666667,22902.27512343,134711.97674058,112710.25961715,14724.71021914,29449.42043829,14724.71021914,7.88888889,1.42857143,1.80000000,7893.78000000,900.55800000,1.50000000,0.80000000,80000.00000000,9.81000000,102.00000000,51.00000000,7893.78000000,900.55800000,9.38888889
2222.00000000,23.00000000,0.00000000,0.16256359,135401.85931569,330488.13707876,8484.71941333,828.46666667,23017.25555261,135401.85931569,113285.16176307,14695.96511185,29391.93022369,14695.96511185,7.22222222,1.28571429,1.80000000,7226.70000000,900.55800000,1.50000000,0.80000000,80000.00000000,9.81000000,102.00000000,51.00000000,7226.70000000,900.55800000,8.72222222
2223.00000000,40.00000000,0.00000000,0.15788265,135616.35781593,330881.38432920,8479.55938137,907.80000000,23053.00530265,135616.35781593,113463.91051327,14687.02767434,29374.05534867,14687.02767434,8.00000000,1.42857143,1.80000000,8004.96000000,900.55800000,1.50000000,0.80000000,80000.00000000,9.81000000,102.00000000,51.00000000,8004.96000000,900.55800000,9.50000000
2224.00000000,24.00000000,0.00000000,0.15518074,136417.77090095,332350.64165174,8460.28037886,839.80000000,23186.57415016,136417.77090095,114131.75475079,14653.63546246,29307.27092492,14653.63546246,7.33333333,1.28571429,1.80000000,7337.88000000,900.55800000,1.50000000,0.80000000,80000.00000000,9.81000000,102.00000000,51.00000000,7337.88000000,900.55800000,8.83333333
2225.00000000,25.00000000,0.00000000,0.14817701,137394.52741430,334141.36192622,8436.78326903,851.13333333,23349.36690238,137394.52741430,114945.71851192,14612.93727440,29225.87454881,14612.93727440,7.44444444,1.28571429,1.80000000,7449.06000000,900.55800000,1.50000000,0.80000000,80000.00000000,9.81000000,102.00000000,51.00000000,7449.06000000,900.55800000,8.94444444
2226.00000000,26.00000000,0.00000000,0.14154794,138333.80864433,335863.37751461,8414.18767440,862.46666667,23505.91377406,138333.80864433,115728.45287028,14573.80055649,29147.60111297,14573.80055649,7.55555556,1.28571429,1.80000000,7560.24000000,900.55800000,1.50000000,0.80000000,80000.00000000,9.81000000,102.00000000,51.00000000,7560.24000000,900.55800000,9.05555556
2227.00000000,27.00000000,0.00000000,0.13529036,139237.19964834,337519.59435529,8392.45546443,873.80000000,23656.47894139,139237.19964834,116481.27870695,14536.15926465,29072.31852931,14536.15926465,7.66666667,1.28571429,1.80000000,7671.42000000,900.55800000,1.50000000,0.80000000,80000.00000000,9.81000000,102.00000000,51.00000000,7671.42000000,900.55800000,9.16666667
2228.00000000,11.00000000,1.00000000,0.13404105,140135.81372039,339167.05348738,8370.83816958,805.80000000,23806.24795340,140135.81372039,117230.12376699,14498.71701165,28997.43402330,14498.71701165,7.00000000,1.14285714,1.80000000,7004.34000000,900.55800000,1.50000000,0.80000000,80000.00000000,9.81000000,102.00000000,51.00000000,7004.34000000,900.55800000,8.50000000
2229.00000000,28.00000000,0.00000000,0.12940232,140106.19733744,339112.75678530,8371.55062903,885.13333333,23801.31188957,140106.19733744,117205.44344786,14499.95102761,28999.90205521,14499.95102761,7.77777778,1.28571429,1.80000000,7782.60000000,900.55800000,1.50000000,0.80000000,80000.00000000,9.81000000,102.00000000,51.00000000,7782.60000000,900.55800000,9.27777778
2230.00000000,12.00000000,0.00000000,0.12750722,141111.93996472,340956.61826865,8347.35622167,817.13333333,23968.93566079,141111.93996472,118043.56230393,14458.04508480,28916.09016961,14458.04508480,7.11111111,1.14285714,1.80000000,7115.52000000,900.55800000,1.50000000,0.80000000,80000.00000000,9.81000000,102.00000000,51.00000000,7115.52000000,900.55800000,8.61111111
2231.00000000,29.00000000,0.00000000,0.12388293,140942.21651988,340645.45861978,8351.43913319,896.46666667,23940.64841998,140942.21651988,117902.12609990,14465.11689500,28930.23379001,14465.11689500,7.88888889,1.28571429,1.80000000,7893.78000000,900.55800000,1.50000000,0.80000000,80000.00000000,9.81000000,102.00000000,51.00000000,7893.78000000,900.55800000,9.38888889
2232.00000000,13.00000000,0.00000000,0.12138830,142049.66761759,342675.78563225,8324.79800030,828.46666667,24125.22360293,142049.66761759,118825.00201466,14418.97309927,28837.94619853,14418.97309927,7.22222222,1.14285714,1.80000000,7226.70000000,900.55800000,1.50000000,0.80000000,80000.00000000,9.81000000,102.00000000,51.00000000,7226.70000000,900.55800000,8.72222222
2233.00000000,30.00000000,0.00000000,0.11873219,141746.59545391,342120.15333217,8332.08878344,907.80000000,24074.71157565,141746.59545391,118572.44187826,14431.60110609,28863.20221217,14431.60110609,8.00000000,1.28571429,1.80000000,8004.96000000,900.55800000,1.50000000,0.80000000,80000.00000000,9.81000000,102.00000000,51.00000000,8004.96000000,900.55800000,9.50000000
2234.00000000,14.00000000,0.00000000,0.11568340,142950.66101424,344327.60685944,8303.12346780,839.80000000,24275.38916904,142950.66101424,119575.82984520,14381.43170774,28762.86341548,14381.43170774,7.33333333,1.14285714,1.80000000,7337.88000000,900.55800000,1.50000000,0.80000000,80000.00000000,9.81000000,102.00000000,51.00000000,7337.88000000,900.55800000,8.83333333
2235.00000000,15.00000000,0.00000000,0.11039275,143816.48967528,345914.95940468,8282.29486736,851.13333333,24419.69394588,143816.48967528,120297.35372940,14345.35551353,28690.71102706,14345.35551353,7.44444444,1.14285714,1.80000000,7449.06000000,900.55800000,1.50000000,0.80000000,80000.00000000,9.81000000,102.00000000,51.00000000,7449.06000000,900.55800000,8.94444444
2236.00000000,16.00000000,0.00000000,0.10551739,144648.63496369,347440.55910010,8262.27656293,862.46666667,24558.38482728,144648.63496369,120990.80813641,14310.68279318,28621.36558636,14310.68279318,7.55555556,1.14285714,1.80000000,7560.24000000,900.55800000,1.50000000,0.80000000,80000.00000000,9.81000000,102.00000000,51.00000000,7560.24000000,900.55800000,9.05555556
2237.00000000,1.00000000,1.00000000,0.10122043,146763.79864000,351318.35917333,8211.39363302,805.80000000,24910.91210667,146763.79864000,122753.44453333,14222.55097333,28445.10194667,14222.55097333,7.00000000,1.00000000,1.80000000,7004.34000000,900.55800000,1.50000000,0.80000000,80000.00000000,9.81000000,102.00000000,51.00000000,7004.34000000,900.55800000,8.50000000
2238.00000000,17.00000000,0.00000000,0.10105870,145448.49618872,348906.97134599,8243.03489236,873.80000000,24691.69503145,145448.49618872,121657.35915727,14277.35524214,28554.71048427,14277.35524214,7.66666667,1.14285714,1.80000000,7671.42000000,900.55800000,1.50000000,0.80000000,80000.00000000,9.81000000,102.00000000,51.00000000,7671.42000000,900.55800000,9.16666667
2239.00000000,18.00000000,0.00000000,0.09701797,146217.39620956,350316.62138420,8224.53803261,885.13333333,24819.84503493,146217.39620956,122298.10917463,14245.31774127,28490.63548254,14245.31774127,7.77777778,1.14285714,1.80000000,7782.60000000,900.55800000,1.50000000,0.80000000,80000.00000000,9.81000000,102.00000000,51.00000000,7782.60000000,900.55800000,9.27777778
2240.00000000,2.00000000,1.00000000,0.09699974,147624.84452847,352896.94330219,8190.68008821,817.13333333,25054.41975474,147624.84452847,123470.98277372,14186.67406131,28373.34812263,14186.67406131,7.11111111,1.00000000,1.80000000,7115.52000000,900.55800000,1.50000000,0.80000000,80000.00000000,9.81000000,102.00000000,51.00000000,7115.52000000,900.55800000,8.61111111
2241.00000000,19.00000000,0.00000000,0.09339576,146956.58658595,351671.80374091,8206.75587583,896.46666667,24943.04343099,146956.58658595,122914.10115496,14214.51814225,28429.03628450,14214.51814225,7.88888889,1.14285714,1.80000000,7893.78000000,900.55800000,1.50000000,0.80000000,80000.00000000,9.81000000,102.00000000,51.00000000,7893.78000000,900.55800000,9.38888889
2242.00000000,3.00000000,1.00000000,0.09325301,148451.51384460,354412.50371511,8170.79351520,828.46666667,25192.19797410,148451.51384460,124159.87387050,14152.22950647,28304.45901295,14152.22950647,7.22222222,1.00000000,1.80000000,7226.70000000,900.55800000,1.50000000,0.80000000,80000.00000000,9.81000000,102.00000000,51.00000000,7226.70000000,900.55800000,8.72222222
2243.00000000,20.00000000,0.00000000,0.09019127,147667.25231795,352974.69091624,8189.65991534,907.80000000,25061.48771966,147667.25231795,123506.32259829,14184.90707009,28369.81414017,14184.90707009,8.00000000,1.14285714,1.80000000,8004.96000000,900.55800000,1.50000000,0.80000000,80000.00000000,9.81000000,102.00000000,51.00000000,8004.96000000,900.55800000,9.50000000
2244.00000000,4.00000000,1.00000000,0.08997553,149245.26942128,355867.72227234,8151.69872370,839.80000000,25324.49057021,149245.26942128,124821.33685106,14119.15635745,28238.31271489,14119.15635745,7.33333333,1.00000000,1.80000000,7337.88000000,900.55800000,1.50000000,0.80000000,80000.00000000,9.81000000,102.00000000,51.00000000,7337.88000000,900.55800000,8.83333333
2245.00000000,5.00000000,1.00000000,0.08715977,150007.49225455,357265.13080000,8133.36249212,851.13333333,25451.52770909,150007.49225455,125456.52254545,14087.39707273,28174.79414545,14087.39707273,7.44444444,1.00000000,1.80000000,7449.06000000,900.55800000,1.50000000,0.80000000,80000.00000000,9.81000000,102.00000000,51.00000000,7449.06000000,900.55800000,8.94444444
2246.00000000,6.00000000,1.00000000,0.08479478,150739.48714759,358607.12143724,8115.75343176,862.46666667,25573.52685793,150739.48714759,126066.51828966,14056.89728552,28113.79457103,14056.89728552,7.55555556,1.00000000,1.80000000,7560.24000000,900.55800000,1.50000000,0.80000000,80000.00000000,9.81000000,102.00000000,51.00000000,7560.24000000,900.55800000,9.05555556
2247.00000000,7.00000000,1.00000000,0.08286571,151442.48789388,359895.95613878,8098.84186218,873.80000000,25690.69364898,151442.48789388,126652.35224490,14027.60558776,28055.21117551,14027.60558776,7.66666667,1.00000000,1.80000000,7671.42000000,900.55800000,1.50000000,0.80000000,80000.00000000,9.81000000,102.00000000,51.00000000,7671.42000000,900.55800000,9.16666667
2248.00000000,8.00000000,1.00000000,0.08135368,152117.66204295,361133.77541208,8082.59969648,885.13333333,25803.22267383,152117.66204295,127214.99736913,13999.47333154,27998.94666309,13999.47333154,7.77777778,1.00000000,1.80000000,7782.60000000,900.55800000,1.50000000,0.80000000,80000.00000000,9.81000000,102.00000000,51.00000000,7782.60000000,900.55800000,9.27777778
2249.00000000,9.00000000,1.00000000,0.08023593,152766.11528742,362322.60636027,8067.00033584,896.46666667,25911.29821457,152766.11528742,127755.37507285,13972.45444636,27944.90889272,13972.45444636,7.88888889,1.00000000,1.80000000,7893.78000000,900.55800000,1.50000000,0.80000000,80000.00000000,9.81000000,102.00000000,51.00000000,7893.78000000,900.55800000,9.38888889
2250.00000000,10.00000000,1.00000000,0.07948630,153388.89550588,363464.37009412,8052.01857223,907.80000000,26015.09491765,153388.89550588,128274.35858824,13946.50527059,27893.01054118,13946.50527059,8.00000000,1.00000000,1.80000000,8004.96000000,900.55800000,1.50000000,0.80000000,80000.00000000,9.81000000,102.00000000,51.00000000,8004.96000000,900.55800000,9.50000000
